[    10.655] grc IPC interceptor: off
[    10.674] applet-mitm M97: up (grc IPC interceptor off)
[    10.852] sftap: stream on at boot
[    10.895] ARMED FLAGS: vic=1 exec=1 dbg=1 dump=0 usb=1 bench=0 nvenc=0 jpg=0 sweep=0 mtx=0 stream=0 grc=0 grcscan=0 clk=0 jpgdec=0 nvgrc=0 csc=0 nvframe=0(120) nvstream=1(3600, qp 20, gop 60) nvp=0(30) live=1 nv1080=0(120) wait=20
[    10.902] arm file (sdmc:/applet-mitm.armed): vic=ARMED exec=PhaseB-full-blit
[    10.907] ---- physical memory pools (svcGetSystemInfo) ----
[    10.912]    pool 0 Application  total= 3363840 KB  used=       0 KB  free=  3363840 KB   rc=0/0
[    10.917]    pool 1 Applet       total=  512000 KB  used=    3472 KB  free=   508528 KB   rc=0/0
[    10.927]    pool 2 System       total=  237728 KB  used=  222644 KB  free=    15084 KB   rc=0/0
[    10.935]    pool 3 SystemUnsafe total=   45184 KB  used=   43180 KB  free=     2004 KB   rc=0/0
[    10.958]    THIS PROCESS (pool_partition 1 = Applet, at boot): total=511936 KB used=3408 KB free=508528 KB
[    10.984]    for scale: one 1080p frame = 7913 KB, one block-row strip = 960 KB
[    11.004] ---- USB device enumeration (usb:ds) ----
[    11.023]    usbDsInitialize rc=0x0 
[    11.030]    string descriptors rc=0x0
[    11.039]    device descriptors (Full+High+Super) rc=0x0
[    11.045]    usbDsSetBinaryObjectStore rc=0x0
[    11.068]    usbDsRegisterInterface rc=0x0
[    11.076]    configuration descriptors (Full+High+Super) rc=0x0
[    11.081]    endpoints IN=0x81 OUT=0x01 rc=0x0
[    11.084]    EnableInterface rc=0x0
[    11.195]    usbDsEnable rc=0x0
[    11.715]    usb state high-water = 5 (Configured)
[    11.724]    *** NEGOTIATED SPEED = 3 (High(480Mbps)) *** rc=0x0
[    11.727]    not SuperSpeed - check the CABLE is USB 3.0, and that the PC port is blue/SS
[    11.731]    *** HOST CONFIGURED US - we own the bus, expect 1209:5f1e in lsusb ***
[    11.735] probe fires at t=20 s; frame dump to SD: off
[    11.739] debug-capture route: ARMED   pmdmntInitialize rc=0x0
[    11.759] -> main:heartbeat_started
[    11.765] sftap: control service rc=0x0
[    11.771] VIC worker started (execute=PhaseB-full-blit)
[    11.775] registered mitm server for vi:u
[    11.853] -> main:LoopProcess
[    14.768] -> hb:1 sess=0 getdisp=0 relay=0 txn=0 vic=waiting
[    17.791] -> hb:2 sess=0 getdisp=0 relay=0 txn=0 vic=waiting
[    21.036] -> hb:3 sess=0 getdisp=0 relay=0 txn=0 vic=waiting
[    24.077] -> hb:4 sess=0 getdisp=0 relay=0 txn=0 vic=waiting
[    27.106] -> hb:5 sess=0 getdisp=0 relay=0 txn=0 vic=waiting
[    30.130] -> hb:6 sess=0 getdisp=0 relay=0 txn=0 vic=waiting
[    33.160] -> hb:7 sess=0 getdisp=0 relay=0 txn=0 vic=waiting
[    36.193] -> hb:8 sess=0 getdisp=0 relay=0 txn=0 vic=waiting
[    39.219] -> hb:9 sess=0 getdisp=0 relay=0 txn=0 vic=waiting
[    42.250] -> hb:10 sess=0 getdisp=0 relay=0 txn=0 vic=waiting
[    45.132] OnNeedsToAccept port=0 program=0100152000022000
[    45.143]   AcceptMitmImpl rc=0x0
[    45.165] -> GetDisplayService:enter
[    45.169]    program=0100152000022000 mode=0
[    45.189] -> GetDisplayService:done
[    45.210] -> GetRelayService:enter
[    45.245] -> GetRelayService:wrapped
[    45.283] -> indirect:probe
[    45.287] -> hb:11 sess=1 getdisp=1 relay=1 txn=0 vic=waiting
[    45.292]    2460 RequiredMemoryInfo(1280x720) rc=0x0 -> size=3801088 align=4096
[    45.296]    102 GetManagerDisplayService rc=0xa72 -> denied on a vi:u session
[    45.578] -> indirect:probe_done
[    45.601] -> OpenDisplay:enter
[    45.608]    OpenDisplay "Default" -> display_id=17
[    45.680] *** binder txn #1  program=0100152000022000  session=20  code=10(connect) x1  flags=0x0  in=108 out=4096
[    45.706] -> binder:first_txn
[    45.723] *** binder txn #2  program=0100152000022000  session=20  code=9(query) x1  flags=0x0  in=100 out=4096
[    45.728] *** binder txn #3  program=0100152000022000  session=20  code=14(setPreallocatedBuffer) x1  flags=0x0  in=476 out=4096
[    45.748] -> binder:parse_preallocated
[    45.753] === setPreallocatedBuffer#1 slot 0 NvGraphicBuffer ===
[    45.757]     nvmap_id=1300  stride=1920 px  total_size=8847360 B  num_planes=1  usage=0xb00  format=0x1
[    45.762]     plane[0] 1920x1080  pitch=7680 B  offset=0x0  size=8847360 B
[    45.766]              fmt=0x100532120(A8B8G8R8)  layout=3(BlockLinear)  kind=0xfe(Generic_16BX2)  block_h_log2=4  scan=0(Progressive)
[    45.770]    captured slot 0: nvmap=1300 1920x1080 stride_px=1920 blk_h_log2=4 off=0x0 pixfmt=33 (slots=1)
[    45.775] *** binder txn #4  program=0100152000022000  session=20  code=14(setPreallocatedBuffer) x2  flags=0x0  in=476 out=4096
[    45.796] -> binder:parse_preallocated
[    45.801] === setPreallocatedBuffer#2 slot 1 NvGraphicBuffer ===
[    45.807]     nvmap_id=1300  stride=1920 px  total_size=8847360 B  num_planes=1  usage=0xb00  format=0x1
[    45.811]     plane[0] 1920x1080  pitch=7680 B  offset=0x870000  size=8847360 B
[    45.814]              fmt=0x100532120(A8B8G8R8)  layout=3(BlockLinear)  kind=0xfe(Generic_16BX2)  block_h_log2=4  scan=0(Progressive)
[    45.818]    captured slot 1: nvmap=1300 1920x1080 stride_px=1920 blk_h_log2=4 off=0x870000 pixfmt=33 (slots=2)
[    45.827] *** binder txn #5  program=0100152000022000  session=20  code=14(setPreallocatedBuffer) x3  flags=0x0  in=476 out=4096
[    45.879] -> binder:parse_preallocated
[    45.893] === setPreallocatedBuffer#3 slot 2 NvGraphicBuffer ===
[    45.896]     nvmap_id=1300  stride=1920 px  total_size=8847360 B  num_planes=1  usage=0xb00  format=0x1
[    45.900]     plane[0] 1920x1080  pitch=7680 B  offset=0x10e0000  size=8847360 B
[    45.906]              fmt=0x100532120(A8B8G8R8)  layout=3(BlockLinear)  kind=0xfe(Generic_16BX2)  block_h_log2=4  scan=0(Progressive)
[    45.910]    captured slot 2: nvmap=1300 1920x1080 stride_px=1920 blk_h_log2=4 off=0x10e0000 pixfmt=33 (slots=3)
[    45.914] *** binder txn #6  program=0100152000022000  session=20  code=3(dequeueBuffer) x1  flags=0x0  in=116 out=4096
[    45.918] *** binder txn #7  program=0100152000022000  session=20  code=1(requestBuffer) x1  flags=0x0  in=100 out=4096
[    48.378] -> hb:12 sess=1 getdisp=1 relay=1 txn=7 vic=waiting
[    51.256] *** binder txn #8  program=0100152000022000  session=20  code=7(queueBuffer) x1  flags=0x0  in=192 out=4096
[    51.368] -> binder:vic_blit_requested
[    51.529]    queueBuffer txn#8 parcel=192 slot=0 -> handed to VIC worker
[    51.580] -> hb:13 sess=1 getdisp=1 relay=1 txn=8 vic=waiting
[    51.613] *** binder txn #9  program=0100152000022000  session=20  code=3(dequeueBuffer) x2  flags=0x0  in=116 out=4096
[    51.631] *** binder txn #10  program=0100152000022000  session=20  code=1(requestBuffer) x2  flags=0x0  in=100 out=4096
[    51.770] *** binder txn #11  program=0100152000022000  session=20  code=7(queueBuffer) x2  flags=0x0  in=192 out=4096
[    51.809] -> vb:0_heap
[    51.841] *** binder txn #12  program=0100152000022000  session=20  code=3(dequeueBuffer) x3  flags=0x0  in=116 out=4096
[    51.887]    [probe, BEFORE heap grab] process total=412972 KB used=3408 KB free=409564 KB
[    51.911] *** binder txn #13  program=0100152000022000  session=20  code=1(requestBuffer) x3  flags=0x0  in=100 out=4096
[    51.951]    [before heap grab] pool 0 Application  used= 3313496 KB  free=    50344 KB
[    51.969] *** binder txn #14  program=0100152000022000  session=20  code=7(queueBuffer) x3  flags=0x0  in=192 out=4096
[    51.974]    [before heap grab] pool 1 Applet       used=  102436 KB  free=   409564 KB
[    51.980]    [before heap grab] pool 2 System       used=  230724 KB  free=     7004 KB
[    51.985]    [before heap grab] pool 3 SystemUnsafe used=   43180 KB  free=     2004 KB
[    52.007]    SetMemoryHeapSize(40 MB) rc=0x0
[    52.026]    [after heap grab] pool 0 Application  used= 3313496 KB  free=    50344 KB
[    52.035]    [after heap grab] pool 1 Applet       used=  143384 KB  free=   368616 KB
[    52.041]    [after heap grab] pool 2 System       used=  230724 KB  free=     7004 KB
[    52.045]    [after heap grab] pool 3 SystemUnsafe used=   43180 KB  free=     2004 KB
[    52.049]    [probe, AFTER heap grab] total=412984 KB used=44368 KB free=368616 KB | sysresource 0/0 KB
[    52.053]    one 1080p frame is 7913 KB; heap granted 40960 KB; NVENC must fit in what is left
[    52.067]    VIC heap 40 MB at 0x5476c00000 (capture buffer 37504 KB on heap): cfg=0x5476c00000 cmd=0x5476c04000 dst=0x5476c10000 src=0x5476f50000
[    52.075]    capture region 37504 KB vs one 1080p frame 8100 KB -> FITS
[    52.080]    stage buf at +8640 KB; full-frame capture clear of staging
[    52.162] -> vb:1_smGetService
[    52.208]    using nvdrv:t rc=0x0
[    52.290] -> vb:2_tmem
[    52.319] -> vb:3_Initialize
[    52.330]    Initialize rc=0x0
[    52.368]    live mode: our own nvdrv identity (no game aruid, no FROM_ID)
[    52.435] -> vb:4_open_nvmap
[    52.448]    /dev/nvmap rc=0x0 fd=23396352 nverr=0
[    52.462]    perm probe: /dev/nvhost-gpu rc=0x0 nverr=0 -> OPEN (bit0 set: full mask)
[    52.537] -> vb:4b_node_survey
[    52.562]    node /dev/nvhost-display    OPEN (rc=0x0 nverr=0)
[    52.601]    node /dev/nvdisp-ctrl       OPEN (rc=0x0 nverr=0)
[    52.627]    node /dev/nvdisp-disp0      OPEN (rc=0x0 nverr=0)
[    52.667]    node /dev/nvdisp-disp1      OPEN (rc=0x0 nverr=0)
[    52.678]    node /dev/nvdcutil-disp0    OPEN (rc=0x0 nverr=0)
[    52.716]    node /dev/nvcec-ctrl        OPEN (rc=0x0 nverr=0)
[    52.733]    node /dev/nvhost-as-gpu     OPEN (rc=0x0 nverr=0)
[    52.745]    node /dev/nvhost-ctrl-gpu   OPEN (rc=0x0 nverr=0)
[    52.761]    node /dev/nvhost-msenc      OPEN (rc=0x0 nverr=0)
[    52.779]    node /dev/nvhost-nvdec      OPEN (rc=0x0 nverr=0)
[    52.795]    node /dev/nvhost-tsec       denied (rc=0x0 nverr=196611)
[    52.816]    node /dev/nvhost-nvjpg      OPEN (rc=0x0 nverr=0)
[    52.870] -> vb:5_FROM_ID
[    52.931] -> vb:6_alloc_bufs
[    52.950]    SetMemoryAttribute(0x5476c00000, 0x4000, uncached) rc=0x0
[    52.958]    nvmapOwn ok handle=3444 id=3444 kind=0 size=0x4000
[    52.963]    SetMemoryAttribute(0x5476c04000, 0x1000, uncached) rc=0x0
[    52.981]    nvmapOwn ok handle=3448 id=3448 kind=0 size=0x1000
[    52.986]    SetMemoryAttribute(0x5476c10000, 0x340000, uncached) rc=0x0
[    53.003]    nvmapOwn ok handle=3452 id=3452 kind=0 size=0x340000
[    53.010]    SetMemoryAttribute(0x5476f50000, 0x10000, uncached) rc=0x0
[    53.018]    nvmapOwn ok handle=3456 id=3456 kind=0 size=0x10000
[    53.075] -> vb:7_open_vic
[    53.082]    /dev/nvhost-vic rc=0x0 fd=23396353 nverr=0
[    53.098]    GET_SYNCPOINT rc=0x0 nverr=0 -> syncpt=12
[    53.131] -> vb:8_set_nvmap_fd
[    53.158]    SET_NVMAP_FD(23396352) rc=0x0 nverr=0
[    53.165]    SET_SUBMIT_TIMEOUT rc=0x0 nverr=0
[    53.198] -> vb:8a_map_cfg
[    53.213]    MAP_CMD_BUFFER(cfg handle=3444 compr=0 req=0xc0140009) rc=0x0 nverr=0 -> phys=0x1960000
[    53.251] -> vb:8b_map_dst
[    53.270]    MAP_CMD_BUFFER(dst handle=3452 compr=0 req=0xc0140009) rc=0x0 nverr=0 -> phys=0x1980000
[    53.310] -> vb:8c_map_src
[    53.351] -> vb:8d_map_self
[    53.358]    MAP_CMD_BUFFER(src(ours) handle=3456 compr=0 req=0xc0140009) rc=0x0 nverr=0 -> phys=0x1cc0000
[    53.362]    pinned: cfg=0x1960000 dst=0x1980000 self=0x1cc0000 game_src=0x0 (+slot off 0x0)
[    53.369]    self-src pattern: row0[0..8]=ff 00 00 11 ff 04 00 11
[    53.416] -> vb:job_fill
[    53.428]    [vb:job_fill] setcl=1 words=18 cmd[0..3]=00001740 10100002 00000080 00000001
[    53.432]    [vb:job_fill] req=0xc0340001 sz=52 nr=0 rc=0x0 nverr=0 -> fence=552
[    53.445]    [vb:job_fill] resolved addrs: cfg=0x00019600 dst=0x00019800 src=0x00000000 (<<8: 0x1960000 0x1980000 0x0)
[    53.462]    [vb:job_fill] WAIT nverr=0  syncpt=554 (want >= 552)  OP_DONE fired
[    53.481]    [vb:job_fill] dst sum32=11022336 changed=16384/65536  *** ENGINE WROTE OUR MEMORY ***
[    53.497]    [vb:job_fill] dst[0..32]: ff c0 80 40 ff c0 80 40 ff c0 80 40 ff c0 80 40 ff c0 80 40 ff c0 80 40 ff c0 80 40 ff c0 80 40 
[    53.511]    [vb:job_fill] row 32: ff c0 80 40 ff c0 80 40
[    53.547] -> vb:job_blit_self
[    53.558]    [vb:job_blit_self] setcl=1 words=21 cmd[0..3]=00001740 10100002 00000080 00000001
[    53.579]    [vb:job_blit_self] req=0xc0340001 sz=52 nr=0 rc=0x0 nverr=0 -> fence=561
[    53.593]    [vb:job_blit_self] resolved addrs: cfg=0x00019600 dst=0x00019800 src=0x0001cc00 (<<8: 0x1960000 0x1980000 0x1cc0000)
[    53.611]    [vb:job_blit_self] WAIT nverr=0  syncpt=563 (want >= 561)  OP_DONE fired
[    53.627]    [vb:job_blit_self] dst sum32=10551296 changed=16384/65536  *** ENGINE WROTE OUR MEMORY ***
[    53.653]    [vb:job_blit_self] dst[0..32]: ff 00 00 11 ff 04 00 11 ff 08 00 11 ff 0c 00 11 ff 10 00 11 ff 14 00 11 ff 18 00 11 ff 1c 00 11 
[    53.661]    [vb:job_blit_self] row 32: ff 00 80 11 ff 04 80 11
[    53.678]    game blit still not possible: handle pins to phys=0
[    53.726] -> vb:game_blit_SKIPPED
[    53.753] -> vb:ALL_JOBS_DONE
[    53.776]    ==== LIVE MODE (M86): streaming whenever a viewer is reading and a game is running ====
[    53.996]    live[1]: attached to pid 143; 1920x1080, 3 slot(s); swapchain (26542080 B) at 0x1ece7e6000; game held 754 us; 34 attach events, continue rc=0x0
[    54.002]    debug pump: running on core 3; helpers on cores 0/1/2: yes/yes/yes
[    54.035] -> ns:1
[    54.048]    ---- LIVE H.264 STREAM (M86): until the viewer or the game goes, an IDR every 60, QP 20 ----
[    54.058]    nvstream: game swapchain 1920x1080 stride 1920 px, block height 2^4, 3 slot(s) of 8847360 B, format 0x100532120
[    54.077]    nvstream: content 1280x720 (handheld) (140 samples outside the top-left 1280x720 all zero) -> the VIC converts the corner 1:1; later frames read only its 3.9 MB
[    54.083]    nvstream: encoding 1280x720 (the handheld picture, 1:1)
[    54.092]    nvmapOwn(0x5476f60000, 0x870000) kept CACHEABLE - caller must flush before submit
[    54.100]    nvmapOwn ok handle=3840 id=3840 kind=0 size=0x870000
[    54.114]    MAP_CMD_BUFFER(nvf-slot handle=3840 compr=0 req=0xc0140009) rc=0x0 nverr=0 -> phys=0x1d00000
[    54.126]    nvmapOwn(0x5477e30000, 0x6c5000) kept CACHEABLE - caller must flush before submit
[    54.131]    nvmapOwn ok handle=3884 id=3884 kind=0 size=0x6c5000
[    54.145]    MAP_CMD_BUFFER(nvf-arena(vic) handle=3884 compr=0 req=0xc0140009) rc=0x0 nverr=0 -> phys=0x2580000
[    54.158]    MAP_CMD_BUFFER(nvf-arena(enc) handle=3884 compr=0 req=0xc0140009) rc=0x0 nverr=0 -> phys=0x2580000
[    54.180]    nvstream: arena 6932 KB at +15168 KB; VIC sees it at 0x2580000, NVENC at 0x2580000 (syncpt 14); picture 0x27b0000/0x2891000, bits 0x2590000
[    54.211]    clk(nvstream): smGetService(mm:u) rc=0x0
[    54.218]    clk: mm id 5 (libnx: NVENC, nvtegra: NVDEC) req=1  get=0 Hz (rc=0x0)  SetAndWait(max) rc=0x0  -> get=979200000 Hz (rc=0x0)
[    54.227]    clk: mm id 6 (libnx: NVDEC) req=2  get=979200000 Hz (rc=0x0)  SetAndWait(max) rc=0x0  -> get=979200000 Hz (rc=0x0)
[    54.279]    clk: mm id 7 (NVJPG) req=3  get=0 Hz (rc=0x0)  SetAndWait(max) rc=0x0  -> get=652800000 Hz (rc=0x0)
[    54.286]    clk-ensure(nvstream) #1 re-set max     : 2 request(s), SetAndWait rc=0x0 -> clkrst NVENC=979200000 Hz
[    54.667] -> hb:14 sess=1 getdisp=1 relay=1 txn=333 vic=ns:vic
[    56.855] *** binder txn #600  program=0100152000022000  session=20  code=7(queueBuffer) x296  flags=0x0  in=192 out=4096
[    57.710] -> hb:15 sess=1 getdisp=1 relay=1 txn=699 vic=ns:vic
[    60.757] -> hb:16 sess=1 getdisp=1 relay=1 txn=1063 vic=ns:vic
[    61.858] *** binder txn #1200  program=0100152000022000  session=20  code=7(queueBuffer) x596  flags=0x0  in=192 out=4096
[    63.812] -> hb:17 sess=1 getdisp=1 relay=1 txn=1431 vic=ns:vic
[    66.848] -> hb:18 sess=1 getdisp=1 relay=1 txn=1795 vic=ns:vic
[    66.863] *** binder txn #1800  program=0100152000022000  session=20  code=7(queueBuffer) x896  flags=0x0  in=192 out=4096
[    69.914] -> hb:19 sess=1 getdisp=1 relay=1 txn=2160 vic=ns:vic
[    71.995] *** binder txn #2400  program=0100152000022000  session=20  code=7(queueBuffer) x1196  flags=0x0  in=192 out=4096
[    72.963] -> hb:20 sess=1 getdisp=1 relay=1 txn=2491 vic=ns:vic
[    73.213]    nvstream: stopped: the game switched to a 1080p picture
[    73.230]    nvstream: 1080 frames sent in 18909 ms -> 57.1 fps (game presented 58.8 fps, 35 presents skipped), 0 encodes with errors
[    73.248]    nvstream: per frame avg us: read+flush 4680  VIC 1299  NVENC 2300  copy 24  usb 1591; worst work 97993 us
[    73.263]    nvstream: avg 15430 B/frame (max 245376) -> 7 Mbps at the achieved rate; 18 IDR avg 199052 B, 1062 P avg 12318 B; clock re-ensured 0 time(s)
[    73.281]    nvstream: console latency, the game's present -> header sent: avg 17823 us, max 87006 us
[    73.295]    nvstream: present fences: 1081 waited, avg 2877 us, max 25828 us, 0 timed out (30 ms), 0 presents without a readable fence
[    73.303]    nvstream: presents taken (M96): 392 already drawn, 689 waited for (the oldest not yet drawn), 0 by the old latest-present rule
[    73.314]    nvstream: per-stage max us: read 80737  VIC 27950  NVENC 24998  USB wait 11001  copy 4648; 1 frame(s) over 50 ms of work; 0 USB wait(s) over 500 ms (IDR forced after each)
[    73.328]    nvstream: STALL at frame 683 (+11716 ms): read 80737 us, VIC 746 us, NVENC 1923 us, waiting for the previous USB transfer 112 us, copy 7 us
[    73.351]    nvstream: debug events 10 (+10 threads, -0 threads, 0 other) in 10 wakes; continued 10 (cores 0-3: 7/1/2/0), busy 0, failed 0 (last rc 0x0); longest hold 3700 us
[    73.366]    nvstream: ended to restart at the game's new picture size
[    73.413] -> ns:stopped
[    73.451]    live[1]: session ended - the picture size changed - restarting at the new size; detached
[    73.681]    live[2]: attached to pid 143; 1920x1080, 3 slot(s); swapchain (26542080 B) at 0x1ece7e6000; game held 2885 us; 44 attach events, continue rc=0x0
[    73.713] -> ns:1
[    73.718]    ---- LIVE H.264 STREAM (M86): until the viewer or the game goes, an IDR every 60, QP 20 ----
[    73.730]    nvstream: game swapchain 1920x1080 stride 1920 px, block height 2^4, 3 slot(s) of 8847360 B, format 0x100532120
[    73.751]    nvstream: content 1920x1080 (docked) (140 samples outside the top-left 1280x720 not all zero) -> the VIC scales it to 1280x720
[    73.766]    nvstream: encoding 1920x1080 (native 1080p: 1920x1088 coded, SPS-cropped); pipelined: the next frame is read while this one encodes
[    73.782]    nvmapOwn(0x5476f60000, 0x870000) kept CACHEABLE - caller must flush before submit
[    73.794]    nvmapOwn ok handle=5292 id=5292 kind=0 size=0x870000
[    73.802]    MAP_CMD_BUFFER(nvf-slot handle=5292 compr=0 req=0xc0140009) rc=0x0 nverr=0 -> phys=0x2c60000
[    73.830]    nvmapOwn(0x5477e30000, 0x10b0000) kept CACHEABLE - caller must flush before submit
[    73.834]    nvmapOwn ok handle=5296 id=5296 kind=0 size=0x10b0000
[    73.850]    MAP_CMD_BUFFER(nvf-arena(vic) handle=5296 compr=0 req=0xc0140009) rc=0x0 nverr=0 -> phys=0x34e0000
[    73.863]    MAP_CMD_BUFFER(nvf-arena(enc) handle=5296 compr=0 req=0xc0140009) rc=0x0 nverr=0 -> phys=0x34e0000
[    73.869]    nvstream: arena 17088 KB at +15168 KB; VIC sees it at 0x34e0000, NVENC at 0x34e0000 (syncpt 14); picture 0x3895000/0x3a93000, bits 0x3510000
[    73.881]    clk-ensure(nvstream) #1 re-set max     : 2 request(s), SetAndWait rc=0x0 -> clkrst NVENC=979200000 Hz
[    76.013] -> hb:21 sess=1 getdisp=1 relay=1 txn=2788 vic=ns:vic
[    78.196] *** binder txn #3000  program=0100152000022000  session=20  code=7(queueBuffer) x1496  flags=0x0  in=192 out=4096
[    79.067] -> hb:22 sess=1 getdisp=1 relay=1 txn=3081 vic=ns:vic
[    82.110] -> hb:23 sess=1 getdisp=1 relay=1 txn=3377 vic=ns:vic
[    84.436] *** binder txn #3600  program=0100152000022000  session=20  code=7(queueBuffer) x1796  flags=0x0  in=192 out=4096
[    85.151] -> hb:24 sess=1 getdisp=1 relay=1 txn=3665 vic=ns:vic
[    86.661] sftap: stream turned OFF from the overlay
[    86.679]    nvstream: stopped: turned off from the overlay
[    86.684]    nvstream: 453 frames sent in 12731 ms -> 35.5 fps (game presented 47.9 fps, 158 presents skipped), 0 encodes with errors
[    86.699]    nvstream: per frame avg us: read+flush 17457  VIC 5704  NVENC 98  copy 41  usb 1700; worst work 89483 us
[    86.715]    nvstream: avg 37368 B/frame (max 377677) -> 10 Mbps at the achieved rate; 8 IDR avg 348661 B, 445 P avg 31771 B; clock re-ensured 0 time(s)
[    86.732]    nvstream: console latency, the game's present -> header sent: avg 74167 us, max 185277 us
[    86.736]    nvstream: present fences: 454 waited, avg 1458 us, max 20671 us, 0 timed out (30 ms), 0 presents without a readable fence
[    86.750]    nvstream: presents taken (M96): 343 already drawn, 111 waited for (the oldest not yet drawn), 0 by the old latest-present rule
[    86.763]    nvstream: per-stage max us: read 80793  VIC 39507  NVENC 16281  USB wait 8923  copy 1947; 13 frame(s) over 50 ms of work; 0 USB wait(s) over 500 ms (IDR forced after each)
[    86.769]    nvstream: STALL at frame 14 (+471 ms): read 24983 us, VIC 18900 us, NVENC 20 us, waiting for the previous USB transfer 87 us, copy 9 us
[    86.783]    nvstream: STALL at frame 40 (+1298 ms): read 34097 us, VIC 15845 us, NVENC 22 us, waiting for the previous USB transfer 75 us, copy 6 us
[    86.799]    nvstream: STALL at frame 63 (+2038 ms): read 34104 us, VIC 11784 us, NVENC 22 us, waiting for the previous USB transfer 55 us, copy 4 us
[    86.817]    nvstream: STALL at frame 69 (+2239 ms): read 31778 us, VIC 11314 us, NVENC 21 us, waiting for the previous USB transfer 8923 us, copy 6 us
[    86.832]    nvstream: STALL at frame 162 (+5100 ms): read 50548 us, VIC 1751 us, NVENC 20 us, waiting for the previous USB transfer 78 us, copy 9 us
[    86.837]    nvstream: STALL at frame 176 (+5565 ms): read 49761 us, VIC 13042 us, NVENC 670 us, waiting for the previous USB transfer 52 us, copy 5 us
[    86.853]    nvstream: STALL at frame 178 (+5677 ms): read 34232 us, VIC 39507 us, NVENC 2542 us, waiting for the previous USB transfer 65 us, copy 4 us
[    86.863]    nvstream: STALL at frame 181 (+5832 ms): read 49448 us, VIC 1021 us, NVENC 24 us, waiting for the previous USB transfer 51 us, copy 7 us
[    86.868]    nvstream: debug events 0 (+0 threads, -0 threads, 0 other) in 0 wakes; continued 0 (cores 0-3: 0/0/0/0), busy 0, failed 0 (last rc 0x0); longest hold 0 us
[    86.917] -> ns:stopped
[    86.953]    live[2]: session ended - turned off from the overlay; detached
[    86.969]    live: turned off (overlay)
[    87.031] -> live:off
[    88.178] -> hb:25 sess=1 getdisp=1 relay=1 txn=3963 vic=live:off
[    90.490] *** binder txn #4200  program=0100152000022000  session=20  code=7(queueBuffer) x2096  flags=0x0  in=192 out=4096
[    91.207] -> hb:26 sess=1 getdisp=1 relay=1 txn=4271 vic=live:off
[    94.226] -> hb:27 sess=1 getdisp=1 relay=1 txn=4575 vic=live:off
[    96.462] *** binder txn #4800  program=0100152000022000  session=20  code=7(queueBuffer) x2396  flags=0x0  in=192 out=4096
[    97.253] -> hb:28 sess=1 getdisp=1 relay=1 txn=4877 vic=live:off
[    98.164] sftap: stream turned ON from the overlay
[    98.303]    live: turned on (overlay)
[    98.533]    live[3]: attached to pid 143; 1920x1080, 3 slot(s); swapchain (26542080 B) at 0x1ece7e6000; game held 634 us; 44 attach events, continue rc=0x0
[    98.565] -> ns:1
[    98.579]    ---- LIVE H.264 STREAM (M86): until the viewer or the game goes, an IDR every 60, QP 20 ----
[    98.586]    nvstream: game swapchain 1920x1080 stride 1920 px, block height 2^4, 3 slot(s) of 8847360 B, format 0x100532120
[    98.618]    nvstream: content 1920x1080 (docked) (140 samples outside the top-left 1280x720 not all zero) -> the VIC scales it to 1280x720
[    98.627]    nvstream: encoding 1920x1080 (native 1080p: 1920x1088 coded, SPS-cropped); pipelined: the next frame is read while this one encodes
[    98.634]    nvmapOwn(0x5476f60000, 0x870000) kept CACHEABLE - caller must flush before submit
[    98.646]    nvmapOwn ok handle=5328 id=5328 kind=0 size=0x870000
[    98.653]    MAP_CMD_BUFFER(nvf-slot handle=5328 compr=0 req=0xc0140009) rc=0x0 nverr=0 -> phys=0x45a0000
[    98.681]    nvmapOwn(0x5477e30000, 0x10b0000) kept CACHEABLE - caller must flush before submit
[    98.686]    nvmapOwn ok handle=5332 id=5332 kind=0 size=0x10b0000
[    98.701]    MAP_CMD_BUFFER(nvf-arena(vic) handle=5332 compr=0 req=0xc0140009) rc=0x0 nverr=0 -> phys=0x4e20000
[    98.715]    MAP_CMD_BUFFER(nvf-arena(enc) handle=5332 compr=0 req=0xc0140009) rc=0x0 nverr=0 -> phys=0x4e20000
[    98.727]    nvstream: arena 17088 KB at +15168 KB; VIC sees it at 0x4e20000, NVENC at 0x4e20000 (syncpt 14); picture 0x51d5000/0x53d3000, bits 0x4e50000
[    98.734]    clk-ensure(nvstream) #1 re-set max     : 2 request(s), SetAndWait rc=0x0 -> clkrst NVENC=979200000 Hz
[   100.313] -> hb:29 sess=1 getdisp=1 relay=1 txn=5177 vic=ns:vic
[   102.611] *** binder txn #5400  program=0100152000022000  session=20  code=7(queueBuffer) x2696  flags=0x0  in=192 out=4096
[   103.353] -> hb:30 sess=1 getdisp=1 relay=1 txn=5468 vic=ns:vic
[   106.402] -> hb:31 sess=1 getdisp=1 relay=1 txn=5761 vic=ns:vic
[   108.822] *** binder txn #6000  program=0100152000022000  session=20  code=7(queueBuffer) x2996  flags=0x0  in=192 out=4096
[   109.433] -> hb:32 sess=1 getdisp=1 relay=1 txn=6067 vic=ns:vic
[   112.469] -> hb:33 sess=1 getdisp=1 relay=1 txn=6363 vic=ns:vic
[   114.811] *** binder txn #6600  program=0100152000022000  session=20  code=7(queueBuffer) x3296  flags=0x0  in=192 out=4096
[   115.501] -> hb:34 sess=1 getdisp=1 relay=1 txn=6673 vic=ns:vic
[   118.531] -> hb:35 sess=1 getdisp=1 relay=1 txn=6985 vic=ns:vic
[   120.690] *** binder txn #7200  program=0100152000022000  session=20  code=7(queueBuffer) x3596  flags=0x0  in=192 out=4096
[   121.566] -> hb:36 sess=1 getdisp=1 relay=1 txn=7281 vic=ns:vic
[   124.633] -> hb:37 sess=1 getdisp=1 relay=1 txn=7569 vic=ns:vic
[   126.999] *** binder txn #7800  program=0100152000022000  session=20  code=7(queueBuffer) x3896  flags=0x0  in=192 out=4096
[   127.703] -> hb:38 sess=1 getdisp=1 relay=1 txn=7865 vic=ns:vic
[   130.762] -> hb:39 sess=1 getdisp=1 relay=1 txn=8151 vic=ns:vic
[   131.535]    nvstream: STALL at frame 62 (+1888 ms): read 27537 us, VIC 15526 us, NVENC 23 us, waiting for the previous USB transfer 90 us, copy 6 us
[   131.545]    nvstream: STALL at frame 77 (+2388 ms): read 25713 us, VIC 18113 us, NVENC 28 us, waiting for the previous USB transfer 91 us, copy 6 us
[   131.560]    nvstream: STALL at frame 87 (+2722 ms): read 26577 us, VIC 15483 us, NVENC 21 us, waiting for the previous USB transfer 60 us, copy 5 us
[   131.565]    nvstream: STALL at frame 159 (+5054 ms): read 26119 us, VIC 18459 us, NVENC 23 us, waiting for the previous USB transfer 71 us, copy 8 us
[   131.569]    nvstream: STALL at frame 161 (+5144 ms): read 60420 us, VIC 10078 us, NVENC 23 us, waiting for the previous USB transfer 3043 us, copy 7 us
[   131.578]    nvstream: STALL at frame 163 (+5289 ms): read 61546 us, VIC 11616 us, NVENC 23 us, waiting for the previous USB transfer 61 us, copy 8 us
[   131.582]    nvstream: STALL at frame 165 (+5396 ms): read 22109 us, VIC 28045 us, NVENC 22 us, waiting for the previous USB transfer 60 us, copy 6 us
[   131.586]    nvstream: STALL at frame 187 (+6102 ms): read 46498 us, VIC 1650 us, NVENC 23 us, waiting for the previous USB transfer 86 us, copy 6 us
[   131.598]    nvstream window: 36.4 fps sent; per frame avg us: read 16272 (flush 1726 of it)  VIC 5759  NVENC wait 113  GPU fence 2171; presents: 794 already drawn, 407 waited for, 396 skipped
[   131.612]    nvstream: 1200 frames in 32865 ms, 1198 sent, avg 44913 B/frame (IDR 254880, P 41352), NVENC 979200000 Hz; game presented 48.7 fps this window
[   131.618]    nvstream: debug events 20 (+16 threads, -4 threads, 0 other) in 20 wakes; continued 20 (cores 0-3: 14/0/2/4), busy 0, failed 0 (last rc 0x0); longest hold 2948 us
[   133.386] *** binder txn #8400  program=0100152000022000  session=20  code=7(queueBuffer) x4196  flags=0x0  in=192 out=4096
[   133.813] -> hb:40 sess=1 getdisp=1 relay=1 txn=8448 vic=ns:vic
[   136.862] -> hb:41 sess=1 getdisp=1 relay=1 txn=8815 vic=ns:vic
[   138.377] *** binder txn #9000  program=0100152000022000  session=20  code=7(queueBuffer) x4496  flags=0x0  in=192 out=4096
[   139.900] -> hb:42 sess=1 getdisp=1 relay=1 txn=9181 vic=ns:vic
[   142.940] -> hb:43 sess=1 getdisp=1 relay=1 txn=9545 vic=ns:vic
[   143.373] *** binder txn #9600  program=0100152000022000  session=20  code=7(queueBuffer) x4796  flags=0x0  in=192 out=4096
[   145.981] -> hb:44 sess=1 getdisp=1 relay=1 txn=9911 vic=ns:vic
[   148.371] *** binder txn #10200  program=0100152000022000  session=20  code=7(queueBuffer) x5096  flags=0x0  in=192 out=4096
[   149.016] -> hb:45 sess=1 getdisp=1 relay=1 txn=10274 vic=ns:vic
[   152.049] -> hb:46 sess=1 getdisp=1 relay=1 txn=10637 vic=ns:vic
[   153.390] *** binder txn #10800  program=0100152000022000  session=20  code=7(queueBuffer) x5396  flags=0x0  in=192 out=4096
[   154.703]    nvstream window: 51.9 fps sent; per frame avg us: read 11456 (flush 884 of it)  VIC 2685  NVENC wait 75  GPU fence 2481; presents: 636 already drawn, 564 waited for, 166 skipped
[   154.711]    nvstream: 2400 frames in 55964 ms, 2398 sent, avg 43398 B/frame (IDR 247865, P 39931), NVENC 979200000 Hz; game presented 59.0 fps this window
[   154.716]    nvstream: debug events 24 (+18 threads, -6 threads, 0 other) in 24 wakes; continued 24 (cores 0-3: 16/0/2/6), busy 0, failed 0 (last rc 0x0); longest hold 2948 us
[   155.085] -> hb:47 sess=1 getdisp=1 relay=1 txn=10998 vic=ns:vic
[   158.117] -> hb:48 sess=1 getdisp=1 relay=1 txn=11365 vic=ns:vic
[   158.391] *** binder txn #11400  program=0100152000022000  session=20  code=7(queueBuffer) x5696  flags=0x0  in=192 out=4096
[   160.881]    nvstream: stopped: the game switched to a 720p picture
[   160.886]    nvstream: 2760 frames sent in 62134 ms -> 44.4 fps (game presented 53.5 fps, 569 presents skipped), 0 encodes with errors
[   160.891]    nvstream: per frame avg us: read+flush 13244  VIC 3931  NVENC 87  copy 76  usb 1287; worst work 134343 us
[   160.894]    nvstream: avg 43869 B/frame (max 396632) -> 15 Mbps at the achieved rate; 46 IDR avg 246654 B, 2714 P avg 40432 B; clock re-ensured 0 time(s)
[   160.899]    nvstream: console latency, the game's present -> header sent: avg 54814 us, max 222657 us
[   160.903]    nvstream: present fences: 2760 waited, avg 2504 us, max 28853 us, 0 timed out (30 ms), 0 presents without a readable fence
[   160.911]    nvstream: presents taken (M96): 1522 already drawn, 1238 waited for (the oldest not yet drawn), 1 by the old latest-present rule
[   160.915]    nvstream: per-stage max us: read 128187  VIC 40176  NVENC 12218  USB wait 11492  copy 13172; 67 frame(s) over 50 ms of work; 0 USB wait(s) over 500 ms (IDR forced after each)
[   160.923]    nvstream: debug events 40 (+18 threads, -22 threads, 0 other) in 40 wakes; continued 40 (cores 0-3: 16/0/2/22), busy 0, failed 0 (last rc 0x0); longest hold 2948 us
[   160.928]    nvstream: ended to restart at the game's new picture size
[   162.076] -> ns:stopped
[   162.128] -> hb:49 sess=1 getdisp=1 relay=1 txn=11715 vic=ns:stopped
[   162.180]    live[3]: session ended - the picture size changed - restarting at the new size; detached
[   162.443]    live[4]: attached to pid 143; 1920x1080, 3 slot(s); swapchain (26542080 B) at 0x1ece7e6000; game held 1863 us; 40 attach events, continue rc=0x0
[   162.525] -> ns:1
[   162.547]    ---- LIVE H.264 STREAM (M86): until the viewer or the game goes, an IDR every 60, QP 20 ----
[   162.560]    nvstream: game swapchain 1920x1080 stride 1920 px, block height 2^4, 3 slot(s) of 8847360 B, format 0x100532120
[   162.569]    nvstream: content 1920x1080 (docked) (140 samples outside the top-left 1280x720 not all zero) -> the VIC scales it to 1280x720
[   162.575]    nvstream: encoding 1920x1080 (native 1080p: 1920x1088 coded, SPS-cropped); pipelined: the next frame is read while this one encodes
[   162.579]    nvmapOwn(0x5476f60000, 0x870000) kept CACHEABLE - caller must flush before submit
[   162.583]    nvmapOwn ok handle=7140 id=7140 kind=0 size=0x870000
[   162.590]    MAP_CMD_BUFFER(nvf-slot handle=7140 compr=0 req=0xc0140009) rc=0x0 nverr=0 -> phys=0x5ee0000
[   162.599]    nvmapOwn(0x5477e30000, 0x10b0000) kept CACHEABLE - caller must flush before submit
[   162.608]    nvmapOwn ok handle=7144 id=7144 kind=0 size=0x10b0000
[   162.613]    MAP_CMD_BUFFER(nvf-arena(vic) handle=7144 compr=0 req=0xc0140009) rc=0x0 nverr=0 -> phys=0x6760000
[   162.627]    MAP_CMD_BUFFER(nvf-arena(enc) handle=7144 compr=0 req=0xc0140009) rc=0x0 nverr=0 -> phys=0x6760000
[   162.647]    nvstream: arena 17088 KB at +15168 KB; VIC sees it at 0x6760000, NVENC at 0x6760000 (syncpt 14); picture 0x6b15000/0x6d13000, bits 0x6790000
[   162.695]    clk-ensure(nvstream) #1 re-set max     : 2 request(s), SetAndWait rc=0x0 -> clkrst NVENC=979200000 Hz
[   163.505] *** binder txn #12000  program=0100152000022000  session=20  code=7(queueBuffer) x5996  flags=0x0  in=192 out=4096
[   165.206] -> hb:50 sess=1 getdisp=1 relay=1 txn=12196 vic=ns:vic
[   168.296] -> hb:51 sess=1 getdisp=1 relay=1 txn=12561 vic=ns:vic
[   168.540] *** binder txn #12600  program=0100152000022000  session=20  code=7(queueBuffer) x6296  flags=0x0  in=192 out=4096
[   171.401] -> hb:52 sess=1 getdisp=1 relay=1 txn=12933 vic=ns:vic
[   173.539] *** binder txn #13200  program=0100152000022000  session=20  code=7(queueBuffer) x6596  flags=0x0  in=192 out=4096
[   174.500] -> hb:53 sess=1 getdisp=1 relay=1 txn=13305 vic=ns:vic
[   177.553] -> hb:54 sess=1 getdisp=1 relay=1 txn=13678 vic=ns:vic
[   178.544] *** binder txn #13800  program=0100152000022000  session=20  code=7(queueBuffer) x6896  flags=0x0  in=192 out=4096
[   180.616] -> hb:55 sess=1 getdisp=1 relay=1 txn=14043 vic=ns:vic
[   183.539] *** binder txn #14400  program=0100152000022000  session=20  code=7(queueBuffer) x7196  flags=0x0  in=192 out=4096
[   183.657] -> hb:56 sess=1 getdisp=1 relay=1 txn=14411 vic=ns:vic
[   183.685]    nvstream window: 57.1 fps sent; per frame avg us: read 8592 (flush 1048 of it)  VIC 1996  NVENC wait 39  GPU fence 3974; presents: 472 already drawn, 729 waited for, 56 skipped
[   183.703]    nvstream: 1200 frames in 20982 ms, 1198 sent, avg 150187 B/frame (IDR 197502, P 149385), NVENC 979200000 Hz; game presented 59.9 fps this window
[   183.718]    nvstream: debug events 2 (+2 threads, -0 threads, 0 other) in 2 wakes; continued 2 (cores 0-3: 0/0/2/0), busy 0, failed 0 (last rc 0x0); longest hold 1143 us
[   186.693] -> hb:57 sess=1 getdisp=1 relay=1 txn=14775 vic=ns:vic
[   188.540] *** binder txn #15000  program=0100152000022000  session=20  code=7(queueBuffer) x7496  flags=0x0  in=192 out=4096
[   189.723] -> hb:58 sess=1 getdisp=1 relay=1 txn=15139 vic=ns:vic
[   192.759] -> hb:59 sess=1 getdisp=1 relay=1 txn=15503 vic=ns:vic
[   193.540] *** binder txn #15600  program=0100152000022000  session=20  code=7(queueBuffer) x7796  flags=0x0  in=192 out=4096
[   195.791] -> hb:60 sess=1 getdisp=1 relay=1 txn=15867 vic=ns:vic
[   198.541] *** binder txn #16200  program=0100152000022000  session=20  code=7(queueBuffer) x8096  flags=0x0  in=192 out=4096
[   198.825] -> hb:61 sess=1 getdisp=1 relay=1 txn=16231 vic=ns:vic
[   201.853] -> hb:62 sess=1 getdisp=1 relay=1 txn=16595 vic=ns:vic
[   203.540] *** binder txn #16800  program=0100152000022000  session=20  code=7(queueBuffer) x8396  flags=0x0  in=192 out=4096
[   204.179]    nvstream window: 58.5 fps sent; per frame avg us: read 6870 (flush 585 of it)  VIC 1692  NVENC wait 32  GPU fence 5195; presents: 242 already drawn, 958 waited for, 30 skipped
[   204.190]    nvstream: 2400 frames in 41470 ms, 2398 sent, avg 192052 B/frame (IDR 252978, P 191019), NVENC 979200000 Hz; game presented 60.0 fps this window
[   204.195]    nvstream: debug events 2 (+2 threads, -0 threads, 0 other) in 2 wakes; continued 2 (cores 0-3: 0/0/2/0), busy 0, failed 0 (last rc 0x0); longest hold 1143 us
[   204.891] -> hb:63 sess=1 getdisp=1 relay=1 txn=16959 vic=ns:vic
[   207.934] -> hb:64 sess=1 getdisp=1 relay=1 txn=17323 vic=ns:vic
[   208.545] *** binder txn #17400  program=0100152000022000  session=20  code=7(queueBuffer) x8696  flags=0x0  in=192 out=4096
[   210.985] -> hb:65 sess=1 getdisp=1 relay=1 txn=17687 vic=ns:vic
[   213.541] *** binder txn #18000  program=0100152000022000  session=20  code=7(queueBuffer) x8996  flags=0x0  in=192 out=4096
[   214.016] -> hb:66 sess=1 getdisp=1 relay=1 txn=18055 vic=ns:vic
[   217.050] -> hb:67 sess=1 getdisp=1 relay=1 txn=18419 vic=ns:vic
[   218.539] *** binder txn #18600  program=0100152000022000  session=20  code=7(queueBuffer) x9296  flags=0x0  in=192 out=4096
[   220.085] -> hb:68 sess=1 getdisp=1 relay=1 txn=18783 vic=ns:vic
[   223.116] -> hb:69 sess=1 getdisp=1 relay=1 txn=19147 vic=ns:vic
[   223.540] *** binder txn #19200  program=0100152000022000  session=20  code=7(queueBuffer) x9596  flags=0x0  in=192 out=4096
[   224.714]    nvstream window: 58.4 fps sent; per frame avg us: read 8511 (flush 828 of it)  VIC 2064  NVENC wait 36  GPU fence 3542; presents: 556 already drawn, 644 waited for, 32 skipped
[   224.719]    nvstream: 3600 frames in 61999 ms, 3598 sent, avg 192164 B/frame (IDR 266175, P 190909), NVENC 979200000 Hz; game presented 59.9 fps this window
[   224.726]    nvstream: debug events 2 (+2 threads, -0 threads, 0 other) in 2 wakes; continued 2 (cores 0-3: 0/0/2/0), busy 0, failed 0 (last rc 0x0); longest hold 1143 us
[   226.146] -> hb:70 sess=1 getdisp=1 relay=1 txn=19483 vic=ns:vic
[   226.946]    nvstream: stopped: the game switched to a 720p picture
[   226.963]    nvstream: 3720 frames sent in 64225 ms -> 57.9 fps (game presented 59.7 fps, 121 presents skipped), 0 encodes with errors
[   226.977]    nvstream: per frame avg us: read+flush 7962  VIC 1900  NVENC 36  copy 159  usb 2063; worst work 55559 us
[   226.991]    nvstream: avg 188234 B/frame (max 526036) -> 87 Mbps at the achieved rate; 62 IDR avg 263545 B, 3658 P avg 186957 B; clock re-ensured 0 time(s)
[   227.009]    nvstream: console latency, the game's present -> header sent: avg 34950 us, max 283358 us
[   227.028]    nvstream: present fences: 3718 waited, avg 4144 us, max 32766 us, 1 timed out (30 ms), 0 presents without a readable fence
[   227.042]    nvstream: presents taken (M96): 1341 already drawn, 2377 waited for (the oldest not yet drawn), 3 by the old latest-present rule
[   227.053]    nvstream: per-stage max us: read 53648  VIC 16042  NVENC 5941  USB wait 14679  copy 9631; 1 frame(s) over 50 ms of work; 0 USB wait(s) over 500 ms (IDR forced after each)
[   227.066]    nvstream: STALL at frame 3631 (+62513 ms): read 53648 us, VIC 1279 us, NVENC 35 us, waiting for the previous USB transfer 263 us, copy 0 us
[   227.083]    nvstream: debug events 4 (+2 threads, -2 threads, 0 other) in 4 wakes; continued 4 (cores 0-3: 0/0/2/2), busy 0, failed 0 (last rc 0x0); longest hold 1143 us
[   227.102]    nvstream: ended to restart at the game's new picture size
[   227.151] -> ns:stopped
[   227.194]    live[4]: session ended - the picture size changed - restarting at the new size; detached
[   227.401]    live[5]: attached to pid 143; 1920x1080, 3 slot(s); swapchain (26542080 B) at 0x1ece7e6000; game held 318 us; 40 attach events, continue rc=0x0
[   227.451] -> ns:1
[   227.465]    ---- LIVE H.264 STREAM (M86): until the viewer or the game goes, an IDR every 60, QP 20 ----
[   227.469]    nvstream: game swapchain 1920x1080 stride 1920 px, block height 2^4, 3 slot(s) of 8847360 B, format 0x100532120
[   227.485]    nvstream: content 1280x720 (handheld) (140 samples outside the top-left 1280x720 all zero) -> the VIC converts the corner 1:1; later frames read only its 3.9 MB
[   227.498]    nvstream: encoding 1280x720 (the handheld picture, 1:1)
[   227.515]    nvmapOwn(0x5476f60000, 0x870000) kept CACHEABLE - caller must flush before submit
[   227.528]    nvmapOwn ok handle=11828 id=11828 kind=0 size=0x870000
[   227.544]    MAP_CMD_BUFFER(nvf-slot handle=11828 compr=0 req=0xc0140009) rc=0x0 nverr=0 -> phys=0x7820000
[   227.558]    nvmapOwn(0x5477e30000, 0x6c5000) kept CACHEABLE - caller must flush before submit
[   227.564]    nvmapOwn ok handle=11876 id=11876 kind=0 size=0x6c5000
[   227.569]    MAP_CMD_BUFFER(nvf-arena(vic) handle=11876 compr=0 req=0xc0140009) rc=0x0 nverr=0 -> phys=0x80a0000
[   227.603]    MAP_CMD_BUFFER(nvf-arena(enc) handle=11876 compr=0 req=0xc0140009) rc=0x0 nverr=0 -> phys=0x80a0000
[   227.615]    nvstream: arena 6932 KB at +15168 KB; VIC sees it at 0x80a0000, NVENC at 0x80a0000 (syncpt 14); picture 0x82d0000/0x83b1000, bits 0x80b0000
[   227.624]    clk-ensure(nvstream) #1 re-set max     : 2 request(s), SetAndWait rc=0x0 -> clkrst NVENC=979200000 Hz
[   228.773] *** binder txn #19800  program=0100152000022000  session=20  code=7(queueBuffer) x9896  flags=0x0  in=192 out=4096
[   229.199] -> hb:71 sess=1 getdisp=1 relay=1 txn=19845 vic=ns:vic
[   231.643]    nvstream: stopped: the game switched to a 1080p picture
[   231.649]    nvstream: 240 frames sent in 3997 ms -> 60.0 fps (game presented 60.0 fps, 0 presents skipped), 0 encodes with errors
[   231.653]    nvstream: per frame avg us: read+flush 3246  VIC 904  NVENC 2024  copy 9  usb 953; worst work 23767 us
[   231.658]    nvstream: avg 4780 B/frame (max 112123) -> 2 Mbps at the achieved rate; 4 IDR avg 28189 B, 236 P avg 4383 B; clock re-ensured 0 time(s)
[   231.662]    nvstream: console latency, the game's present -> header sent: avg 13075 us, max 35213 us
[   231.666]    nvstream: present fences: 241 waited, avg 3310 us, max 15309 us, 0 timed out (30 ms), 0 presents without a readable fence
[   231.670]    nvstream: presents taken (M96): 110 already drawn, 131 waited for (the oldest not yet drawn), 0 by the old latest-present rule
[   231.675]    nvstream: per-stage max us: read 15321  VIC 16062  NVENC 10819  USB wait 4319  copy 1284; 0 frame(s) over 50 ms of work; 0 USB wait(s) over 500 ms (IDR forced after each)
[   231.680]    nvstream: debug events 9 (+9 threads, -0 threads, 0 other) in 9 wakes; continued 9 (cores 0-3: 7/0/2/0), busy 0, failed 0 (last rc 0x0); longest hold 1324 us
[   231.684]    nvstream: ended to restart at the game's new picture size
[   231.715] -> ns:stopped
[   231.748]    live[5]: session ended - the picture size changed - restarting at the new size; detached
[   231.956]    live[6]: attached to pid 143; 1920x1080, 3 slot(s); swapchain (26542080 B) at 0x1ece7e6000; game held 2141 us; 49 attach events, continue rc=0x0
[   231.991] -> ns:1
[   231.997]    ---- LIVE H.264 STREAM (M86): until the viewer or the game goes, an IDR every 60, QP 20 ----
[   232.001]    nvstream: game swapchain 1920x1080 stride 1920 px, block height 2^4, 3 slot(s) of 8847360 B, format 0x100532120
[   232.015]    nvstream: content 1920x1080 (docked) (140 samples outside the top-left 1280x720 not all zero) -> the VIC scales it to 1280x720
[   232.020]    nvstream: encoding 1920x1080 (native 1080p: 1920x1088 coded, SPS-cropped); pipelined: the next frame is read while this one encodes
[   232.028]    nvmapOwn(0x5476f60000, 0x870000) kept CACHEABLE - caller must flush before submit
[   232.032]    nvmapOwn ok handle=13176 id=13176 kind=0 size=0x870000
[   232.037]    MAP_CMD_BUFFER(nvf-slot handle=13176 compr=0 req=0xc0140009) rc=0x0 nverr=0 -> phys=0x8780000
[   232.053]    nvmapOwn(0x5477e30000, 0x10b0000) kept CACHEABLE - caller must flush before submit
[   232.058]    nvmapOwn ok handle=13180 id=13180 kind=0 size=0x10b0000
[   232.064]    MAP_CMD_BUFFER(nvf-arena(vic) handle=13180 compr=0 req=0xc0140009) rc=0x0 nverr=0 -> phys=0x9000000
[   232.075]    MAP_CMD_BUFFER(nvf-arena(enc) handle=13180 compr=0 req=0xc0140009) rc=0x0 nverr=0 -> phys=0x9000000
[   232.080]    nvstream: arena 17088 KB at +15168 KB; VIC sees it at 0x9000000, NVENC at 0x9000000 (syncpt 14); picture 0x93b5000/0x95b3000, bits 0x9030000
[   232.084]    clk-ensure(nvstream) #1 re-set max     : 2 request(s), SetAndWait rc=0x0 -> clkrst NVENC=979200000 Hz
[   232.243] -> hb:72 sess=1 getdisp=1 relay=1 txn=20213 vic=ns:vic
[   233.773] *** binder txn #20400  program=0100152000022000  session=20  code=7(queueBuffer) x10196  flags=0x0  in=192 out=4096
[   235.281] -> hb:73 sess=1 getdisp=1 relay=1 txn=20577 vic=ns:vic
[   238.318] -> hb:74 sess=1 getdisp=1 relay=1 txn=20941 vic=ns:vic
[   238.772] *** binder txn #21000  program=0100152000022000  session=20  code=7(queueBuffer) x10496  flags=0x0  in=192 out=4096
[   241.353] -> hb:75 sess=1 getdisp=1 relay=1 txn=21307 vic=ns:vic
[   243.772] *** binder txn #21600  program=0100152000022000  session=20  code=7(queueBuffer) x10796  flags=0x0  in=192 out=4096
[   244.394] -> hb:76 sess=1 getdisp=1 relay=1 txn=21671 vic=ns:vic
[   247.434] -> hb:77 sess=1 getdisp=1 relay=1 txn=22035 vic=ns:vic
[   248.772] *** binder txn #22200  program=0100152000022000  session=20  code=7(queueBuffer) x11096  flags=0x0  in=192 out=4096
[   250.478] -> hb:78 sess=1 getdisp=1 relay=1 txn=22401 vic=ns:vic
[   252.298]    nvstream: STALL at frame 851 (+14337 ms): read 65149 us, VIC 1601 us, NVENC 29 us, waiting for the previous USB transfer 214 us, copy 20 us
[   252.302]    nvstream window: 59.2 fps sent; per frame avg us: read 10271 (flush 752 of it)  VIC 2215  NVENC wait 32  GPU fence 2622; presents: 428 already drawn, 773 waited for, 12 skipped
[   252.313]    nvstream: 1200 frames in 20222 ms, 1198 sent, avg 34680 B/frame (IDR 258300, P 30886), NVENC 979200000 Hz; game presented 59.9 fps this window
[   252.317]    nvstream: debug events 0 (+0 threads, -0 threads, 0 other) in 0 wakes; continued 0 (cores 0-3: 0/0/0/0), busy 0, failed 0 (last rc 0x0); longest hold 0 us
[   253.519] -> hb:79 sess=1 getdisp=1 relay=1 txn=22765 vic=ns:vic
[   253.772] *** binder txn #22800  program=0100152000022000  session=20  code=7(queueBuffer) x11396  flags=0x0  in=192 out=4096
[   256.561] -> hb:80 sess=1 getdisp=1 relay=1 txn=23131 vic=ns:vic
[   258.772] *** binder txn #23400  program=0100152000022000  session=20  code=7(queueBuffer) x11696  flags=0x0  in=192 out=4096
[   259.598] -> hb:81 sess=1 getdisp=1 relay=1 txn=23495 vic=ns:vic
[   262.634] -> hb:82 sess=1 getdisp=1 relay=1 txn=23859 vic=ns:vic
[   263.774] *** binder txn #24000  program=0100152000022000  session=20  code=7(queueBuffer) x11996  flags=0x0  in=192 out=4096
[   265.667] -> hb:83 sess=1 getdisp=1 relay=1 txn=24225 vic=ns:vic
[   268.701] -> hb:84 sess=1 getdisp=1 relay=1 txn=24589 vic=ns:vic
[   268.773] *** binder txn #24600  program=0100152000022000  session=20  code=7(queueBuffer) x12296  flags=0x0  in=192 out=4096
[   271.743] -> hb:85 sess=1 getdisp=1 relay=1 txn=24953 vic=ns:vic
[   272.798]    nvstream: STALL at frame 1701 (+28807 ms): read 50401 us, VIC 4182 us, NVENC 13 us, waiting for the previous USB transfer 59 us, copy 12 us
[   272.803]    nvstream: STALL at frame 2294 (+38891 ms): read 65933 us, VIC 2077 us, NVENC 156 us, waiting for the previous USB transfer 72 us, copy 198 us
[   272.809]    nvstream window: 58.5 fps sent; per frame avg us: read 10629 (flush 688 of it)  VIC 2162  NVENC wait 29  GPU fence 2300; presents: 474 already drawn, 726 waited for, 30 skipped
[   272.813]    nvstream: 2400 frames in 40722 ms, 2398 sent, avg 32861 B/frame (IDR 262094, P 28974), NVENC 979200000 Hz; game presented 59.9 fps this window
[   272.817]    nvstream: debug events 0 (+0 threads, -0 threads, 0 other) in 0 wakes; continued 0 (cores 0-3: 0/0/0/0), busy 0, failed 0 (last rc 0x0); longest hold 0 us
[   273.775] *** binder txn #25200  program=0100152000022000  session=20  code=7(queueBuffer) x12596  flags=0x0  in=192 out=4096
[   274.793] -> hb:86 sess=1 getdisp=1 relay=1 txn=25317 vic=ns:vic
[   277.829] -> hb:87 sess=1 getdisp=1 relay=1 txn=25683 vic=ns:vic
[   278.771] *** binder txn #25800  program=0100152000022000  session=20  code=7(queueBuffer) x12896  flags=0x0  in=192 out=4096
[   280.866] -> hb:88 sess=1 getdisp=1 relay=1 txn=26047 vic=ns:vic
[   283.773] *** binder txn #26400  program=0100152000022000  session=20  code=7(queueBuffer) x13196  flags=0x0  in=192 out=4096
[   283.911] -> hb:89 sess=1 getdisp=1 relay=1 txn=26412 vic=ns:vic
[   286.945] -> hb:90 sess=1 getdisp=1 relay=1 txn=26777 vic=ns:vic
[   288.777] *** binder txn #27000  program=0100152000022000  session=20  code=7(queueBuffer) x13496  flags=0x0  in=192 out=4096
[   290.066] -> hb:91 sess=1 getdisp=1 relay=1 txn=27143 vic=ns:vic
[   293.128] -> hb:92 sess=1 getdisp=1 relay=1 txn=27517 vic=ns:vic
[   293.777] *** binder txn #27600  program=0100152000022000  session=20  code=7(queueBuffer) x13796  flags=0x0  in=192 out=4096
[   293.853]    nvstream: STALL at frame 2996 (+50725 ms): read 48299 us, VIC 1695 us, NVENC 13 us, waiting for the previous USB transfer 217 us, copy 556 us
[   293.862]    nvstream window: 56.9 fps sent; per frame avg us: read 11372 (flush 827 of it)  VIC 2253  NVENC wait 48  GPU fence 1454; presents: 660 already drawn, 540 waited for, 63 skipped
[   293.867]    nvstream: 3600 frames in 61776 ms, 3598 sent, avg 32927 B/frame (IDR 261156, P 29057), NVENC 979200000 Hz; game presented 59.9 fps this window
[   293.879]    nvstream: debug events 0 (+0 threads, -0 threads, 0 other) in 0 wakes; continued 0 (cores 0-3: 0/0/0/0), busy 0, failed 0 (last rc 0x0); longest hold 0 us
[   296.177] -> hb:93 sess=1 getdisp=1 relay=1 txn=27885 vic=ns:vic
[   298.776] *** binder txn #28200  program=0100152000022000  session=20  code=7(queueBuffer) x14096  flags=0x0  in=192 out=4096
[   299.212] -> hb:94 sess=1 getdisp=1 relay=1 txn=28249 vic=ns:vic
[   302.261] -> hb:95 sess=1 getdisp=1 relay=1 txn=28615 vic=ns:vic
[   303.772] *** binder txn #28800  program=0100152000022000  session=20  code=7(queueBuffer) x14396  flags=0x0  in=192 out=4096
[   305.311] -> hb:96 sess=1 getdisp=1 relay=1 txn=28981 vic=ns:vic
[   308.342] -> hb:97 sess=1 getdisp=1 relay=1 txn=29345 vic=ns:vic
[   308.773] *** binder txn #29400  program=0100152000022000  session=20  code=7(queueBuffer) x14696  flags=0x0  in=192 out=4096
[   311.381] -> hb:98 sess=1 getdisp=1 relay=1 txn=29709 vic=ns:vic
[   313.773] *** binder txn #30000  program=0100152000022000  session=20  code=7(queueBuffer) x14996  flags=0x0  in=192 out=4096
[   314.420] -> hb:99 sess=1 getdisp=1 relay=1 txn=30073 vic=ns:vic
[   314.897]    nvstream: STALL at frame 3926 (+67695 ms): read 47104 us, VIC 1429 us, NVENC 16 us, waiting for the previous USB transfer 68 us, copy 10 us
[   314.902]    nvstream: STALL at frame 4108 (+71202 ms): read 52976 us, VIC 1782 us, NVENC 15 us, waiting for the previous USB transfer 73 us, copy 25 us
[   314.909]    nvstream window: 57.0 fps sent; per frame avg us: read 10798 (flush 882 of it)  VIC 2302  NVENC wait 39  GPU fence 2462; presents: 560 already drawn, 640 waited for, 63 skipped
[   314.913]    nvstream: 4800 frames in 82822 ms, 4798 sent, avg 32921 B/frame (IDR 262983, P 29021), NVENC 979200000 Hz; game presented 60.0 fps this window
[   314.917]    nvstream: debug events 0 (+0 threads, -0 threads, 0 other) in 0 wakes; continued 0 (cores 0-3: 0/0/0/0), busy 0, failed 0 (last rc 0x0); longest hold 0 us
[   317.451] -> hb:100 sess=1 getdisp=1 relay=1 txn=30439 vic=ns:vic
[   318.771] *** binder txn #30600  program=0100152000022000  session=20  code=7(queueBuffer) x15296  flags=0x0  in=192 out=4096
[   320.485] -> hb:101 sess=1 getdisp=1 relay=1 txn=30803 vic=ns:vic
[   323.525] -> hb:102 sess=1 getdisp=1 relay=1 txn=31167 vic=ns:vic
[   323.772] *** binder txn #31200  program=0100152000022000  session=20  code=7(queueBuffer) x15596  flags=0x0  in=192 out=4096
[   326.558] -> hb:103 sess=1 getdisp=1 relay=1 txn=31531 vic=ns:vic
[   328.772] *** binder txn #31800  program=0100152000022000  session=20  code=7(queueBuffer) x15896  flags=0x0  in=192 out=4096
[   329.591] -> hb:104 sess=1 getdisp=1 relay=1 txn=31895 vic=ns:vic
[   332.624] -> hb:105 sess=1 getdisp=1 relay=1 txn=32259 vic=ns:vic
[   333.771] *** binder txn #32400  program=0100152000022000  session=20  code=7(queueBuffer) x16196  flags=0x0  in=192 out=4096
[   334.914]    nvstream window: 59.9 fps sent; per frame avg us: read 9298 (flush 501 of it)  VIC 1920  NVENC wait 19  GPU fence 4635; presents: 39 already drawn, 1161 waited for, 1 skipped
[   334.920]    nvstream: 6000 frames in 102829 ms, 5998 sent, avg 31861 B/frame (IDR 261326, P 27971), NVENC 979200000 Hz; game presented 59.9 fps this window
[   334.927]    nvstream: debug events 0 (+0 threads, -0 threads, 0 other) in 0 wakes; continued 0 (cores 0-3: 0/0/0/0), busy 0, failed 0 (last rc 0x0); longest hold 0 us
[   335.657] -> hb:106 sess=1 getdisp=1 relay=1 txn=32623 vic=ns:vic
[   338.695] -> hb:107 sess=1 getdisp=1 relay=1 txn=32987 vic=ns:vic
[   338.772] *** binder txn #33000  program=0100152000022000  session=20  code=7(queueBuffer) x16496  flags=0x0  in=192 out=4096
[   341.730] -> hb:108 sess=1 getdisp=1 relay=1 txn=33351 vic=ns:vic
[   343.772] *** binder txn #33600  program=0100152000022000  session=20  code=7(queueBuffer) x16796  flags=0x0  in=192 out=4096
[   344.768] -> hb:109 sess=1 getdisp=1 relay=1 txn=33715 vic=ns:vic
[   347.800] -> hb:110 sess=1 getdisp=1 relay=1 txn=34081 vic=ns:vic
[   348.772] *** binder txn #34200  program=0100152000022000  session=20  code=7(queueBuffer) x17096  flags=0x0  in=192 out=4096
[   350.858] -> hb:111 sess=1 getdisp=1 relay=1 txn=34445 vic=ns:vic
[   353.773] *** binder txn #34800  program=0100152000022000  session=20  code=7(queueBuffer) x17396  flags=0x0  in=192 out=4096
[   353.895] -> hb:112 sess=1 getdisp=1 relay=1 txn=34811 vic=ns:vic
[   354.913]    nvstream window: 60.0 fps sent; per frame avg us: read 9163 (flush 527 of it)  VIC 1927  NVENC wait 19  GPU fence 4764; presents: 43 already drawn, 1157 waited for, 0 skipped
[   354.919]    nvstream: 7200 frames in 122828 ms, 7198 sent, avg 30646 B/frame (IDR 258528, P 26783), NVENC 979200000 Hz; game presented 60.0 fps this window
[   354.925]    nvstream: debug events 0 (+0 threads, -0 threads, 0 other) in 0 wakes; continued 0 (cores 0-3: 0/0/0/0), busy 0, failed 0 (last rc 0x0); longest hold 0 us
[   356.932] -> hb:113 sess=1 getdisp=1 relay=1 txn=35175 vic=ns:vic
[   358.772] *** binder txn #35400  program=0100152000022000  session=20  code=7(queueBuffer) x17696  flags=0x0  in=192 out=4096
[   359.966] -> hb:114 sess=1 getdisp=1 relay=1 txn=35541 vic=ns:vic
[   363.001] -> hb:115 sess=1 getdisp=1 relay=1 txn=35905 vic=ns:vic
[   363.773] *** binder txn #36000  program=0100152000022000  session=20  code=7(queueBuffer) x17996  flags=0x0  in=192 out=4096
[   366.031] -> hb:116 sess=1 getdisp=1 relay=1 txn=36269 vic=ns:vic
[   368.773] *** binder txn #36600  program=0100152000022000  session=20  code=7(queueBuffer) x18296  flags=0x0  in=192 out=4096
[   369.069] -> hb:117 sess=1 getdisp=1 relay=1 txn=36631 vic=ns:vic
[   372.103] -> hb:118 sess=1 getdisp=1 relay=1 txn=36997 vic=ns:vic
[   373.771] *** binder txn #37200  program=0100152000022000  session=20  code=7(queueBuffer) x18596  flags=0x0  in=192 out=4096
[   374.942]    nvstream window: 59.9 fps sent; per frame avg us: read 8696 (flush 582 of it)  VIC 1763  NVENC wait 22  GPU fence 4298; presents: 101 already drawn, 1099 waited for, 1 skipped
[   374.948]    nvstream: 8400 frames in 142857 ms, 8398 sent, avg 30331 B/frame (IDR 256264, P 26501), NVENC 979200000 Hz; game presented 60.0 fps this window
[   374.952]    nvstream: debug events 0 (+0 threads, -0 threads, 0 other) in 0 wakes; continued 0 (cores 0-3: 0/0/0/0), busy 0, failed 0 (last rc 0x0); longest hold 0 us
[   375.136] -> hb:119 sess=1 getdisp=1 relay=1 txn=37361 vic=ns:vic
[   378.168] -> hb:120 sess=1 getdisp=1 relay=1 txn=37725 vic=ns:vic
[   378.773] *** binder txn #37800  program=0100152000022000  session=20  code=7(queueBuffer) x18896  flags=0x0  in=192 out=4096
[   381.201] -> hb:121 sess=1 getdisp=1 relay=1 txn=38089 vic=ns:vic
[   383.773] *** binder txn #38400  program=0100152000022000  session=20  code=7(queueBuffer) x19196  flags=0x0  in=192 out=4096
[   384.233] -> hb:122 sess=1 getdisp=1 relay=1 txn=38453 vic=ns:vic
[   387.268] -> hb:123 sess=1 getdisp=1 relay=1 txn=38817 vic=ns:vic
[   388.773] *** binder txn #39000  program=0100152000022000  session=20  code=7(queueBuffer) x19496  flags=0x0  in=192 out=4096
[   390.302] -> hb:124 sess=1 getdisp=1 relay=1 txn=39181 vic=ns:vic
[   393.336] -> hb:125 sess=1 getdisp=1 relay=1 txn=39545 vic=ns:vic
[   393.772] *** binder txn #39600  program=0100152000022000  session=20  code=7(queueBuffer) x19796  flags=0x0  in=192 out=4096
[   395.861]    nvstream: STALL at frame 8422 (+143235 ms): read 70062 us, VIC 2084 us, NVENC 41 us, waiting for the previous USB transfer 53 us, copy 15 us
[   395.870]    nvstream window: 57.3 fps sent; per frame avg us: read 9882 (flush 701 of it)  VIC 1954  NVENC wait 27  GPU fence 4418; presents: 190 already drawn, 1010 waited for, 56 skipped
[   395.878]    nvstream: 9600 frames in 163787 ms, 9598 sent, avg 32321 B/frame (IDR 254215, P 28560), NVENC 979200000 Hz; game presented 60.0 fps this window
[   395.882]    nvstream: debug events 7 (+7 threads, -0 threads, 0 other) in 7 wakes; continued 7 (cores 0-3: 7/0/0/0), busy 0, failed 0 (last rc 0x0); longest hold 1845 us
[   396.374] -> hb:126 sess=1 getdisp=1 relay=1 txn=39909 vic=ns:vic
[   398.772] *** binder txn #40200  program=0100152000022000  session=20  code=7(queueBuffer) x20096  flags=0x0  in=192 out=4096
[   399.410] -> hb:127 sess=1 getdisp=1 relay=1 txn=40273 vic=ns:vic
[   402.441] -> hb:128 sess=1 getdisp=1 relay=1 txn=40637 vic=ns:vic
[   403.771] *** binder txn #40800  program=0100152000022000  session=20  code=7(queueBuffer) x20396  flags=0x0  in=192 out=4096
[   405.473] -> hb:129 sess=1 getdisp=1 relay=1 txn=41001 vic=ns:vic
[   408.510] -> hb:130 sess=1 getdisp=1 relay=1 txn=41365 vic=ns:vic
[   408.774] *** binder txn #41400  program=0100152000022000  session=20  code=7(queueBuffer) x20696  flags=0x0  in=192 out=4096
[   411.598] -> hb:131 sess=1 getdisp=1 relay=1 txn=41729 vic=ns:vic
[   413.771] *** binder txn #42000  program=0100152000022000  session=20  code=7(queueBuffer) x20996  flags=0x0  in=192 out=4096
[   414.698] -> hb:132 sess=1 getdisp=1 relay=1 txn=42101 vic=ns:vic
[   415.881]    nvstream window: 59.9 fps sent; per frame avg us: read 8968 (flush 500 of it)  VIC 1887  NVENC wait 21  GPU fence 5045; presents: 30 already drawn, 1170 waited for, 1 skipped
[   415.886]    nvstream: 10800 frames in 183794 ms, 10798 sent, avg 32897 B/frame (IDR 253073, P 29165), NVENC 979200000 Hz; game presented 59.9 fps this window
[   415.891]    nvstream: debug events 7 (+7 threads, -0 threads, 0 other) in 7 wakes; continued 7 (cores 0-3: 7/0/0/0), busy 0, failed 0 (last rc 0x0); longest hold 1845 us
[   417.796] -> hb:133 sess=1 getdisp=1 relay=1 txn=42473 vic=ns:vic
[   418.772] *** binder txn #42600  program=0100152000022000  session=20  code=7(queueBuffer) x21296  flags=0x0  in=192 out=4096
[   420.898] -> hb:134 sess=1 getdisp=1 relay=1 txn=42845 vic=ns:vic
[   423.773] *** binder txn #43200  program=0100152000022000  session=20  code=7(queueBuffer) x21596  flags=0x0  in=192 out=4096
[   423.970] -> hb:135 sess=1 getdisp=1 relay=1 txn=43219 vic=ns:vic
[   427.001] -> hb:136 sess=1 getdisp=1 relay=1 txn=43585 vic=ns:vic
[   428.773] *** binder txn #43800  program=0100152000022000  session=20  code=7(queueBuffer) x21896  flags=0x0  in=192 out=4096
[   430.034] -> hb:137 sess=1 getdisp=1 relay=1 txn=43948 vic=ns:vic
[   433.068] -> hb:138 sess=1 getdisp=1 relay=1 txn=44313 vic=ns:vic
[   433.758] *** binder txn #44400  program=0100152000022000  session=20  code=7(queueBuffer) x22196  flags=0x0  in=192 out=4096
[   435.948]    nvstream window: 59.7 fps sent; per frame avg us: read 8581 (flush 494 of it)  VIC 1822  NVENC wait 25  GPU fence 4557; presents: 79 already drawn, 1121 waited for, 4 skipped
[   435.958]    nvstream: 12000 frames in 203866 ms, 11998 sent, avg 33195 B/frame (IDR 252963, P 29470), NVENC 979200000 Hz; game presented 60.0 fps this window
[   435.965]    nvstream: debug events 7 (+7 threads, -0 threads, 0 other) in 7 wakes; continued 7 (cores 0-3: 7/0/0/0), busy 0, failed 0 (last rc 0x0); longest hold 1845 us
[   436.101] -> hb:139 sess=1 getdisp=1 relay=1 txn=44677 vic=ns:vic
[   438.772] *** binder txn #45000  program=0100152000022000  session=20  code=7(queueBuffer) x22496  flags=0x0  in=192 out=4096
[   439.141] -> hb:140 sess=1 getdisp=1 relay=1 txn=45041 vic=ns:vic
[   442.182] -> hb:141 sess=1 getdisp=1 relay=1 txn=45405 vic=ns:vic
[   443.773] *** binder txn #45600  program=0100152000022000  session=20  code=7(queueBuffer) x22796  flags=0x0  in=192 out=4096
[   445.216] -> hb:142 sess=1 getdisp=1 relay=1 txn=45771 vic=ns:vic
[   448.251] -> hb:143 sess=1 getdisp=1 relay=1 txn=46135 vic=ns:vic
[   448.772] *** binder txn #46200  program=0100152000022000  session=20  code=7(queueBuffer) x23096  flags=0x0  in=192 out=4096
[   451.291] -> hb:144 sess=1 getdisp=1 relay=1 txn=46499 vic=ns:vic
[   453.775] *** binder txn #46800  program=0100152000022000  session=20  code=7(queueBuffer) x23396  flags=0x0  in=192 out=4096
[   454.333] -> hb:145 sess=1 getdisp=1 relay=1 txn=46865 vic=ns:vic
[   455.961]    nvstream window: 59.9 fps sent; per frame avg us: read 8621 (flush 529 of it)  VIC 1891  NVENC wait 20  GPU fence 5407; presents: 26 already drawn, 1174 waited for, 1 skipped
[   455.969]    nvstream: 13200 frames in 223878 ms, 13198 sent, avg 32794 B/frame (IDR 249644, P 29118), NVENC 979200000 Hz; game presented 59.9 fps this window
[   455.978]    nvstream: debug events 7 (+7 threads, -0 threads, 0 other) in 7 wakes; continued 7 (cores 0-3: 7/0/0/0), busy 0, failed 0 (last rc 0x0); longest hold 1845 us
[   457.365] -> hb:146 sess=1 getdisp=1 relay=1 txn=47217 vic=ns:vic
[   460.388] -> hb:147 sess=1 getdisp=1 relay=1 txn=47245 vic=ns:vic
[   463.415] -> hb:148 sess=1 getdisp=1 relay=1 txn=47245 vic=ns:vic
[   466.445] -> hb:149 sess=1 getdisp=1 relay=1 txn=47245 vic=ns:vic
[   469.475] -> hb:150 sess=1 getdisp=1 relay=1 txn=47245 vic=ns:vic
[   472.560] -> hb:151 sess=1 getdisp=1 relay=1 txn=47245 vic=ns:vic
[   472.642]    nvstream: stopped: slot read failed: the game exited
[   472.675]    nvstream: 13525 frames sent in 240551 ms -> 56.2 fps (game presented 56.2 fps, 239 presents skipped), 0 encodes with errors
[   472.697]    nvstream: per frame avg us: read+flush 9561  VIC 1988  NVENC 27  copy 28  usb 812; worst work 72452 us
[   472.764]    nvstream: avg 32312 B/frame (max 296242) -> 14 Mbps at the achieved rate; 226 IDR avg 250387 B, 13299 P avg 28606 B; clock re-ensured 0 time(s)
[   472.829]    nvstream: console latency, the game's present -> header sent: avg 162378 us, max 15063746 us
[   472.843]    nvstream: present fences: 13286 waited, avg 3818 us, max 27647 us, 0 timed out (30 ms), 0 presents without a readable fence
[   472.853]    nvstream: presents taken (M96): 2646 already drawn, 10640 waited for (the oldest not yet drawn), 241 by the old latest-present rule
[   472.872]    nvstream: per-stage max us: read 70062  VIC 26345  NVENC 8556  USB wait 11279  copy 10203; 8 frame(s) over 50 ms of work; 0 USB wait(s) over 500 ms (IDR forced after each)
[   472.885]    nvstream: STALL at frame 13267 (+225007 ms): read 56656 us, VIC 706 us, NVENC 15 us, waiting for the previous USB transfer 46 us, copy 12 us
[   472.911]    nvstream: debug events 8 (+7 threads, -0 threads, 1 other) in 8 wakes; continued 8 (cores 0-3: 7/0/0/1), busy 0, failed 0 (last rc 0x0); longest hold 1845 us; GAME GONE
[   472.978] -> ns:stopped
[   473.003]    live[6]: session ended - the game went away; detached
[   474.031]    live: viewer present; waiting for a game (no application)
[   474.063] -> live:no_game
[   475.682] -> hb:152 sess=1 getdisp=1 relay=1 txn=47245 vic=live:no_game
[   478.725] -> hb:153 sess=1 getdisp=1 relay=1 txn=47245 vic=live:no_game
[   481.757] -> hb:154 sess=1 getdisp=1 relay=1 txn=47245 vic=live:no_game
[   482.440] OnNeedsToAccept port=0 program=0100152000022000
[   482.450]   AcceptMitmImpl rc=0x0
[   482.475] -> GetDisplayService:enter
[   482.481]    program=0100152000022000 mode=0
[   482.498] -> GetDisplayService:done
[   482.518] -> GetRelayService:enter
[   482.541] -> GetRelayService:wrapped
[   482.558] -> OpenDisplay:enter
[   482.564]    OpenDisplay "Default" -> display_id=83
[   482.638] *** binder txn #47246  program=0100152000022000  session=20  code=10(connect) x2  flags=0x0  in=108 out=4096
[   482.650] *** binder txn #47247  program=0100152000022000  session=20  code=9(query) x2  flags=0x0  in=100 out=4096
[   482.676] -> binder:parse_preallocated
[   482.681] === setPreallocatedBuffer#4 slot 0 NvGraphicBuffer ===
[   482.686]     nvmap_id=15088  stride=1920 px  total_size=8847360 B  num_planes=1  usage=0xb00  format=0x1
[   482.690]     plane[0] 1920x1080  pitch=7680 B  offset=0x0  size=8847360 B
[   482.693]              fmt=0x100532120(A8B8G8R8)  layout=3(BlockLinear)  kind=0xfe(Generic_16BX2)  block_h_log2=4  scan=0(Progressive)
[   482.696]    captured slot 0: nvmap=15088 1920x1080 stride_px=1920 blk_h_log2=4 off=0x0 pixfmt=33 (slots=1)
[   482.725] -> binder:parse_preallocated
[   482.729] === setPreallocatedBuffer#5 slot 1 NvGraphicBuffer ===
[   482.732]     nvmap_id=15088  stride=1920 px  total_size=8847360 B  num_planes=1  usage=0xb00  format=0x1
[   482.735]     plane[0] 1920x1080  pitch=7680 B  offset=0x870000  size=8847360 B
[   482.738]              fmt=0x100532120(A8B8G8R8)  layout=3(BlockLinear)  kind=0xfe(Generic_16BX2)  block_h_log2=4  scan=0(Progressive)
[   482.742]    captured slot 1: nvmap=15088 1920x1080 stride_px=1920 blk_h_log2=4 off=0x870000 pixfmt=33 (slots=2)
[   482.759] -> binder:parse_preallocated
[   482.762] === setPreallocatedBuffer#6 slot 2 NvGraphicBuffer ===
[   482.765]     nvmap_id=15088  stride=1920 px  total_size=8847360 B  num_planes=1  usage=0xb00  format=0x1
[   482.768]     plane[0] 1920x1080  pitch=7680 B  offset=0x10e0000  size=8847360 B
[   482.776]              fmt=0x100532120(A8B8G8R8)  layout=3(BlockLinear)  kind=0xfe(Generic_16BX2)  block_h_log2=4  scan=0(Progressive)
[   482.779]    captured slot 2: nvmap=15088 1920x1080 stride_px=1920 blk_h_log2=4 off=0x10e0000 pixfmt=33 (slots=3)
[   484.814] -> hb:155 sess=2 getdisp=2 relay=2 txn=47252 vic=live:no_game
[   486.897]    live[7]: attached to pid 147; 1920x1080, 3 slot(s); swapchain (26542080 B) at 0x004e5e6000; game held 234 us; 34 attach events, continue rc=0x0
[   486.969] -> ns:1
[   486.999]    ---- LIVE H.264 STREAM (M86): until the viewer or the game goes, an IDR every 60, QP 20 ----
[   487.013]    nvstream: game swapchain 1920x1080 stride 1920 px, block height 2^4, 3 slot(s) of 8847360 B, format 0x100532120
[   487.030]    nvstream: content 1280x720 (handheld) (140 samples outside the top-left 1280x720 all zero) -> the VIC converts the corner 1:1; later frames read only its 3.9 MB
[   487.046]    nvstream: encoding 1280x720 (the handheld picture, 1:1)
[   487.051]    nvmapOwn(0x5476f60000, 0x870000) kept CACHEABLE - caller must flush before submit
[   487.069]    nvmapOwn ok handle=16828 id=16828 kind=0 size=0x870000
[   487.084]    MAP_CMD_BUFFER(nvf-slot handle=16828 compr=0 req=0xc0140009) rc=0x0 nverr=0 -> phys=0xa0c0000
[   487.103]    nvmapOwn(0x5477e30000, 0x6c5000) kept CACHEABLE - caller must flush before submit
[   487.123]    nvmapOwn ok handle=16868 id=16868 kind=0 size=0x6c5000
[   487.131]    MAP_CMD_BUFFER(nvf-arena(vic) handle=16868 compr=0 req=0xc0140009) rc=0x0 nverr=0 -> phys=0xa940000
[   487.142]    MAP_CMD_BUFFER(nvf-arena(enc) handle=16868 compr=0 req=0xc0140009) rc=0x0 nverr=0 -> phys=0xa940000
[   487.147]    nvstream: arena 6932 KB at +15168 KB; VIC sees it at 0xa940000, NVENC at 0xa940000 (syncpt 14); picture 0xab70000/0xac51000, bits 0xa950000
[   487.164]    clk-ensure(nvstream) #1 re-set max     : 2 request(s), SetAndWait rc=0x0 -> clkrst NVENC=460800000 Hz
[   487.608] *** binder txn #47400  program=0100152000022000  session=20  code=3(dequeueBuffer) x23693  flags=0x0  in=116 out=4096
[   487.901] -> hb:156 sess=2 getdisp=2 relay=2 txn=47430 vic=ns:vic
[   490.940] -> hb:157 sess=2 getdisp=2 relay=2 txn=47796 vic=ns:vic
[   492.611] *** binder txn #48000  program=0100152000022000  session=20  code=3(dequeueBuffer) x23993  flags=0x0  in=116 out=4096
[   493.970] -> hb:158 sess=2 getdisp=2 relay=2 txn=48160 vic=ns:vic
[   497.016] -> hb:159 sess=2 getdisp=2 relay=2 txn=48526 vic=ns:vic
[   497.610] *** binder txn #48600  program=0100152000022000  session=20  code=3(dequeueBuffer) x24293  flags=0x0  in=116 out=4096
[   499.251]    nvstream: stopped: the game switched to a 1080p picture
[   499.265]    nvstream: 720 frames sent in 12082 ms -> 59.5 fps (game presented 60.0 fps, 4 presents skipped), 0 encodes with errors
[   499.284]    nvstream: per frame avg us: read+flush 2298  VIC 665  NVENC 3310  copy 8  usb 792; worst work 31693 us
[   499.300]    nvstream: avg 18623 B/frame (max 245407) -> 8 Mbps at the achieved rate; 12 IDR avg 191871 B, 708 P avg 15686 B; clock re-ensured 0 time(s)
[   499.313]    nvstream: console latency, the game's present -> header sent: avg 10092 us, max 38949 us
[   499.330]    nvstream: present fences: 721 waited, avg 1677 us, max 6968 us, 0 timed out (30 ms), 0 presents without a readable fence
[   499.349]    nvstream: presents taken (M96): 292 already drawn, 429 waited for (the oldest not yet drawn), 0 by the old latest-present rule
[   499.366]    nvstream: per-stage max us: read 18321  VIC 14167  NVENC 15789  USB wait 10593  copy 564; 0 frame(s) over 50 ms of work; 0 USB wait(s) over 500 ms (IDR forced after each)
[   499.379]    nvstream: debug events 10 (+10 threads, -0 threads, 0 other) in 10 wakes; continued 10 (cores 0-3: 7/1/2/0), busy 0, failed 0 (last rc 0x0); longest hold 1434 us
[   499.385]    nvstream: ended to restart at the game's new picture size
[   499.412] -> ns:stopped
[   499.466]    live[7]: session ended - the picture size changed - restarting at the new size; detached
[   499.684]    live[8]: attached to pid 147; 1920x1080, 3 slot(s); swapchain (26542080 B) at 0x004e5e6000; game held 442 us; 44 attach events, continue rc=0x0
[   499.717] -> ns:1
[   499.727]    ---- LIVE H.264 STREAM (M86): until the viewer or the game goes, an IDR every 60, QP 20 ----
[   499.732]    nvstream: game swapchain 1920x1080 stride 1920 px, block height 2^4, 3 slot(s) of 8847360 B, format 0x100532120
[   499.747]    nvstream: content 1920x1080 (docked) (140 samples outside the top-left 1280x720 not all zero) -> the VIC scales it to 1280x720
[   499.751]    nvstream: encoding 1920x1080 (native 1080p: 1920x1088 coded, SPS-cropped); pipelined: the next frame is read while this one encodes
[   499.761]    nvmapOwn(0x5476f60000, 0x870000) kept CACHEABLE - caller must flush before submit
[   499.765]    nvmapOwn ok handle=19208 id=19208 kind=0 size=0x870000
[   499.779]    MAP_CMD_BUFFER(nvf-slot handle=19208 compr=0 req=0xc0140009) rc=0x0 nverr=0 -> phys=0xb020000
[   499.797]    nvmapOwn(0x5477e30000, 0x10b0000) kept CACHEABLE - caller must flush before submit
[   499.801]    nvmapOwn ok handle=19212 id=19212 kind=0 size=0x10b0000
[   499.813]    MAP_CMD_BUFFER(nvf-arena(vic) handle=19212 compr=0 req=0xc0140009) rc=0x0 nverr=0 -> phys=0xb8a0000
[   499.818]    MAP_CMD_BUFFER(nvf-arena(enc) handle=19212 compr=0 req=0xc0140009) rc=0x0 nverr=0 -> phys=0xb8a0000
[   499.826]    nvstream: arena 17088 KB at +15168 KB; VIC sees it at 0xb8a0000, NVENC at 0xb8a0000 (syncpt 14); picture 0xbc55000/0xbe53000, bits 0xb8d0000
[   499.832]    clk-ensure(nvstream) #1 re-set max     : 2 request(s), SetAndWait rc=0x0 -> clkrst NVENC=460800000 Hz
[   500.066] -> hb:160 sess=2 getdisp=2 relay=2 txn=48889 vic=ns:vic
[   502.606] *** binder txn #49200  program=0100152000022000  session=20  code=3(dequeueBuffer) x24593  flags=0x0  in=116 out=4096
[   503.101] -> hb:161 sess=2 getdisp=2 relay=2 txn=49256 vic=ns:vic
[   506.129] -> hb:162 sess=2 getdisp=2 relay=2 txn=49620 vic=ns:vic
[   507.610] *** binder txn #49800  program=0100152000022000  session=20  code=3(dequeueBuffer) x24893  flags=0x0  in=116 out=4096
[   509.178] -> hb:163 sess=2 getdisp=2 relay=2 txn=49982 vic=ns:vic
[   512.208] -> hb:164 sess=2 getdisp=2 relay=2 txn=50348 vic=ns:vic
[   512.607] *** binder txn #50400  program=0100152000022000  session=20  code=3(dequeueBuffer) x25193  flags=0x0  in=116 out=4096
[   515.233] -> hb:165 sess=2 getdisp=2 relay=2 txn=50712 vic=ns:vic
[   517.607] *** binder txn #51000  program=0100152000022000  session=20  code=3(dequeueBuffer) x25493  flags=0x0  in=116 out=4096
[   518.258] -> hb:166 sess=2 getdisp=2 relay=2 txn=51064 vic=ns:vic
[   521.341] -> hb:167 sess=2 getdisp=2 relay=2 txn=51426 vic=ns:vic
[   522.170]    nvstream: STALL at frame 85 (+1722 ms): read 53113 us, VIC 1871 us, NVENC 15 us, waiting for the previous USB transfer 37 us, copy 1 us
[   522.199]    nvstream: STALL at frame 262 (+4723 ms): read 15823 us, VIC 869 us, NVENC 726 us, waiting for the previous USB transfer 63 us, copy 47 us
[   522.213]    nvstream: STALL at frame 1096 (+19710 ms): read 52245 us, VIC 2172 us, NVENC 15 us, waiting for the previous USB transfer 39 us, copy 6 us
[   522.230]    nvstream: STALL at frame 1109 (+20126 ms): read 38629 us, VIC 28616 us, NVENC 15 us, waiting for the previous USB transfer 37 us, copy 346 us
[   522.251]    nvstream: STALL at frame 1122 (+20428 ms): read 52567 us, VIC 884 us, NVENC 16 us, waiting for the previous USB transfer 48 us, copy 6 us
[   522.269]    nvstream: STALL at frame 1123 (+20497 ms): read 36485 us, VIC 13172 us, NVENC 25 us, waiting for the previous USB transfer 36 us, copy 3 us
[   522.280]    nvstream: STALL at frame 1151 (+21148 ms): read 33422 us, VIC 1722 us, NVENC 16 us, waiting for the previous USB transfer 14923 us, copy 5 us
[   522.296]    nvstream: STALL at frame 1182 (+21777 ms): read 82013 us, VIC 4668 us, NVENC 15 us, waiting for the previous USB transfer 37 us, copy 4 us
[   522.333]    nvstream window: 53.2 fps sent; per frame avg us: read 8851 (flush 1164 of it)  VIC 1867  NVENC wait 120  GPU fence 3973; presents: 419 already drawn, 781 waited for, 133 skipped
[   522.348]    nvstream: 1200 frames in 22511 ms, 1198 sent, avg 93652 B/frame (IDR 356951, P 89186), NVENC 460800000 Hz; game presented 59.7 fps this window
[   522.364]    nvstream: debug events 23 (+7 threads, -16 threads, 0 other) in 23 wakes; continued 23 (cores 0-3: 7/0/0/16), busy 0, failed 0 (last rc 0x0); longest hold 717 us
[   522.728] *** binder txn #51600  program=0100152000022000  session=20  code=3(dequeueBuffer) x25793  flags=0x0  in=116 out=4096
[   524.413] -> hb:168 sess=2 getdisp=2 relay=2 txn=51790 vic=ns:vic
[   527.449] -> hb:169 sess=2 getdisp=2 relay=2 txn=52158 vic=ns:vic
[   527.774] *** binder txn #52200  program=0100152000022000  session=20  code=3(dequeueBuffer) x26093  flags=0x0  in=116 out=4096
[   530.483] -> hb:170 sess=2 getdisp=2 relay=2 txn=52521 vic=ns:vic
[   532.774] *** binder txn #52800  program=0100152000022000  session=20  code=3(dequeueBuffer) x26393  flags=0x0  in=116 out=4096
[   533.518] -> hb:171 sess=2 getdisp=2 relay=2 txn=52886 vic=ns:vic
[   536.560] -> hb:172 sess=2 getdisp=2 relay=2 txn=53250 vic=ns:vic
[   537.774] *** binder txn #53400  program=0100152000022000  session=20  code=3(dequeueBuffer) x26693  flags=0x0  in=116 out=4096
[   539.603] -> hb:173 sess=2 getdisp=2 relay=2 txn=53614 vic=ns:vic
[   542.747] -> hb:174 sess=2 getdisp=2 relay=2 txn=53984 vic=ns:vic
[   542.779] *** binder txn #54000  program=0100152000022000  session=20  code=3(dequeueBuffer) x26993  flags=0x0  in=116 out=4096
[   542.809]    nvstream window: 58.7 fps sent; per frame avg us: read 8609 (flush 1163 of it)  VIC 1789  NVENC wait 52  GPU fence 4423; presents: 130 already drawn, 1070 waited for, 33 skipped
[   542.842]    nvstream: 2400 frames in 43005 ms, 2398 sent, avg 118363 B/frame (IDR 314685, P 115034), NVENC 460800000 Hz; game presented 59.8 fps this window
[   542.875]    nvstream: debug events 25 (+9 threads, -16 threads, 0 other) in 25 wakes; continued 25 (cores 0-3: 7/0/2/16), busy 0, failed 0 (last rc 0x0); longest hold 829 us
[   545.885] -> hb:175 sess=2 getdisp=2 relay=2 txn=54360 vic=ns:vic
[   547.774] *** binder txn #54600  program=0100152000022000  session=20  code=3(dequeueBuffer) x27293  flags=0x0  in=116 out=4096
[   548.924] -> hb:176 sess=2 getdisp=2 relay=2 txn=54734 vic=ns:vic
[   551.974] -> hb:177 sess=2 getdisp=2 relay=2 txn=55100 vic=ns:vic
[   552.773] *** binder txn #55200  program=0100152000022000  session=20  code=3(dequeueBuffer) x27593  flags=0x0  in=116 out=4096
[   555.009] -> hb:178 sess=2 getdisp=2 relay=2 txn=55464 vic=ns:vic
[   557.775] *** binder txn #55800  program=0100152000022000  session=20  code=3(dequeueBuffer) x27893  flags=0x0  in=116 out=4096
[   558.036] -> hb:179 sess=2 getdisp=2 relay=2 txn=55828 vic=ns:vic
[   561.073] -> hb:180 sess=2 getdisp=2 relay=2 txn=56192 vic=ns:vic
[   562.774] *** binder txn #56400  program=0100152000022000  session=20  code=3(dequeueBuffer) x28193  flags=0x0  in=116 out=4096
[   562.898]    nvstream window: 59.6 fps sent; per frame avg us: read 8563 (flush 1035 of it)  VIC 1934  NVENC wait 58  GPU fence 4182; presents: 89 already drawn, 1111 waited for, 8 skipped
[   562.903]    nvstream: 3600 frames in 63067 ms, 3598 sent, avg 153262 B/frame (IDR 322797, P 150388), NVENC 460800000 Hz; game presented 60.0 fps this window
[   562.910]    nvstream: debug events 25 (+9 threads, -16 threads, 0 other) in 25 wakes; continued 25 (cores 0-3: 7/0/2/16), busy 0, failed 0 (last rc 0x0); longest hold 829 us
[   564.125] -> hb:181 sess=2 getdisp=2 relay=2 txn=56558 vic=ns:vic
[   567.158] -> hb:182 sess=2 getdisp=2 relay=2 txn=56922 vic=ns:vic
[   567.773] *** binder txn #57000  program=0100152000022000  session=20  code=3(dequeueBuffer) x28493  flags=0x0  in=116 out=4096
[   570.191] -> hb:183 sess=2 getdisp=2 relay=2 txn=57286 vic=ns:vic
[   572.774] *** binder txn #57600  program=0100152000022000  session=20  code=3(dequeueBuffer) x28793  flags=0x0  in=116 out=4096
[   573.225] -> hb:184 sess=2 getdisp=2 relay=2 txn=57650 vic=ns:vic
[   576.253] -> hb:185 sess=2 getdisp=2 relay=2 txn=58014 vic=ns:vic
[   577.773] *** binder txn #58200  program=0100152000022000  session=20  code=3(dequeueBuffer) x29093  flags=0x0  in=116 out=4096
[   579.282] -> hb:186 sess=2 getdisp=2 relay=2 txn=58378 vic=ns:vic
[   582.314] -> hb:187 sess=2 getdisp=2 relay=2 txn=58742 vic=ns:vic
[   582.774] *** binder txn #58800  program=0100152000022000  session=20  code=3(dequeueBuffer) x29393  flags=0x0  in=116 out=4096
[   582.895]    nvstream window: 60.0 fps sent; per frame avg us: read 8217 (flush 1298 of it)  VIC 2087  NVENC wait 60  GPU fence 4461; presents: 106 already drawn, 1094 waited for, 0 skipped
[   582.901]    nvstream: 4800 frames in 83064 ms, 4798 sent, avg 164346 B/frame (IDR 318141, P 161739), NVENC 460800000 Hz; game presented 60.0 fps this window
[   582.909]    nvstream: debug events 25 (+9 threads, -16 threads, 0 other) in 25 wakes; continued 25 (cores 0-3: 7/0/2/16), busy 0, failed 0 (last rc 0x0); longest hold 829 us
[   585.344] -> hb:188 sess=2 getdisp=2 relay=2 txn=59105 vic=ns:vic
[   587.773] *** binder txn #59400  program=0100152000022000  session=20  code=3(dequeueBuffer) x29693  flags=0x0  in=116 out=4096
[   588.373] -> hb:189 sess=2 getdisp=2 relay=2 txn=59468 vic=ns:vic
[   591.409] -> hb:190 sess=2 getdisp=2 relay=2 txn=59832 vic=ns:vic
[   592.775] *** binder txn #60000  program=0100152000022000  session=20  code=3(dequeueBuffer) x29993  flags=0x0  in=116 out=4096
[   594.443] -> hb:191 sess=2 getdisp=2 relay=2 txn=60196 vic=ns:vic
[   597.470] -> hb:192 sess=2 getdisp=2 relay=2 txn=60560 vic=ns:vic
[   597.778] *** binder txn #60600  program=0100152000022000  session=20  code=3(dequeueBuffer) x30293  flags=0x0  in=116 out=4096
[   600.506] -> hb:193 sess=2 getdisp=2 relay=2 txn=60924 vic=ns:vic
[   602.774] *** binder txn #61200  program=0100152000022000  session=20  code=3(dequeueBuffer) x30593  flags=0x0  in=116 out=4096
[   602.886]    nvstream window: 60.0 fps sent; per frame avg us: read 8763 (flush 1050 of it)  VIC 1900  NVENC wait 48  GPU fence 3907; presents: 123 already drawn, 1077 waited for, 0 skipped
[   602.893]    nvstream: 6000 frames in 103057 ms, 5998 sent, avg 175310 B/frame (IDR 320563, P 172848), NVENC 460800000 Hz; game presented 60.0 fps this window
[   602.898]    nvstream: debug events 25 (+9 threads, -16 threads, 0 other) in 25 wakes; continued 25 (cores 0-3: 7/0/2/16), busy 0, failed 0 (last rc 0x0); longest hold 829 us
[   603.534] -> hb:194 sess=2 getdisp=2 relay=2 txn=61288 vic=ns:vic
[   606.566] -> hb:195 sess=2 getdisp=2 relay=2 txn=61652 vic=ns:vic
[   607.774] *** binder txn #61800  program=0100152000022000  session=20  code=3(dequeueBuffer) x30893  flags=0x0  in=116 out=4096
[   609.603] -> hb:196 sess=2 getdisp=2 relay=2 txn=62016 vic=ns:vic
[   612.631] -> hb:197 sess=2 getdisp=2 relay=2 txn=62380 vic=ns:vic
[   612.774] *** binder txn #62400  program=0100152000022000  session=20  code=3(dequeueBuffer) x31193  flags=0x0  in=116 out=4096
[   615.661] -> hb:198 sess=2 getdisp=2 relay=2 txn=62744 vic=ns:vic
[   617.774] *** binder txn #63000  program=0100152000022000  session=20  code=3(dequeueBuffer) x31493  flags=0x0  in=116 out=4096
[   618.691] -> hb:199 sess=2 getdisp=2 relay=2 txn=63106 vic=ns:vic
[   621.726] -> hb:200 sess=2 getdisp=2 relay=2 txn=63470 vic=ns:vic
[   622.774] *** binder txn #63600  program=0100152000022000  session=20  code=3(dequeueBuffer) x31793  flags=0x0  in=116 out=4096
[   622.903]    nvstream window: 59.9 fps sent; per frame avg us: read 7831 (flush 1403 of it)  VIC 1996  NVENC wait 62  GPU fence 4891; presents: 94 already drawn, 1106 waited for, 0 skipped
[   622.909]    nvstream: 7200 frames in 123073 ms, 7198 sent, avg 177127 B/frame (IDR 316506, P 174764), NVENC 460800000 Hz; game presented 60.0 fps this window
[   622.914]    nvstream: debug events 25 (+9 threads, -16 threads, 0 other) in 25 wakes; continued 25 (cores 0-3: 7/0/2/16), busy 0, failed 0 (last rc 0x0); longest hold 829 us
[   624.770] -> hb:201 sess=2 getdisp=2 relay=2 txn=63834 vic=ns:vic
[   627.773] *** binder txn #64200  program=0100152000022000  session=20  code=3(dequeueBuffer) x32093  flags=0x0  in=116 out=4096
[   627.802] -> hb:202 sess=2 getdisp=2 relay=2 txn=64200 vic=ns:vic
[   630.832] -> hb:203 sess=2 getdisp=2 relay=2 txn=64564 vic=ns:vic
[   632.775] *** binder txn #64800  program=0100152000022000  session=20  code=3(dequeueBuffer) x32393  flags=0x0  in=116 out=4096
[   633.866] -> hb:204 sess=2 getdisp=2 relay=2 txn=64928 vic=ns:vic
[   636.901] -> hb:205 sess=2 getdisp=2 relay=2 txn=65292 vic=ns:vic
[   637.774] *** binder txn #65400  program=0100152000022000  session=20  code=3(dequeueBuffer) x32693  flags=0x0  in=116 out=4096
[   639.932] -> hb:206 sess=2 getdisp=2 relay=2 txn=65656 vic=ns:vic
[   642.778] *** binder txn #66000  program=0100152000022000  session=20  code=3(dequeueBuffer) x32993  flags=0x0  in=116 out=4096
[   642.907]    nvstream window: 59.9 fps sent; per frame avg us: read 8552 (flush 1157 of it)  VIC 1921  NVENC wait 74  GPU fence 3860; presents: 183 already drawn, 1017 waited for, 1 skipped
[   642.914]    nvstream: 8400 frames in 143077 ms, 8398 sent, avg 183055 B/frame (IDR 318939, P 180751), NVENC 460800000 Hz; game presented 59.9 fps this window
[   642.918]    nvstream: debug events 25 (+9 threads, -16 threads, 0 other) in 25 wakes; continued 25 (cores 0-3: 7/0/2/16), busy 0, failed 0 (last rc 0x0); longest hold 829 us
[   642.960] -> hb:207 sess=2 getdisp=2 relay=2 txn=66020 vic=ns:vic
[   645.991] -> hb:208 sess=2 getdisp=2 relay=2 txn=66382 vic=ns:vic
[   647.774] *** binder txn #66600  program=0100152000022000  session=20  code=3(dequeueBuffer) x33293  flags=0x0  in=116 out=4096
[   649.018] -> hb:209 sess=2 getdisp=2 relay=2 txn=66746 vic=ns:vic
[   652.053] -> hb:210 sess=2 getdisp=2 relay=2 txn=67109 vic=ns:vic
[   652.774] *** binder txn #67200  program=0100152000022000  session=20  code=3(dequeueBuffer) x33593  flags=0x0  in=116 out=4096
[   655.117] -> hb:211 sess=2 getdisp=2 relay=2 txn=67462 vic=ns:vic
[   658.189] *** binder txn #67800  program=0100152000022000  session=20  code=3(dequeueBuffer) x33893  flags=0x0  in=116 out=4096
[   658.209] -> hb:212 sess=2 getdisp=2 relay=2 txn=67794 vic=ns:vic
[   661.265] -> hb:213 sess=2 getdisp=2 relay=2 txn=68158 vic=ns:vic
[   663.223] *** binder txn #68400  program=0100152000022000  session=20  code=3(dequeueBuffer) x34193  flags=0x0  in=116 out=4096
[   663.675]    nvstream window: 57.7 fps sent; per frame avg us: read 8475 (flush 1415 of it)  VIC 1769  NVENC wait 43  GPU fence 3535; presents: 297 already drawn, 898 waited for, 24 skipped
[   663.684]    nvstream: 9600 frames in 163847 ms, 9598 sent, avg 174574 B/frame (IDR 306062, P 172345), NVENC 460800000 Hz; game presented 58.6 fps this window
[   663.694]    nvstream: debug events 29 (+11 threads, -18 threads, 0 other) in 29 wakes; continued 29 (cores 0-3: 7/0/4/18), busy 0, failed 0 (last rc 0x0); longest hold 829 us
[   664.299] -> hb:214 sess=2 getdisp=2 relay=2 txn=68526 vic=ns:vic
[   667.333] -> hb:215 sess=2 getdisp=2 relay=2 txn=68890 vic=ns:vic
[   668.225] *** binder txn #69000  program=0100152000022000  session=20  code=3(dequeueBuffer) x34493  flags=0x0  in=116 out=4096
[   670.366] -> hb:216 sess=2 getdisp=2 relay=2 txn=69254 vic=ns:vic
[   673.222] *** binder txn #69600  program=0100152000022000  session=20  code=3(dequeueBuffer) x34793  flags=0x0  in=116 out=4096
[   673.408] -> hb:217 sess=2 getdisp=2 relay=2 txn=69618 vic=ns:vic
[   676.443] -> hb:218 sess=2 getdisp=2 relay=2 txn=69982 vic=ns:vic
[   678.226] *** binder txn #70200  program=0100152000022000  session=20  code=3(dequeueBuffer) x35093  flags=0x0  in=116 out=4096
[   679.482] -> hb:219 sess=2 getdisp=2 relay=2 txn=70346 vic=ns:vic
[   682.519] -> hb:220 sess=2 getdisp=2 relay=2 txn=70712 vic=ns:vic
[   683.225] *** binder txn #70800  program=0100152000022000  session=20  code=3(dequeueBuffer) x35393  flags=0x0  in=116 out=4096
[   683.758]    nvstream window: 59.7 fps sent; per frame avg us: read 8289 (flush 1421 of it)  VIC 1909  NVENC wait 167  GPU fence 4229; presents: 127 already drawn, 1073 waited for, 4 skipped
[   683.766]    nvstream: 10800 frames in 183929 ms, 10798 sent, avg 176988 B/frame (IDR 312309, P 174694), NVENC 460800000 Hz; game presented 60.0 fps this window
[   683.775]    nvstream: debug events 29 (+11 threads, -18 threads, 0 other) in 29 wakes; continued 29 (cores 0-3: 7/0/4/18), busy 0, failed 0 (last rc 0x0); longest hold 829 us
[   685.558] -> hb:221 sess=2 getdisp=2 relay=2 txn=71076 vic=ns:vic
[   688.230] *** binder txn #71400  program=0100152000022000  session=20  code=3(dequeueBuffer) x35693  flags=0x0  in=116 out=4096
[   688.665] -> hb:222 sess=2 getdisp=2 relay=2 txn=71440 vic=ns:vic
[   691.798] -> hb:223 sess=2 getdisp=2 relay=2 txn=71816 vic=ns:vic
[   693.226] *** binder txn #72000  program=0100152000022000  session=20  code=3(dequeueBuffer) x35993  flags=0x0  in=116 out=4096
[   694.942] -> hb:224 sess=2 getdisp=2 relay=2 txn=72192 vic=ns:vic
[   697.995] -> hb:225 sess=2 getdisp=2 relay=2 txn=72568 vic=ns:vic
[   698.222] *** binder txn #72600  program=0100152000022000  session=20  code=3(dequeueBuffer) x36293  flags=0x0  in=116 out=4096
[   701.031] -> hb:226 sess=2 getdisp=2 relay=2 txn=72932 vic=ns:vic
[   703.224] *** binder txn #73200  program=0100152000022000  session=20  code=3(dequeueBuffer) x36593  flags=0x0  in=116 out=4096
[   704.069] -> hb:227 sess=2 getdisp=2 relay=2 txn=73298 vic=ns:vic
[   704.576]    nvstream window: 57.6 fps sent; per frame avg us: read 9683 (flush 1069 of it)  VIC 1889  NVENC wait 329  GPU fence 2277; presents: 498 already drawn, 702 waited for, 49 skipped
[   704.586]    nvstream: 12000 frames in 204750 ms, 11998 sent, avg 185715 B/frame (IDR 319163, P 183453), NVENC 460800000 Hz; game presented 59.9 fps this window
[   704.597]    nvstream: debug events 29 (+11 threads, -18 threads, 0 other) in 29 wakes; continued 29 (cores 0-3: 7/0/4/18), busy 0, failed 0 (last rc 0x0); longest hold 829 us
[   707.110] -> hb:228 sess=2 getdisp=2 relay=2 txn=73662 vic=ns:vic
[   708.223] *** binder txn #73800  program=0100152000022000  session=20  code=3(dequeueBuffer) x36893  flags=0x0  in=116 out=4096
[   710.150] -> hb:229 sess=2 getdisp=2 relay=2 txn=74026 vic=ns:vic
[   713.191] -> hb:230 sess=2 getdisp=2 relay=2 txn=74392 vic=ns:vic
[   713.225] *** binder txn #74400  program=0100152000022000  session=20  code=3(dequeueBuffer) x37193  flags=0x0  in=116 out=4096
[   716.231] -> hb:231 sess=2 getdisp=2 relay=2 txn=74756 vic=ns:vic
[   718.222] *** binder txn #75000  program=0100152000022000  session=20  code=3(dequeueBuffer) x37493  flags=0x0  in=116 out=4096
[   719.266] -> hb:232 sess=2 getdisp=2 relay=2 txn=75122 vic=ns:vic
[   722.308] -> hb:233 sess=2 getdisp=2 relay=2 txn=75486 vic=ns:vic
[   723.222] *** binder txn #75600  program=0100152000022000  session=20  code=3(dequeueBuffer) x37793  flags=0x0  in=116 out=4096
[   724.803]    nvstream window: 59.3 fps sent; per frame avg us: read 9272 (flush 1149 of it)  VIC 1874  NVENC wait 216  GPU fence 2435; presents: 448 already drawn, 752 waited for, 13 skipped
[   724.817]    nvstream: 13200 frames in 224980 ms, 13198 sent, avg 192707 B/frame (IDR 324073, P 190480), NVENC 460800000 Hz; game presented 60.0 fps this window
[   724.828]    nvstream: debug events 29 (+11 threads, -18 threads, 0 other) in 29 wakes; continued 29 (cores 0-3: 7/0/4/18), busy 0, failed 0 (last rc 0x0); longest hold 829 us
[   725.353] -> hb:234 sess=2 getdisp=2 relay=2 txn=75850 vic=ns:vic
[   728.228] *** binder txn #76200  program=0100152000022000  session=20  code=3(dequeueBuffer) x38093  flags=0x0  in=116 out=4096
[   728.392] -> hb:235 sess=2 getdisp=2 relay=2 txn=76216 vic=ns:vic
[   731.429] -> hb:236 sess=2 getdisp=2 relay=2 txn=76580 vic=ns:vic
[   733.226] *** binder txn #76800  program=0100152000022000  session=20  code=3(dequeueBuffer) x38393  flags=0x0  in=116 out=4096
[   734.469] -> hb:237 sess=2 getdisp=2 relay=2 txn=76946 vic=ns:vic
[   737.513] -> hb:238 sess=2 getdisp=2 relay=2 txn=77310 vic=ns:vic
[   738.226] *** binder txn #77400  program=0100152000022000  session=20  code=3(dequeueBuffer) x38693  flags=0x0  in=116 out=4096
[   740.551] -> hb:239 sess=2 getdisp=2 relay=2 txn=77676 vic=ns:vic
[   743.224] *** binder txn #78000  program=0100152000022000  session=20  code=3(dequeueBuffer) x38993  flags=0x0  in=116 out=4096
[   743.593] -> hb:240 sess=2 getdisp=2 relay=2 txn=78040 vic=ns:vic
[   745.680]    nvstream window: 57.4 fps sent; per frame avg us: read 10393 (flush 1051 of it)  VIC 1997  NVENC wait 234  GPU fence 1551; presents: 621 already drawn, 579 waited for, 53 skipped
[   745.692]    nvstream: 14400 frames in 245855 ms, 14398 sent, avg 198252 B/frame (IDR 329483, P 196027), NVENC 460800000 Hz; game presented 60.0 fps this window
[   745.701]    nvstream: debug events 29 (+11 threads, -18 threads, 0 other) in 29 wakes; continued 29 (cores 0-3: 7/0/4/18), busy 0, failed 0 (last rc 0x0); longest hold 829 us
[   746.631] -> hb:241 sess=2 getdisp=2 relay=2 txn=78404 vic=ns:vic
[   748.223] *** binder txn #78600  program=0100152000022000  session=20  code=3(dequeueBuffer) x39293  flags=0x0  in=116 out=4096
[   749.679] -> hb:242 sess=2 getdisp=2 relay=2 txn=78770 vic=ns:vic
[   752.719] -> hb:243 sess=2 getdisp=2 relay=2 txn=79135 vic=ns:vic
[   753.224] *** binder txn #79200  program=0100152000022000  session=20  code=3(dequeueBuffer) x39593  flags=0x0  in=116 out=4096
[   755.763] -> hb:244 sess=2 getdisp=2 relay=2 txn=79500 vic=ns:vic
[   758.224] *** binder txn #79800  program=0100152000022000  session=20  code=3(dequeueBuffer) x39893  flags=0x0  in=116 out=4096
[   758.809] -> hb:245 sess=2 getdisp=2 relay=2 txn=79866 vic=ns:vic
[   761.843] -> hb:246 sess=2 getdisp=2 relay=2 txn=80230 vic=ns:vic
[   763.226] *** binder txn #80400  program=0100152000022000  session=20  code=3(dequeueBuffer) x40193  flags=0x0  in=116 out=4096
[   764.879] -> hb:247 sess=2 getdisp=2 relay=2 txn=80594 vic=ns:vic
[   765.741]    nvstream window: 59.8 fps sent; per frame avg us: read 9777 (flush 1092 of it)  VIC 1748  NVENC wait 52  GPU fence 3154; presents: 214 already drawn, 986 waited for, 5 skipped
[   765.751]    nvstream: 15600 frames in 265914 ms, 15598 sent, avg 200852 B/frame (IDR 331446, P 198638), NVENC 460800000 Hz; game presented 59.9 fps this window
[   765.759]    nvstream: debug events 29 (+11 threads, -18 threads, 0 other) in 29 wakes; continued 29 (cores 0-3: 7/0/4/18), busy 0, failed 0 (last rc 0x0); longest hold 829 us
[   767.911] -> hb:248 sess=2 getdisp=2 relay=2 txn=80958 vic=ns:vic
[   768.222] *** binder txn #81000  program=0100152000022000  session=20  code=3(dequeueBuffer) x40493  flags=0x0  in=116 out=4096
[   770.951] -> hb:249 sess=2 getdisp=2 relay=2 txn=81322 vic=ns:vic
[   773.223] *** binder txn #81600  program=0100152000022000  session=20  code=3(dequeueBuffer) x40793  flags=0x0  in=116 out=4096
[   773.990] -> hb:250 sess=2 getdisp=2 relay=2 txn=81688 vic=ns:vic
[   777.039] -> hb:251 sess=2 getdisp=2 relay=2 txn=82052 vic=ns:vic
[   778.223] *** binder txn #82200  program=0100152000022000  session=20  code=3(dequeueBuffer) x41093  flags=0x0  in=116 out=4096
[   780.085] -> hb:252 sess=2 getdisp=2 relay=2 txn=82418 vic=ns:vic
[   783.130] -> hb:253 sess=2 getdisp=2 relay=2 txn=82784 vic=ns:vic
[   783.226] *** binder txn #82800  program=0100152000022000  session=20  code=3(dequeueBuffer) x41393  flags=0x0  in=116 out=4096
[   786.081]    nvstream window: 58.9 fps sent; per frame avg us: read 10271 (flush 953 of it)  VIC 2167  NVENC wait 128  GPU fence 1855; presents: 585 already drawn, 615 waited for, 20 skipped
[   786.111]    nvstream: 16800 frames in 286274 ms, 16798 sent, avg 205346 B/frame (IDR 334443, P 203158), NVENC 460800000 Hz; game presented 60.0 fps this window
[   786.144]    nvstream: debug events 29 (+11 threads, -18 threads, 0 other) in 29 wakes; continued 29 (cores 0-3: 7/0/4/18), busy 0, failed 0 (last rc 0x0); longest hold 829 us
[   786.276] -> hb:254 sess=2 getdisp=2 relay=2 txn=83152 vic=ns:vic
[   788.226] *** binder txn #83400  program=0100152000022000  session=20  code=3(dequeueBuffer) x41693  flags=0x0  in=116 out=4096
[   789.410] -> hb:255 sess=2 getdisp=2 relay=2 txn=83530 vic=ns:vic
[   792.452] -> hb:256 sess=2 getdisp=2 relay=2 txn=83904 vic=ns:vic
[   793.224] *** binder txn #84000  program=0100152000022000  session=20  code=3(dequeueBuffer) x41993  flags=0x0  in=116 out=4096
[   795.494] -> hb:257 sess=2 getdisp=2 relay=2 txn=84268 vic=ns:vic
[   798.224] *** binder txn #84600  program=0100152000022000  session=20  code=3(dequeueBuffer) x42293  flags=0x0  in=116 out=4096
[   798.526] -> hb:258 sess=2 getdisp=2 relay=2 txn=84632 vic=ns:vic
[   801.573] -> hb:259 sess=2 getdisp=2 relay=2 txn=84956 vic=ns:vic
[   803.675] *** binder txn #85200  program=0100152000022000  session=20  code=3(dequeueBuffer) x42593  flags=0x0  in=116 out=4096
[   804.650] -> hb:260 sess=2 getdisp=2 relay=2 txn=85311 vic=ns:vic
[   807.050]    nvstream window: 57.2 fps sent; per frame avg us: read 9492 (flush 1240 of it)  VIC 1793  NVENC wait 83  GPU fence 2125; presents: 435 already drawn, 760 waited for, 37 skipped
[   807.059]    nvstream: 18000 frames in 307223 ms, 17998 sent, avg 204467 B/frame (IDR 332395, P 202299), NVENC 460800000 Hz; game presented 58.6 fps this window
[   807.064]    nvstream: debug events 33 (+13 threads, -20 threads, 0 other) in 33 wakes; continued 33 (cores 0-3: 7/0/6/20), busy 0, failed 0 (last rc 0x0); longest hold 829 us
[   807.692] -> hb:261 sess=2 getdisp=2 relay=2 txn=85669 vic=ns:vic
[   808.724] *** binder txn #85800  program=0100152000022000  session=20  code=3(dequeueBuffer) x42893  flags=0x0  in=116 out=4096
[   810.728] -> hb:262 sess=2 getdisp=2 relay=2 txn=86036 vic=ns:vic
[   813.723] *** binder txn #86400  program=0100152000022000  session=20  code=3(dequeueBuffer) x43193  flags=0x0  in=116 out=4096
[   813.758] -> hb:263 sess=2 getdisp=2 relay=2 txn=86400 vic=ns:vic
[   816.791] -> hb:264 sess=2 getdisp=2 relay=2 txn=86764 vic=ns:vic
[   818.726] *** binder txn #87000  program=0100152000022000  session=20  code=3(dequeueBuffer) x43493  flags=0x0  in=116 out=4096
[   819.825] -> hb:265 sess=2 getdisp=2 relay=2 txn=87128 vic=ns:vic
[   822.853] -> hb:266 sess=2 getdisp=2 relay=2 txn=87492 vic=ns:vic
[   823.723] *** binder txn #87600  program=0100152000022000  session=20  code=3(dequeueBuffer) x43793  flags=0x0  in=116 out=4096
[   825.885] -> hb:267 sess=2 getdisp=2 relay=2 txn=87856 vic=ns:vic
[   827.224]    nvstream window: 59.4 fps sent; per frame avg us: read 10224 (flush 885 of it)  VIC 1795  NVENC wait 46  GPU fence 2833; presents: 340 already drawn, 860 waited for, 6 skipped
[   827.236]    nvstream: 19200 frames in 327399 ms, 19198 sent, avg 202124 B/frame (IDR 331640, P 199929), NVENC 460800000 Hz; game presented 59.8 fps this window
[   827.243]    nvstream: debug events 33 (+13 threads, -20 threads, 0 other) in 33 wakes; continued 33 (cores 0-3: 7/0/6/20), busy 0, failed 0 (last rc 0x0); longest hold 829 us
[   828.727] *** binder txn #88200  program=0100152000022000  session=20  code=3(dequeueBuffer) x44093  flags=0x0  in=116 out=4096
[   828.919] -> hb:268 sess=2 getdisp=2 relay=2 txn=88220 vic=ns:vic
[   831.951] -> hb:269 sess=2 getdisp=2 relay=2 txn=88584 vic=ns:vic
[   833.723] *** binder txn #88800  program=0100152000022000  session=20  code=3(dequeueBuffer) x44393  flags=0x0  in=116 out=4096
[   834.978] -> hb:270 sess=2 getdisp=2 relay=2 txn=88948 vic=ns:vic
[   838.009] -> hb:271 sess=2 getdisp=2 relay=2 txn=89310 vic=ns:vic
[   838.725] *** binder txn #89400  program=0100152000022000  session=20  code=3(dequeueBuffer) x44693  flags=0x0  in=116 out=4096
[   841.035] -> hb:272 sess=2 getdisp=2 relay=2 txn=89674 vic=ns:vic
[   843.724] *** binder txn #90000  program=0100152000022000  session=20  code=3(dequeueBuffer) x44993  flags=0x0  in=116 out=4096
[   844.083] -> hb:273 sess=2 getdisp=2 relay=2 txn=90038 vic=ns:vic
[   847.118] -> hb:274 sess=2 getdisp=2 relay=2 txn=90404 vic=ns:vic
[   847.233]    nvstream window: 59.9 fps sent; per frame avg us: read 10279 (flush 1020 of it)  VIC 1748  NVENC wait 36  GPU fence 2784; presents: 268 already drawn, 932 waited for, 1 skipped
[   847.242]    nvstream: 20400 frames in 347405 ms, 20398 sent, avg 198947 B/frame (IDR 324748, P 196815), NVENC 460800000 Hz; game presented 60.0 fps this window
[   847.247]    nvstream: debug events 33 (+13 threads, -20 threads, 0 other) in 33 wakes; continued 33 (cores 0-3: 7/0/6/20), busy 0, failed 0 (last rc 0x0); longest hold 829 us
[   848.726] *** binder txn #90600  program=0100152000022000  session=20  code=3(dequeueBuffer) x45293  flags=0x0  in=116 out=4096
[   850.149] -> hb:275 sess=2 getdisp=2 relay=2 txn=90768 vic=ns:vic
[   853.185] -> hb:276 sess=2 getdisp=2 relay=2 txn=91132 vic=ns:vic
[   853.723] *** binder txn #91200  program=0100152000022000  session=20  code=3(dequeueBuffer) x45593  flags=0x0  in=116 out=4096
[   856.214] -> hb:277 sess=2 getdisp=2 relay=2 txn=91496 vic=ns:vic
[   858.722] *** binder txn #91800  program=0100152000022000  session=20  code=3(dequeueBuffer) x45893  flags=0x0  in=116 out=4096
[   859.250] -> hb:278 sess=2 getdisp=2 relay=2 txn=91858 vic=ns:vic
[   862.281] -> hb:279 sess=2 getdisp=2 relay=2 txn=92224 vic=ns:vic
[   863.722] *** binder txn #92400  program=0100152000022000  session=20  code=3(dequeueBuffer) x46193  flags=0x0  in=116 out=4096
[   865.304] -> hb:280 sess=2 getdisp=2 relay=2 txn=92586 vic=ns:vic
[   867.331]    nvstream window: 59.7 fps sent; per frame avg us: read 7948 (flush 784 of it)  VIC 1478  NVENC wait 34  GPU fence 2430; presents: 295 already drawn, 905 waited for, 7 skipped
[   867.336]    nvstream: 21600 frames in 367499 ms, 21598 sent, avg 195189 B/frame (IDR 322776, P 193026), NVENC 460800000 Hz; game presented 59.9 fps this window
[   867.342]    nvstream: debug events 33 (+13 threads, -20 threads, 0 other) in 33 wakes; continued 33 (cores 0-3: 7/0/6/20), busy 0, failed 0 (last rc 0x0); longest hold 829 us
[   868.334] -> hb:281 sess=2 getdisp=2 relay=2 txn=92950 vic=ns:vic
[   868.722] *** binder txn #93000  program=0100152000022000  session=20  code=3(dequeueBuffer) x46493  flags=0x0  in=116 out=4096
[   871.359] -> hb:282 sess=2 getdisp=2 relay=2 txn=93314 vic=ns:vic
[   873.722] *** binder txn #93600  program=0100152000022000  session=20  code=3(dequeueBuffer) x46793  flags=0x0  in=116 out=4096
[   874.383] -> hb:283 sess=2 getdisp=2 relay=2 txn=93676 vic=ns:vic
[   877.409] -> hb:284 sess=2 getdisp=2 relay=2 txn=94040 vic=ns:vic
[   878.723] *** binder txn #94200  program=0100152000022000  session=20  code=3(dequeueBuffer) x47093  flags=0x0  in=116 out=4096
[   880.433] -> hb:285 sess=2 getdisp=2 relay=2 txn=94402 vic=ns:vic
[   883.463] -> hb:286 sess=2 getdisp=2 relay=2 txn=94766 vic=ns:vic
[   883.722] *** binder txn #94800  program=0100152000022000  session=20  code=3(dequeueBuffer) x47393  flags=0x0  in=116 out=4096
[   886.492] -> hb:287 sess=2 getdisp=2 relay=2 txn=95128 vic=ns:vic
[   887.331]    nvstream window: 60.0 fps sent; per frame avg us: read 3805 (flush 396 of it)  VIC 858  NVENC wait 41  GPU fence 3016; presents: 33 already drawn, 1167 waited for, 0 skipped
[   887.336]    nvstream: 22800 frames in 387499 ms, 22798 sent, avg 185253 B/frame (IDR 318295, P 182998), NVENC 460800000 Hz; game presented 60.0 fps this window
[   887.342]    nvstream: debug events 33 (+13 threads, -20 threads, 0 other) in 33 wakes; continued 33 (cores 0-3: 7/0/6/20), busy 0, failed 0 (last rc 0x0); longest hold 829 us
[   888.722] *** binder txn #95400  program=0100152000022000  session=20  code=3(dequeueBuffer) x47693  flags=0x0  in=116 out=4096
[   889.515] -> hb:288 sess=2 getdisp=2 relay=2 txn=95492 vic=ns:vic
[   892.542] -> hb:289 sess=2 getdisp=2 relay=2 txn=95856 vic=ns:vic
[   893.722] *** binder txn #96000  program=0100152000022000  session=20  code=3(dequeueBuffer) x47993  flags=0x0  in=116 out=4096
[   895.565] -> hb:290 sess=2 getdisp=2 relay=2 txn=96218 vic=ns:vic
[   898.594] -> hb:291 sess=2 getdisp=2 relay=2 txn=96581 vic=ns:vic
[   898.722] *** binder txn #96600  program=0100152000022000  session=20  code=3(dequeueBuffer) x48293  flags=0x0  in=116 out=4096
[   901.622] -> hb:292 sess=2 getdisp=2 relay=2 txn=96944 vic=ns:vic
[   903.722] *** binder txn #97200  program=0100152000022000  session=20  code=3(dequeueBuffer) x48593  flags=0x0  in=116 out=4096
[   904.650] -> hb:293 sess=2 getdisp=2 relay=2 txn=97308 vic=ns:vic
[   907.331]    nvstream window: 60.0 fps sent; per frame avg us: read 3799 (flush 392 of it)  VIC 851  NVENC wait 42  GPU fence 2995; presents: 33 already drawn, 1167 waited for, 0 skipped
[   907.335]    nvstream: 24000 frames in 407499 ms, 23998 sent, avg 176311 B/frame (IDR 314262, P 173972), NVENC 460800000 Hz; game presented 60.0 fps this window
[   907.342]    nvstream: debug events 33 (+13 threads, -20 threads, 0 other) in 33 wakes; continued 33 (cores 0-3: 7/0/6/20), busy 0, failed 0 (last rc 0x0); longest hold 829 us
[   907.677] -> hb:294 sess=2 getdisp=2 relay=2 txn=97672 vic=ns:vic
[   908.722] *** binder txn #97800  program=0100152000022000  session=20  code=3(dequeueBuffer) x48893  flags=0x0  in=116 out=4096
[   910.699] -> hb:295 sess=2 getdisp=2 relay=2 txn=98034 vic=ns:vic
[   913.726] *** binder txn #98400  program=0100152000022000  session=20  code=3(dequeueBuffer) x49193  flags=0x0  in=116 out=4096
[   913.732] -> hb:296 sess=2 getdisp=2 relay=2 txn=98398 vic=ns:vic
[   916.760] -> hb:297 sess=2 getdisp=2 relay=2 txn=98760 vic=ns:vic
[   918.722] *** binder txn #99000  program=0100152000022000  session=20  code=3(dequeueBuffer) x49493  flags=0x0  in=116 out=4096
[   919.783] -> hb:298 sess=2 getdisp=2 relay=2 txn=99124 vic=ns:vic
[   922.808] -> hb:299 sess=2 getdisp=2 relay=2 txn=99488 vic=ns:vic
[   923.722] *** binder txn #99600  program=0100152000022000  session=20  code=3(dequeueBuffer) x49793  flags=0x0  in=116 out=4096
[   925.833] -> hb:300 sess=2 getdisp=2 relay=2 txn=99850 vic=ns:vic
[   927.332]    nvstream window: 59.9 fps sent; per frame avg us: read 3811 (flush 389 of it)  VIC 862  NVENC wait 42  GPU fence 3016; presents: 33 already drawn, 1167 waited for, 0 skipped
[   927.336]    nvstream: 25200 frames in 427499 ms, 25198 sent, avg 168221 B/frame (IDR 310616, P 165808), NVENC 460800000 Hz; game presented 59.9 fps this window
[   927.342]    nvstream: debug events 33 (+13 threads, -20 threads, 0 other) in 33 wakes; continued 33 (cores 0-3: 7/0/6/20), busy 0, failed 0 (last rc 0x0); longest hold 829 us
[   928.723] *** binder txn #100200  program=0100152000022000  session=20  code=3(dequeueBuffer) x50093  flags=0x0  in=116 out=4096
[   928.858] -> hb:301 sess=2 getdisp=2 relay=2 txn=100214 vic=ns:vic
[   931.895] -> hb:302 sess=2 getdisp=2 relay=2 txn=100576 vic=ns:vic
[   933.724] *** binder txn #100800  program=0100152000022000  session=20  code=3(dequeueBuffer) x50393  flags=0x0  in=116 out=4096
[   934.929] -> hb:303 sess=2 getdisp=2 relay=2 txn=100940 vic=ns:vic
[   937.958] -> hb:304 sess=2 getdisp=2 relay=2 txn=101304 vic=ns:vic
[   938.726] *** binder txn #101400  program=0100152000022000  session=20  code=3(dequeueBuffer) x50693  flags=0x0  in=116 out=4096
[   940.993] -> hb:305 sess=2 getdisp=2 relay=2 txn=101668 vic=ns:vic
[   943.726] *** binder txn #102000  program=0100152000022000  session=20  code=3(dequeueBuffer) x50993  flags=0x0  in=116 out=4096
[   944.024] -> hb:306 sess=2 getdisp=2 relay=2 txn=102032 vic=ns:vic
[   947.058] -> hb:307 sess=2 getdisp=2 relay=2 txn=102396 vic=ns:vic
[   947.566]    nvstream window: 59.3 fps sent; per frame avg us: read 10384 (flush 817 of it)  VIC 1763  NVENC wait 58  GPU fence 1632; presents: 497 already drawn, 703 waited for, 13 skipped
[   947.577]    nvstream: 26400 frames in 447741 ms, 26398 sent, avg 170528 B/frame (IDR 313548, P 168104), NVENC 460800000 Hz; game presented 60.0 fps this window
[   947.583]    nvstream: debug events 33 (+13 threads, -20 threads, 0 other) in 33 wakes; continued 33 (cores 0-3: 7/0/6/20), busy 0, failed 0 (last rc 0x0); longest hold 829 us
[   948.722] *** binder txn #102600  program=0100152000022000  session=20  code=3(dequeueBuffer) x51293  flags=0x0  in=116 out=4096
[   950.092] -> hb:308 sess=2 getdisp=2 relay=2 txn=102760 vic=ns:vic
[   953.131] -> hb:309 sess=2 getdisp=2 relay=2 txn=103124 vic=ns:vic
[   953.726] *** binder txn #103200  program=0100152000022000  session=20  code=3(dequeueBuffer) x51593  flags=0x0  in=116 out=4096
[   956.167] -> hb:310 sess=2 getdisp=2 relay=2 txn=103490 vic=ns:vic
[   958.722] *** binder txn #103800  program=0100152000022000  session=20  code=3(dequeueBuffer) x51893  flags=0x0  in=116 out=4096
[   959.201] -> hb:311 sess=2 getdisp=2 relay=2 txn=103854 vic=ns:vic
[   962.233] -> hb:312 sess=2 getdisp=2 relay=2 txn=104218 vic=ns:vic
[   963.726] *** binder txn #104400  program=0100152000022000  session=20  code=3(dequeueBuffer) x52193  flags=0x0  in=116 out=4096
[   965.279] -> hb:313 sess=2 getdisp=2 relay=2 txn=104582 vic=ns:vic
[   967.716]    nvstream window: 59.5 fps sent; per frame avg us: read 10329 (flush 1042 of it)  VIC 1979  NVENC wait 51  GPU fence 2378; presents: 389 already drawn, 811 waited for, 9 skipped
[   967.725]    nvstream: 27600 frames in 467889 ms, 27598 sent, avg 171207 B/frame (IDR 312132, P 168818), NVENC 460800000 Hz; game presented 60.0 fps this window
[   967.730]    nvstream: debug events 33 (+13 threads, -20 threads, 0 other) in 33 wakes; continued 33 (cores 0-3: 7/0/6/20), busy 0, failed 0 (last rc 0x0); longest hold 829 us
[   968.311] -> hb:314 sess=2 getdisp=2 relay=2 txn=104947 vic=ns:vic
[   968.726] *** binder txn #105000  program=0100152000022000  session=20  code=3(dequeueBuffer) x52493  flags=0x0  in=116 out=4096
[   971.342] -> hb:315 sess=2 getdisp=2 relay=2 txn=105310 vic=ns:vic
[   973.726] *** binder txn #105600  program=0100152000022000  session=20  code=3(dequeueBuffer) x52793  flags=0x0  in=116 out=4096
[   974.376] -> hb:316 sess=2 getdisp=2 relay=2 txn=105674 vic=ns:vic
[   977.408] -> hb:317 sess=2 getdisp=2 relay=2 txn=106038 vic=ns:vic
[   978.722] *** binder txn #106200  program=0100152000022000  session=20  code=3(dequeueBuffer) x53093  flags=0x0  in=116 out=4096
[   980.458] -> hb:318 sess=2 getdisp=2 relay=2 txn=106404 vic=ns:vic
[   983.492] -> hb:319 sess=2 getdisp=2 relay=2 txn=106768 vic=ns:vic
[   983.727] *** binder txn #106800  program=0100152000022000  session=20  code=3(dequeueBuffer) x53393  flags=0x0  in=116 out=4096
[   986.568] -> hb:320 sess=2 getdisp=2 relay=2 txn=107134 vic=ns:vic
[   988.034]    nvstream window: 59.0 fps sent; per frame avg us: read 10751 (flush 935 of it)  VIC 1914  NVENC wait 81  GPU fence 1494; presents: 601 already drawn, 599 waited for, 20 skipped
[   988.043]    nvstream: 28800 frames in 488206 ms, 28798 sent, avg 173072 B/frame (IDR 312470, P 170709), NVENC 460800000 Hz; game presented 59.9 fps this window
[   988.047]    nvstream: debug events 33 (+13 threads, -20 threads, 0 other) in 33 wakes; continued 33 (cores 0-3: 7/0/6/20), busy 0, failed 0 (last rc 0x0); longest hold 829 us
[   988.722] *** binder txn #107400  program=0100152000022000  session=20  code=3(dequeueBuffer) x53693  flags=0x0  in=116 out=4096
[   989.643] -> hb:321 sess=2 getdisp=2 relay=2 txn=107502 vic=ns:vic
[   992.711] -> hb:322 sess=2 getdisp=2 relay=2 txn=107872 vic=ns:vic
[   993.722] *** binder txn #108000  program=0100152000022000  session=20  code=3(dequeueBuffer) x53993  flags=0x0  in=116 out=4096
[   995.783] -> hb:323 sess=2 getdisp=2 relay=2 txn=108240 vic=ns:vic
[   998.722] *** binder txn #108600  program=0100152000022000  session=20  code=3(dequeueBuffer) x54293  flags=0x0  in=116 out=4096
[   998.857] -> hb:324 sess=2 getdisp=2 relay=2 txn=108608 vic=ns:vic
[  1001.946] -> hb:325 sess=2 getdisp=2 relay=2 txn=108978 vic=ns:vic
[  1003.725] *** binder txn #109200  program=0100152000022000  session=20  code=3(dequeueBuffer) x54593  flags=0x0  in=116 out=4096
[  1004.994] -> hb:326 sess=2 getdisp=2 relay=2 txn=109348 vic=ns:vic
[  1008.029] -> hb:327 sess=2 getdisp=2 relay=2 txn=109712 vic=ns:vic
[  1008.066]    nvstream window: 59.9 fps sent; per frame avg us: read 6743 (flush 605 of it)  VIC 1257  NVENC wait 62  GPU fence 2627; presents: 172 already drawn, 1028 waited for, 1 skipped
[  1008.077]    nvstream: 30000 frames in 508240 ms, 29998 sent, avg 171004 B/frame (IDR 311816, P 168617), NVENC 460800000 Hz; game presented 59.9 fps this window
[  1008.090]    nvstream: debug events 33 (+13 threads, -20 threads, 0 other) in 33 wakes; continued 33 (cores 0-3: 7/0/6/20), busy 0, failed 0 (last rc 0x0); longest hold 829 us
[  1008.725] *** binder txn #109800  program=0100152000022000  session=20  code=3(dequeueBuffer) x54893  flags=0x0  in=116 out=4096
[  1011.061] -> hb:328 sess=2 getdisp=2 relay=2 txn=110076 vic=ns:vic
[  1013.722] *** binder txn #110400  program=0100152000022000  session=20  code=3(dequeueBuffer) x55193  flags=0x0  in=116 out=4096
[  1014.092] -> hb:329 sess=2 getdisp=2 relay=2 txn=110440 vic=ns:vic
[  1017.124] -> hb:330 sess=2 getdisp=2 relay=2 txn=110804 vic=ns:vic
[  1018.723] *** binder txn #111000  program=0100152000022000  session=20  code=3(dequeueBuffer) x55493  flags=0x0  in=116 out=4096
[  1020.152] -> hb:331 sess=2 getdisp=2 relay=2 txn=111168 vic=ns:vic
[  1023.184] -> hb:332 sess=2 getdisp=2 relay=2 txn=111531 vic=ns:vic
[  1023.724] *** binder txn #111600  program=0100152000022000  session=20  code=3(dequeueBuffer) x55793  flags=0x0  in=116 out=4096
[  1026.219] -> hb:333 sess=2 getdisp=2 relay=2 txn=111896 vic=ns:vic
[  1028.196]    nvstream window: 59.6 fps sent; per frame avg us: read 10267 (flush 1083 of it)  VIC 1817  NVENC wait 36  GPU fence 2619; presents: 342 already drawn, 858 waited for, 8 skipped
[  1028.203]    nvstream: 31200 frames in 528366 ms, 31198 sent, avg 170970 B/frame (IDR 309155, P 168627), NVENC 460800000 Hz; game presented 59.9 fps this window
[  1028.209]    nvstream: debug events 33 (+13 threads, -20 threads, 0 other) in 33 wakes; continued 33 (cores 0-3: 7/0/6/20), busy 0, failed 0 (last rc 0x0); longest hold 829 us
[  1028.724] *** binder txn #112200  program=0100152000022000  session=20  code=3(dequeueBuffer) x56093  flags=0x0  in=116 out=4096
[  1029.250] -> hb:334 sess=2 getdisp=2 relay=2 txn=112260 vic=ns:vic
[  1032.286] -> hb:335 sess=2 getdisp=2 relay=2 txn=112624 vic=ns:vic
[  1033.726] *** binder txn #112800  program=0100152000022000  session=20  code=3(dequeueBuffer) x56393  flags=0x0  in=116 out=4096
[  1035.328] -> hb:336 sess=2 getdisp=2 relay=2 txn=112988 vic=ns:vic
[  1038.359] -> hb:337 sess=2 getdisp=2 relay=2 txn=113352 vic=ns:vic
[  1038.726] *** binder txn #113400  program=0100152000022000  session=20  code=3(dequeueBuffer) x56693  flags=0x0  in=116 out=4096
[  1041.394] -> hb:338 sess=2 getdisp=2 relay=2 txn=113716 vic=ns:vic
[  1043.730] *** binder txn #114000  program=0100152000022000  session=20  code=3(dequeueBuffer) x56993  flags=0x0  in=116 out=4096
[  1044.426] -> hb:339 sess=2 getdisp=2 relay=2 txn=114080 vic=ns:vic
[  1047.457] -> hb:340 sess=2 getdisp=2 relay=2 txn=114444 vic=ns:vic
[  1048.450]    nvstream window: 59.2 fps sent; per frame avg us: read 11002 (flush 943 of it)  VIC 1884  NVENC wait 45  GPU fence 1813; presents: 441 already drawn, 759 waited for, 15 skipped
[  1048.458]    nvstream: 32400 frames in 548622 ms, 32398 sent, avg 174027 B/frame (IDR 311017, P 171705), NVENC 460800000 Hz; game presented 60.0 fps this window
[  1048.463]    nvstream: debug events 33 (+13 threads, -20 threads, 0 other) in 33 wakes; continued 33 (cores 0-3: 7/0/6/20), busy 0, failed 0 (last rc 0x0); longest hold 829 us
[  1048.726] *** binder txn #114600  program=0100152000022000  session=20  code=3(dequeueBuffer) x57293  flags=0x0  in=116 out=4096
[  1050.490] -> hb:341 sess=2 getdisp=2 relay=2 txn=114808 vic=ns:vic
[  1053.526] -> hb:342 sess=2 getdisp=2 relay=2 txn=115172 vic=ns:vic
[  1053.726] *** binder txn #115200  program=0100152000022000  session=20  code=3(dequeueBuffer) x57593  flags=0x0  in=116 out=4096
[  1056.559] -> hb:343 sess=2 getdisp=2 relay=2 txn=115536 vic=ns:vic
[  1058.725] *** binder txn #115800  program=0100152000022000  session=20  code=3(dequeueBuffer) x57893  flags=0x0  in=116 out=4096
[  1059.594] -> hb:344 sess=2 getdisp=2 relay=2 txn=115900 vic=ns:vic
[  1062.630] -> hb:345 sess=2 getdisp=2 relay=2 txn=116264 vic=ns:vic
[  1063.726] *** binder txn #116400  program=0100152000022000  session=20  code=3(dequeueBuffer) x58193  flags=0x0  in=116 out=4096
[  1065.670] -> hb:346 sess=2 getdisp=2 relay=2 txn=116628 vic=ns:vic
[  1068.498]    nvstream window: 59.8 fps sent; per frame avg us: read 10105 (flush 866 of it)  VIC 1825  NVENC wait 44  GPU fence 2916; presents: 224 already drawn, 976 waited for, 3 skipped
[  1068.509]    nvstream: 33600 frames in 568672 ms, 33598 sent, avg 174150 B/frame (IDR 310540, P 171839), NVENC 460800000 Hz; game presented 59.9 fps this window
[  1068.514]    nvstream: debug events 33 (+13 threads, -20 threads, 0 other) in 33 wakes; continued 33 (cores 0-3: 7/0/6/20), busy 0, failed 0 (last rc 0x0); longest hold 829 us
[  1068.709] -> hb:347 sess=2 getdisp=2 relay=2 txn=116994 vic=ns:vic
[  1068.723] *** binder txn #117000  program=0100152000022000  session=20  code=3(dequeueBuffer) x58493  flags=0x0  in=116 out=4096
[  1071.741] -> hb:348 sess=2 getdisp=2 relay=2 txn=117358 vic=ns:vic
[  1073.722] *** binder txn #117600  program=0100152000022000  session=20  code=3(dequeueBuffer) x58793  flags=0x0  in=116 out=4096
[  1074.775] -> hb:349 sess=2 getdisp=2 relay=2 txn=117722 vic=ns:vic
[  1077.809] -> hb:350 sess=2 getdisp=2 relay=2 txn=118086 vic=ns:vic
[  1079.039] *** binder txn #118200  program=0100152000022000  session=20  code=3(dequeueBuffer) x59093  flags=0x0  in=116 out=4096
[  1080.840] -> hb:351 sess=2 getdisp=2 relay=2 txn=118412 vic=ns:vic
[  1083.882] -> hb:352 sess=2 getdisp=2 relay=2 txn=118776 vic=ns:vic
[  1084.039] *** binder txn #118800  program=0100152000022000  session=20  code=3(dequeueBuffer) x59393  flags=0x0  in=116 out=4096
[  1086.928] -> hb:353 sess=2 getdisp=2 relay=2 txn=119136 vic=ns:vic
[  1089.094] *** binder txn #119400  program=0100152000022000  session=20  code=3(dequeueBuffer) x59693  flags=0x0  in=116 out=4096
[  1089.136]    nvstream window: 58.1 fps sent; per frame avg us: read 8960 (flush 882 of it)  VIC 1732  NVENC wait 63  GPU fence 2837; presents: 398 already drawn, 798 waited for, 20 skipped
[  1089.146]    nvstream: 34800 frames in 589310 ms, 34798 sent, avg 170786 B/frame (IDR 306157, P 168491), NVENC 460800000 Hz; game presented 58.9 fps this window
[  1089.153]    nvstream: debug events 37 (+15 threads, -22 threads, 0 other) in 37 wakes; continued 37 (cores 0-3: 7/0/8/22), busy 0, failed 0 (last rc 0x0); longest hold 829 us
[  1089.962] -> hb:354 sess=2 getdisp=2 relay=2 txn=119500 vic=ns:vic
[  1093.003] -> hb:355 sess=2 getdisp=2 relay=2 txn=119864 vic=ns:vic
[  1094.094] *** binder txn #120000  program=0100152000022000  session=20  code=3(dequeueBuffer) x59993  flags=0x0  in=116 out=4096
[  1096.035] -> hb:356 sess=2 getdisp=2 relay=2 txn=120230 vic=ns:vic
[  1099.070] -> hb:357 sess=2 getdisp=2 relay=2 txn=120594 vic=ns:vic
[  1099.089] *** binder txn #120600  program=0100152000022000  session=20  code=3(dequeueBuffer) x60293  flags=0x0  in=116 out=4096
[  1102.103] -> hb:358 sess=2 getdisp=2 relay=2 txn=120958 vic=ns:vic
[  1104.089] *** binder txn #121200  program=0100152000022000  session=20  code=3(dequeueBuffer) x60593  flags=0x0  in=116 out=4096
[  1105.132] -> hb:359 sess=2 getdisp=2 relay=2 txn=121322 vic=ns:vic
[  1108.165] -> hb:360 sess=2 getdisp=2 relay=2 txn=121686 vic=ns:vic
[  1109.089] *** binder txn #121800  program=0100152000022000  session=20  code=3(dequeueBuffer) x60893  flags=0x0  in=116 out=4096
[  1109.164]    nvstream window: 59.9 fps sent; per frame avg us: read 6242 (flush 483 of it)  VIC 1132  NVENC wait 38  GPU fence 2560; presents: 130 already drawn, 1070 waited for, 3 skipped
[  1109.175]    nvstream: 36000 frames in 609339 ms, 35998 sent, avg 165860 B/frame (IDR 303044, P 163535), NVENC 460800000 Hz; game presented 60.0 fps this window
[  1109.183]    nvstream: debug events 37 (+15 threads, -22 threads, 0 other) in 37 wakes; continued 37 (cores 0-3: 7/0/8/22), busy 0, failed 0 (last rc 0x0); longest hold 829 us
[  1111.196] -> hb:361 sess=2 getdisp=2 relay=2 txn=122050 vic=ns:vic
[  1114.089] *** binder txn #122400  program=0100152000022000  session=20  code=3(dequeueBuffer) x61193  flags=0x0  in=116 out=4096
[  1114.231] -> hb:362 sess=2 getdisp=2 relay=2 txn=122414 vic=ns:vic
[  1117.264] -> hb:363 sess=2 getdisp=2 relay=2 txn=122778 vic=ns:vic
[  1119.092] *** binder txn #123000  program=0100152000022000  session=20  code=3(dequeueBuffer) x61493  flags=0x0  in=116 out=4096
[  1120.298] -> hb:364 sess=2 getdisp=2 relay=2 txn=123142 vic=ns:vic
[  1123.331] -> hb:365 sess=2 getdisp=2 relay=2 txn=123506 vic=ns:vic
[  1124.089] *** binder txn #123600  program=0100152000022000  session=20  code=3(dequeueBuffer) x61793  flags=0x0  in=116 out=4096
[  1126.426] -> hb:366 sess=2 getdisp=2 relay=2 txn=123870 vic=ns:vic
[  1129.089] *** binder txn #124200  program=0100152000022000  session=20  code=3(dequeueBuffer) x62093  flags=0x0  in=116 out=4096
[  1129.164]    nvstream window: 59.9 fps sent; per frame avg us: read 3817 (flush 413 of it)  VIC 858  NVENC wait 41  GPU fence 2819; presents: 38 already drawn, 1162 waited for, 0 skipped
[  1129.195]    nvstream: 37200 frames in 629358 ms, 37198 sent, avg 160703 B/frame (IDR 299938, P 158343), NVENC 460800000 Hz; game presented 59.9 fps this window
[  1129.226]    nvstream: debug events 37 (+15 threads, -22 threads, 0 other) in 37 wakes; continued 37 (cores 0-3: 7/0/8/22), busy 0, failed 0 (last rc 0x0); longest hold 829 us
[  1129.557] -> hb:367 sess=2 getdisp=2 relay=2 txn=124244 vic=ns:vic
[  1132.646] -> hb:368 sess=2 getdisp=2 relay=2 txn=124620 vic=ns:vic
[  1134.089] *** binder txn #124800  program=0100152000022000  session=20  code=3(dequeueBuffer) x62393  flags=0x0  in=116 out=4096
[  1135.682] -> hb:369 sess=2 getdisp=2 relay=2 txn=124988 vic=ns:vic
[  1138.714] -> hb:370 sess=2 getdisp=2 relay=2 txn=125352 vic=ns:vic
[  1139.089] *** binder txn #125400  program=0100152000022000  session=20  code=3(dequeueBuffer) x62693  flags=0x0  in=116 out=4096
[  1141.748] -> hb:371 sess=2 getdisp=2 relay=2 txn=125716 vic=ns:vic
[  1144.089] *** binder txn #126000  program=0100152000022000  session=20  code=3(dequeueBuffer) x62993  flags=0x0  in=116 out=4096
[  1144.792] -> hb:372 sess=2 getdisp=2 relay=2 txn=126080 vic=ns:vic
[  1147.825] -> hb:373 sess=2 getdisp=2 relay=2 txn=126444 vic=ns:vic
[  1149.089] *** binder txn #126600  program=0100152000022000  session=20  code=3(dequeueBuffer) x63293  flags=0x0  in=116 out=4096
[  1149.231]    nvstream window: 59.8 fps sent; per frame avg us: read 3819 (flush 409 of it)  VIC 855  NVENC wait 45  GPU fence 2835; presents: 40 already drawn, 1160 waited for, 4 skipped
[  1149.242]    nvstream: 38400 frames in 649405 ms, 38398 sent, avg 155868 B/frame (IDR 297028, P 153475), NVENC 460800000 Hz; game presented 60.0 fps this window
[  1149.257]    nvstream: debug events 37 (+15 threads, -22 threads, 0 other) in 37 wakes; continued 37 (cores 0-3: 7/0/8/22), busy 0, failed 0 (last rc 0x0); longest hold 829 us
[  1150.856] -> hb:374 sess=2 getdisp=2 relay=2 txn=126808 vic=ns:vic
[  1153.890] -> hb:375 sess=2 getdisp=2 relay=2 txn=127172 vic=ns:vic
[  1154.089] *** binder txn #127200  program=0100152000022000  session=20  code=3(dequeueBuffer) x63593  flags=0x0  in=116 out=4096
[  1156.923] -> hb:376 sess=2 getdisp=2 relay=2 txn=127536 vic=ns:vic
[  1159.089] *** binder txn #127800  program=0100152000022000  session=20  code=3(dequeueBuffer) x63893  flags=0x0  in=116 out=4096
[  1159.956] -> hb:377 sess=2 getdisp=2 relay=2 txn=127900 vic=ns:vic
[  1162.993] -> hb:378 sess=2 getdisp=2 relay=2 txn=128264 vic=ns:vic
[  1164.089] *** binder txn #128400  program=0100152000022000  session=20  code=3(dequeueBuffer) x64193  flags=0x0  in=116 out=4096
[  1166.031] -> hb:379 sess=2 getdisp=2 relay=2 txn=128628 vic=ns:vic
[  1169.063] -> hb:380 sess=2 getdisp=2 relay=2 txn=128994 vic=ns:vic
[  1169.089] *** binder txn #129000  program=0100152000022000  session=20  code=3(dequeueBuffer) x64493  flags=0x0  in=116 out=4096
[  1169.247]    nvstream window: 59.9 fps sent; per frame avg us: read 3830 (flush 409 of it)  VIC 855  NVENC wait 46  GPU fence 2837; presents: 34 already drawn, 1166 waited for, 1 skipped
[  1169.258]    nvstream: 39600 frames in 669421 ms, 39598 sent, avg 151326 B/frame (IDR 294296, P 148903), NVENC 460800000 Hz; game presented 60.0 fps this window
[  1169.265]    nvstream: debug events 37 (+15 threads, -22 threads, 0 other) in 37 wakes; continued 37 (cores 0-3: 7/0/8/22), busy 0, failed 0 (last rc 0x0); longest hold 829 us
[  1172.097] -> hb:381 sess=2 getdisp=2 relay=2 txn=129358 vic=ns:vic
[  1174.089] *** binder txn #129600  program=0100152000022000  session=20  code=3(dequeueBuffer) x64793  flags=0x0  in=116 out=4096
[  1175.130] -> hb:382 sess=2 getdisp=2 relay=2 txn=129722 vic=ns:vic
[  1178.164] -> hb:383 sess=2 getdisp=2 relay=2 txn=130086 vic=ns:vic
[  1179.089] *** binder txn #130200  program=0100152000022000  session=20  code=3(dequeueBuffer) x65093  flags=0x0  in=116 out=4096
[  1181.203] -> hb:384 sess=2 getdisp=2 relay=2 txn=130450 vic=ns:vic
[  1184.089] *** binder txn #130800  program=0100152000022000  session=20  code=3(dequeueBuffer) x65393  flags=0x0  in=116 out=4096
[  1184.257] -> hb:385 sess=2 getdisp=2 relay=2 txn=130814 vic=ns:vic
[  1187.292] -> hb:386 sess=2 getdisp=2 relay=2 txn=131180 vic=ns:vic
[  1189.089] *** binder txn #131400  program=0100152000022000  session=20  code=3(dequeueBuffer) x65693  flags=0x0  in=116 out=4096
[  1189.247]    nvstream window: 59.9 fps sent; per frame avg us: read 3804 (flush 400 of it)  VIC 860  NVENC wait 45  GPU fence 2841; presents: 35 already drawn, 1165 waited for, 0 skipped
[  1189.258]    nvstream: 40800 frames in 689421 ms, 40798 sent, avg 147057 B/frame (IDR 291723, P 144605), NVENC 460800000 Hz; game presented 59.9 fps this window
[  1189.265]    nvstream: debug events 37 (+15 threads, -22 threads, 0 other) in 37 wakes; continued 37 (cores 0-3: 7/0/8/22), busy 0, failed 0 (last rc 0x0); longest hold 829 us
[  1190.333] -> hb:387 sess=2 getdisp=2 relay=2 txn=131544 vic=ns:vic
[  1193.375] -> hb:388 sess=2 getdisp=2 relay=2 txn=131910 vic=ns:vic
[  1194.094] *** binder txn #132000  program=0100152000022000  session=20  code=3(dequeueBuffer) x65993  flags=0x0  in=116 out=4096
[  1196.418] -> hb:389 sess=2 getdisp=2 relay=2 txn=132274 vic=ns:vic
[  1199.095] *** binder txn #132600  program=0100152000022000  session=20  code=3(dequeueBuffer) x66293  flags=0x0  in=116 out=4096
[  1199.459] -> hb:390 sess=2 getdisp=2 relay=2 txn=132640 vic=ns:vic
[  1202.499] -> hb:391 sess=2 getdisp=2 relay=2 txn=133004 vic=ns:vic
[  1204.093] *** binder txn #133200  program=0100152000022000  session=20  code=3(dequeueBuffer) x66593  flags=0x0  in=116 out=4096
[  1205.543] -> hb:392 sess=2 getdisp=2 relay=2 txn=133369 vic=ns:vic
[  1208.578] -> hb:393 sess=2 getdisp=2 relay=2 txn=133734 vic=ns:vic
[  1209.093] *** binder txn #133800  program=0100152000022000  session=20  code=3(dequeueBuffer) x66893  flags=0x0  in=116 out=4096
[  1209.298]    nvstream window: 59.8 fps sent; per frame avg us: read 10294 (flush 768 of it)  VIC 1737  NVENC wait 42  GPU fence 2395; presents: 298 already drawn, 902 waited for, 2 skipped
[  1209.310]    nvstream: 42000 frames in 709473 ms, 41998 sent, avg 146821 B/frame (IDR 289631, P 144401), NVENC 460800000 Hz; game presented 59.9 fps this window
[  1209.318]    nvstream: debug events 37 (+15 threads, -22 threads, 0 other) in 37 wakes; continued 37 (cores 0-3: 7/0/8/22), busy 0, failed 0 (last rc 0x0); longest hold 829 us
[  1211.614] -> hb:394 sess=2 getdisp=2 relay=2 txn=134098 vic=ns:vic
[  1214.089] *** binder txn #134400  program=0100152000022000  session=20  code=3(dequeueBuffer) x67193  flags=0x0  in=116 out=4096
[  1214.647] -> hb:395 sess=2 getdisp=2 relay=2 txn=134464 vic=ns:vic
[  1217.681] -> hb:396 sess=2 getdisp=2 relay=2 txn=134828 vic=ns:vic
[  1219.089] *** binder txn #135000  program=0100152000022000  session=20  code=3(dequeueBuffer) x67493  flags=0x0  in=116 out=4096
[  1220.781] -> hb:397 sess=2 getdisp=2 relay=2 txn=135192 vic=ns:vic
[  1223.908] -> hb:398 sess=2 getdisp=2 relay=2 txn=135566 vic=ns:vic
[  1224.089] *** binder txn #135600  program=0100152000022000  session=20  code=3(dequeueBuffer) x67793  flags=0x0  in=116 out=4096
[  1227.044] -> hb:399 sess=2 getdisp=2 relay=2 txn=135942 vic=ns:vic
[  1229.089] *** binder txn #136200  program=0100152000022000  session=20  code=3(dequeueBuffer) x68093  flags=0x0  in=116 out=4096
[  1229.314]    nvstream window: 59.9 fps sent; per frame avg us: read 4408 (flush 418 of it)  VIC 937  NVENC wait 38  GPU fence 2421; presents: 85 already drawn, 1115 waited for, 2 skipped
[  1229.324]    nvstream: 43200 frames in 729488 ms, 43198 sent, avg 143158 B/frame (IDR 287033, P 140720), NVENC 460800000 Hz; game presented 60.0 fps this window
[  1229.331]    nvstream: debug events 37 (+15 threads, -22 threads, 0 other) in 37 wakes; continued 37 (cores 0-3: 7/0/8/22), busy 0, failed 0 (last rc 0x0); longest hold 829 us
[  1230.081] -> hb:400 sess=2 getdisp=2 relay=2 txn=136316 vic=ns:vic
[  1233.113] -> hb:401 sess=2 getdisp=2 relay=2 txn=136680 vic=ns:vic
[  1234.089] *** binder txn #136800  program=0100152000022000  session=20  code=3(dequeueBuffer) x68393  flags=0x0  in=116 out=4096
[  1236.147] -> hb:402 sess=2 getdisp=2 relay=2 txn=137044 vic=ns:vic
[  1239.091] *** binder txn #137400  program=0100152000022000  session=20  code=3(dequeueBuffer) x68693  flags=0x0  in=116 out=4096
[  1239.180] -> hb:403 sess=2 getdisp=2 relay=2 txn=137408 vic=ns:vic
[  1242.219] -> hb:404 sess=2 getdisp=2 relay=2 txn=137772 vic=ns:vic
[  1244.090] *** binder txn #138000  program=0100152000022000  session=20  code=3(dequeueBuffer) x68993  flags=0x0  in=116 out=4096
[  1245.249] -> hb:405 sess=2 getdisp=2 relay=2 txn=138136 vic=ns:vic
[  1248.281] -> hb:406 sess=2 getdisp=2 relay=2 txn=138499 vic=ns:vic
[  1249.089] *** binder txn #138600  program=0100152000022000  session=20  code=3(dequeueBuffer) x69293  flags=0x0  in=116 out=4096
[  1249.314]    nvstream window: 59.9 fps sent; per frame avg us: read 3800 (flush 379 of it)  VIC 851  NVENC wait 35  GPU fence 2489; presents: 39 already drawn, 1161 waited for, 0 skipped
[  1249.324]    nvstream: 44400 frames in 749487 ms, 44398 sent, avg 139449 B/frame (IDR 284682, P 136988), NVENC 460800000 Hz; game presented 60.0 fps this window
[  1249.331]    nvstream: debug events 37 (+15 threads, -22 threads, 0 other) in 37 wakes; continued 37 (cores 0-3: 7/0/8/22), busy 0, failed 0 (last rc 0x0); longest hold 829 us
[  1251.318] -> hb:407 sess=2 getdisp=2 relay=2 txn=138863 vic=ns:vic
[  1254.090] *** binder txn #139200  program=0100152000022000  session=20  code=3(dequeueBuffer) x69593  flags=0x0  in=116 out=4096
[  1254.361] -> hb:408 sess=2 getdisp=2 relay=2 txn=139228 vic=ns:vic
[  1257.401] -> hb:409 sess=2 getdisp=2 relay=2 txn=139592 vic=ns:vic
[  1259.093] *** binder txn #139800  program=0100152000022000  session=20  code=3(dequeueBuffer) x69893  flags=0x0  in=116 out=4096
[  1260.442] -> hb:410 sess=2 getdisp=2 relay=2 txn=139958 vic=ns:vic
[  1263.485] -> hb:411 sess=2 getdisp=2 relay=2 txn=140323 vic=ns:vic
[  1264.093] *** binder txn #140400  program=0100152000022000  session=20  code=3(dequeueBuffer) x70193  flags=0x0  in=116 out=4096
[  1266.526] -> hb:412 sess=2 getdisp=2 relay=2 txn=140688 vic=ns:vic
[  1269.093] *** binder txn #141000  program=0100152000022000  session=20  code=3(dequeueBuffer) x70493  flags=0x0  in=116 out=4096
[  1269.367]    nvstream window: 59.8 fps sent; per frame avg us: read 9749 (flush 964 of it)  VIC 1599  NVENC wait 34  GPU fence 2996; presents: 141 already drawn, 1059 waited for, 2 skipped
[  1269.391]    nvstream: 45600 frames in 769554 ms, 45598 sent, avg 138763 B/frame (IDR 282433, P 136328), NVENC 460800000 Hz; game presented 59.9 fps this window
[  1269.401]    nvstream: debug events 37 (+15 threads, -22 threads, 0 other) in 37 wakes; continued 37 (cores 0-3: 7/0/8/22), busy 0, failed 0 (last rc 0x0); longest hold 829 us
[  1269.566] -> hb:413 sess=2 getdisp=2 relay=2 txn=141052 vic=ns:vic
[  1272.612] -> hb:414 sess=2 getdisp=2 relay=2 txn=141418 vic=ns:vic
[  1274.094] *** binder txn #141600  program=0100152000022000  session=20  code=3(dequeueBuffer) x70793  flags=0x0  in=116 out=4096
[  1275.651] -> hb:415 sess=2 getdisp=2 relay=2 txn=141784 vic=ns:vic
[  1278.692] -> hb:416 sess=2 getdisp=2 relay=2 txn=142148 vic=ns:vic
[  1279.090] *** binder txn #142200  program=0100152000022000  session=20  code=3(dequeueBuffer) x71093  flags=0x0  in=116 out=4096
[  1281.731] -> hb:417 sess=2 getdisp=2 relay=2 txn=142512 vic=ns:vic
[  1284.095] *** binder txn #142800  program=0100152000022000  session=20  code=3(dequeueBuffer) x71393  flags=0x0  in=116 out=4096
[  1284.770] -> hb:418 sess=2 getdisp=2 relay=2 txn=142877 vic=ns:vic
[  1287.813] -> hb:419 sess=2 getdisp=2 relay=2 txn=143242 vic=ns:vic
[  1289.093] *** binder txn #143400  program=0100152000022000  session=20  code=3(dequeueBuffer) x71693  flags=0x0  in=116 out=4096
[  1289.511]    nvstream window: 59.5 fps sent; per frame avg us: read 10871 (flush 899 of it)  VIC 1837  NVENC wait 46  GPU fence 1820; presents: 525 already drawn, 675 waited for, 9 skipped
[  1289.519]    nvstream: 46800 frames in 789683 ms, 46798 sent, avg 139067 B/frame (IDR 281289, P 136657), NVENC 460800000 Hz; game presented 59.9 fps this window
[  1289.528]    nvstream: debug events 37 (+15 threads, -22 threads, 0 other) in 37 wakes; continued 37 (cores 0-3: 7/0/8/22), busy 0, failed 0 (last rc 0x0); longest hold 829 us
[  1290.858] -> hb:420 sess=2 getdisp=2 relay=2 txn=143608 vic=ns:vic
[  1293.901] -> hb:421 sess=2 getdisp=2 relay=2 txn=143973 vic=ns:vic
[  1294.093] *** binder txn #144000  program=0100152000022000  session=20  code=3(dequeueBuffer) x71993  flags=0x0  in=116 out=4096
[  1296.943] -> hb:422 sess=2 getdisp=2 relay=2 txn=144338 vic=ns:vic
[  1299.095] *** binder txn #144600  program=0100152000022000  session=20  code=3(dequeueBuffer) x72293  flags=0x0  in=116 out=4096
[  1299.984] -> hb:423 sess=2 getdisp=2 relay=2 txn=144702 vic=ns:vic
[  1303.028] -> hb:424 sess=2 getdisp=2 relay=2 txn=145068 vic=ns:vic
[  1304.094] *** binder txn #145200  program=0100152000022000  session=20  code=3(dequeueBuffer) x72593  flags=0x0  in=116 out=4096
[  1306.075] -> hb:425 sess=2 getdisp=2 relay=2 txn=145434 vic=ns:vic
[  1309.111] *** binder txn #145800  program=0100152000022000  session=20  code=3(dequeueBuffer) x72893  flags=0x0  in=116 out=4096
[  1309.118] -> hb:426 sess=2 getdisp=2 relay=2 txn=145798 vic=ns:vic
[  1309.651]    nvstream window: 59.5 fps sent; per frame avg us: read 11068 (flush 878 of it)  VIC 1836  NVENC wait 48  GPU fence 1869; presents: 409 already drawn, 791 waited for, 8 skipped
[  1309.661]    nvstream: 48000 frames in 809825 ms, 47998 sent, avg 138944 B/frame (IDR 279465, P 136562), NVENC 460800000 Hz; game presented 60.0 fps this window
[  1309.669]    nvstream: debug events 37 (+15 threads, -22 threads, 0 other) in 37 wakes; continued 37 (cores 0-3: 7/0/8/22), busy 0, failed 0 (last rc 0x0); longest hold 829 us
[  1312.180] -> hb:427 sess=2 getdisp=2 relay=2 txn=146164 vic=ns:vic
[  1314.093] *** binder txn #146400  program=0100152000022000  session=20  code=3(dequeueBuffer) x73193  flags=0x0  in=116 out=4096
[  1315.314] -> hb:428 sess=2 getdisp=2 relay=2 txn=146534 vic=ns:vic
[  1318.458] -> hb:429 sess=2 getdisp=2 relay=2 txn=146910 vic=ns:vic
[  1319.093] *** binder txn #147000  program=0100152000022000  session=20  code=3(dequeueBuffer) x73493  flags=0x0  in=116 out=4096
[  1321.546] -> hb:430 sess=2 getdisp=2 relay=2 txn=147288 vic=ns:vic
[  1324.091] *** binder txn #147600  program=0100152000022000  session=20  code=3(dequeueBuffer) x73793  flags=0x0  in=116 out=4096
[  1324.593] -> hb:431 sess=2 getdisp=2 relay=2 txn=147656 vic=ns:vic
[  1327.635] -> hb:432 sess=2 getdisp=2 relay=2 txn=148020 vic=ns:vic
[  1329.092] *** binder txn #148200  program=0100152000022000  session=20  code=3(dequeueBuffer) x74093  flags=0x0  in=116 out=4096
[  1329.734]    nvstream window: 59.7 fps sent; per frame avg us: read 10933 (flush 783 of it)  VIC 1850  NVENC wait 50  GPU fence 2005; presents: 372 already drawn, 828 waited for, 5 skipped
[  1329.745]    nvstream: 49200 frames in 829908 ms, 49198 sent, avg 139162 B/frame (IDR 278192, P 136805), NVENC 460800000 Hz; game presented 59.9 fps this window
[  1329.753]    nvstream: debug events 37 (+15 threads, -22 threads, 0 other) in 37 wakes; continued 37 (cores 0-3: 7/0/8/22), busy 0, failed 0 (last rc 0x0); longest hold 829 us
[  1330.675] -> hb:433 sess=2 getdisp=2 relay=2 txn=148386 vic=ns:vic
[  1333.725] -> hb:434 sess=2 getdisp=2 relay=2 txn=148750 vic=ns:vic
[  1334.094] *** binder txn #148800  program=0100152000022000  session=20  code=3(dequeueBuffer) x74393  flags=0x0  in=116 out=4096
[  1336.761] -> hb:435 sess=2 getdisp=2 relay=2 txn=149116 vic=ns:vic
[  1339.094] *** binder txn #149400  program=0100152000022000  session=20  code=3(dequeueBuffer) x74693  flags=0x0  in=116 out=4096
[  1339.797] -> hb:436 sess=2 getdisp=2 relay=2 txn=149480 vic=ns:vic
[  1342.836] -> hb:437 sess=2 getdisp=2 relay=2 txn=149845 vic=ns:vic
[  1344.093] *** binder txn #150000  program=0100152000022000  session=20  code=3(dequeueBuffer) x74993  flags=0x0  in=116 out=4096
[  1345.883] -> hb:438 sess=2 getdisp=2 relay=2 txn=150210 vic=ns:vic
[  1348.919] -> hb:439 sess=2 getdisp=2 relay=2 txn=150576 vic=ns:vic
[  1349.090] *** binder txn #150600  program=0100152000022000  session=20  code=3(dequeueBuffer) x75293  flags=0x0  in=116 out=4096
[  1349.829]    nvstream window: 59.7 fps sent; per frame avg us: read 11101 (flush 874 of it)  VIC 1807  NVENC wait 43  GPU fence 1871; presents: 401 already drawn, 799 waited for, 6 skipped
[  1349.843]    nvstream: 50400 frames in 850006 ms, 50398 sent, avg 139321 B/frame (IDR 277248, P 136983), NVENC 460800000 Hz; game presented 60.0 fps this window
[  1349.851]    nvstream: debug events 37 (+15 threads, -22 threads, 0 other) in 37 wakes; continued 37 (cores 0-3: 7/0/8/22), busy 0, failed 0 (last rc 0x0); longest hold 829 us
[  1351.953] -> hb:440 sess=2 getdisp=2 relay=2 txn=150940 vic=ns:vic
[  1354.091] *** binder txn #151200  program=0100152000022000  session=20  code=3(dequeueBuffer) x75593  flags=0x0  in=116 out=4096
[  1354.994] -> hb:441 sess=2 getdisp=2 relay=2 txn=151304 vic=ns:vic
[  1358.042] -> hb:442 sess=2 getdisp=2 relay=2 txn=151670 vic=ns:vic
[  1359.090] *** binder txn #151800  program=0100152000022000  session=20  code=3(dequeueBuffer) x75893  flags=0x0  in=116 out=4096
[  1361.089] -> hb:443 sess=2 getdisp=2 relay=2 txn=152035 vic=ns:vic
[  1364.093] *** binder txn #152400  program=0100152000022000  session=20  code=3(dequeueBuffer) x76193  flags=0x0  in=116 out=4096
[  1364.133] -> hb:444 sess=2 getdisp=2 relay=2 txn=152400 vic=ns:vic
[  1367.179] -> hb:445 sess=2 getdisp=2 relay=2 txn=152766 vic=ns:vic
[  1369.091] *** binder txn #153000  program=0100152000022000  session=20  code=3(dequeueBuffer) x76493  flags=0x0  in=116 out=4096
[  1369.969]    nvstream window: 59.5 fps sent; per frame avg us: read 10646 (flush 1040 of it)  VIC 1855  NVENC wait 48  GPU fence 2348; presents: 313 already drawn, 887 waited for, 8 skipped
[  1369.979]    nvstream: 51600 frames in 870143 ms, 51598 sent, avg 139465 B/frame (IDR 276246, P 137146), NVENC 460800000 Hz; game presented 59.9 fps this window
[  1369.987]    nvstream: debug events 37 (+15 threads, -22 threads, 0 other) in 37 wakes; continued 37 (cores 0-3: 7/0/8/22), busy 0, failed 0 (last rc 0x0); longest hold 829 us
[  1370.218] -> hb:446 sess=2 getdisp=2 relay=2 txn=153130 vic=ns:vic
[  1373.258] -> hb:447 sess=2 getdisp=2 relay=2 txn=153496 vic=ns:vic
[  1374.093] *** binder txn #153600  program=0100152000022000  session=20  code=3(dequeueBuffer) x76793  flags=0x0  in=116 out=4096
[  1376.298] -> hb:448 sess=2 getdisp=2 relay=2 txn=153860 vic=ns:vic
[  1379.092] *** binder txn #154200  program=0100152000022000  session=20  code=3(dequeueBuffer) x77093  flags=0x0  in=116 out=4096
[  1379.334] -> hb:449 sess=2 getdisp=2 relay=2 txn=154226 vic=ns:vic
[  1382.366] -> hb:450 sess=2 getdisp=2 relay=2 txn=154590 vic=ns:vic
[  1384.093] *** binder txn #154800  program=0100152000022000  session=20  code=3(dequeueBuffer) x77393  flags=0x0  in=116 out=4096
[  1385.403] -> hb:451 sess=2 getdisp=2 relay=2 txn=154954 vic=ns:vic
[  1388.433] -> hb:452 sess=2 getdisp=2 relay=2 txn=155318 vic=ns:vic
[  1389.090] *** binder txn #155400  program=0100152000022000  session=20  code=3(dequeueBuffer) x77693  flags=0x0  in=116 out=4096
[  1390.013]    nvstream window: 59.8 fps sent; per frame avg us: read 10504 (flush 754 of it)  VIC 1750  NVENC wait 43  GPU fence 2508; presents: 282 already drawn, 918 waited for, 3 skipped
[  1390.024]    nvstream: 52800 frames in 890188 ms, 52798 sent, avg 139039 B/frame (IDR 275064, P 136734), NVENC 460800000 Hz; game presented 60.0 fps this window
[  1390.029]    nvstream: debug events 37 (+15 threads, -22 threads, 0 other) in 37 wakes; continued 37 (cores 0-3: 7/0/8/22), busy 0, failed 0 (last rc 0x0); longest hold 829 us
[  1391.464] -> hb:453 sess=2 getdisp=2 relay=2 txn=155682 vic=ns:vic
[  1394.092] *** binder txn #156000  program=0100152000022000  session=20  code=3(dequeueBuffer) x77993  flags=0x0  in=116 out=4096
[  1394.497] -> hb:454 sess=2 getdisp=2 relay=2 txn=156044 vic=ns:vic
[  1397.531] -> hb:455 sess=2 getdisp=2 relay=2 txn=156410 vic=ns:vic
[  1399.092] *** binder txn #156600  program=0100152000022000  session=20  code=3(dequeueBuffer) x78293  flags=0x0  in=116 out=4096
[  1400.559] -> hb:456 sess=2 getdisp=2 relay=2 txn=156772 vic=ns:vic
[  1403.593] -> hb:457 sess=2 getdisp=2 relay=2 txn=157136 vic=ns:vic
[  1404.093] *** binder txn #157200  program=0100152000022000  session=20  code=3(dequeueBuffer) x78593  flags=0x0  in=116 out=4096
[  1406.630] -> hb:458 sess=2 getdisp=2 relay=2 txn=157500 vic=ns:vic
[  1409.093] *** binder txn #157800  program=0100152000022000  session=20  code=3(dequeueBuffer) x78893  flags=0x0  in=116 out=4096
[  1409.658] -> hb:459 sess=2 getdisp=2 relay=2 txn=157864 vic=ns:vic
[  1410.030]    nvstream window: 59.9 fps sent; per frame avg us: read 9968 (flush 757 of it)  VIC 1757  NVENC wait 30  GPU fence 3280; presents: 169 already drawn, 1031 waited for, 1 skipped
[  1410.036]    nvstream: 54000 frames in 910200 ms, 53998 sent, avg 137894 B/frame (IDR 273221, P 135600), NVENC 460800000 Hz; game presented 59.9 fps this window
[  1410.045]    nvstream: debug events 37 (+15 threads, -22 threads, 0 other) in 37 wakes; continued 37 (cores 0-3: 7/0/8/22), busy 0, failed 0 (last rc 0x0); longest hold 829 us
[  1412.684] -> hb:460 sess=2 getdisp=2 relay=2 txn=158228 vic=ns:vic
[  1414.525] *** binder txn #158400  program=0100152000022000  session=20  code=3(dequeueBuffer) x79193  flags=0x0  in=116 out=4096
[  1415.714] -> hb:461 sess=2 getdisp=2 relay=2 txn=158540 vic=ns:vic
[  1418.781] -> hb:462 sess=2 getdisp=2 relay=2 txn=158902 vic=ns:vic
[  1419.524] *** binder txn #159000  program=0100152000022000  session=20  code=3(dequeueBuffer) x79493  flags=0x0  in=116 out=4096
[  1421.836] -> hb:463 sess=2 getdisp=2 relay=2 txn=159256 vic=ns:vic
[  1423.103]    nvstream: stopped: the game switched to a 720p picture
[  1423.134]    nvstream: 54720 frames sent in 923266 ms -> 59.2 fps (game presented 59.8 fps, 561 presents skipped), 0 encodes with errors
[  1423.152]    nvstream: per frame avg us: read+flush 8406  VIC 1618  NVENC 68  copy 128  usb 954; worst work 96266 us
[  1423.173]    nvstream: avg 136529 B/frame (max 559064) -> 64 Mbps at the achieved rate; 912 IDR avg 271218 B, 53808 P avg 134246 B; clock re-ensured 0 time(s)
[  1423.195]    nvstream: console latency, the game's present -> header sent: avg 36520 us, max 383784 us
[  1423.199]    nvstream: present fences: 54695 waited, avg 2793 us, max 33828 us, 5 timed out (30 ms), 0 presents without a readable fence
[  1423.202]    nvstream: presents taken (M96): 12094 already drawn, 42601 waited for (the oldest not yet drawn), 26 by the old latest-present rule
[  1423.209]    nvstream: per-stage max us: read 95125  VIC 34881  NVENC 13994  USB wait 14923  copy 10868; 21 frame(s) over 50 ms of work; 0 USB wait(s) over 500 ms (IDR forced after each)
[  1423.213]    nvstream: debug events 43 (+17 threads, -26 threads, 0 other) in 43 wakes; continued 43 (cores 0-3: 7/0/10/26), busy 0, failed 0 (last rc 0x0); longest hold 829 us
[  1423.218]    nvstream: ended to restart at the game's new picture size
[  1423.241] -> ns:stopped
[  1423.283]    live[8]: session ended - the picture size changed - restarting at the new size; detached
[  1423.491]    live[9]: attached to pid 147; 1920x1080, 3 slot(s); swapchain (26542080 B) at 0x004e5e6000; game held 556 us; 35 attach events, continue rc=0x0
[  1423.533] -> ns:1
[  1423.541]    ---- LIVE H.264 STREAM (M86): until the viewer or the game goes, an IDR every 60, QP 20 ----
[  1423.546]    nvstream: game swapchain 1920x1080 stride 1920 px, block height 2^4, 3 slot(s) of 8847360 B, format 0x100532120
[  1423.557]    nvstream: content 1920x1080 (docked) (140 samples outside the top-left 1280x720 not all zero) -> the VIC scales it to 1280x720
[  1423.562]    nvstream: encoding 1920x1080 (native 1080p: 1920x1088 coded, SPS-cropped); pipelined: the next frame is read while this one encodes
[  1423.567]    nvmapOwn(0x5476f60000, 0x870000) kept CACHEABLE - caller must flush before submit
[  1423.574]    nvmapOwn ok handle=44760 id=44760 kind=0 size=0x870000
[  1423.580]    MAP_CMD_BUFFER(nvf-slot handle=44760 compr=0 req=0xc0140009) rc=0x0 nverr=0 -> phys=0xc960000
[  1423.590]    nvmapOwn(0x5477e30000, 0x10b0000) kept CACHEABLE - caller must flush before submit
[  1423.596]    nvmapOwn ok handle=44764 id=44764 kind=0 size=0x10b0000
[  1423.603]    MAP_CMD_BUFFER(nvf-arena(vic) handle=44764 compr=0 req=0xc0140009) rc=0x0 nverr=0 -> phys=0xd1e0000
[  1423.609]    MAP_CMD_BUFFER(nvf-arena(enc) handle=44764 compr=0 req=0xc0140009) rc=0x0 nverr=0 -> phys=0xd1e0000
[  1423.613]    nvstream: arena 17088 KB at +15168 KB; VIC sees it at 0xd1e0000, NVENC at 0xd1e0000 (syncpt 14); picture 0xd595000/0xd793000, bits 0xd210000
[  1423.618]    clk-ensure(nvstream) #1 re-set max     : 2 request(s), SetAndWait rc=0x0 -> clkrst NVENC=460800000 Hz
[  1424.863] -> hb:464 sess=2 getdisp=2 relay=2 txn=159586 vic=ns:vic
[  1424.956] *** binder txn #159600  program=0100152000022000  session=20  code=3(dequeueBuffer) x79793  flags=0x0  in=116 out=4096
[  1427.909] -> hb:465 sess=2 getdisp=2 relay=2 txn=159948 vic=ns:vic
[  1429.634]    nvstream: stopped: the game switched to a 720p picture
[  1429.644]    nvstream: 360 frames sent in 6010 ms -> 59.8 fps (game presented 59.8 fps, 1 presents skipped), 0 encodes with errors
[  1429.648]    nvstream: per frame avg us: read+flush 4066  VIC 1190  NVENC 46  copy 28  usb 550; worst work 15261 us
[  1429.652]    nvstream: avg 37706 B/frame (max 236403) -> 18 Mbps at the achieved rate; 6 IDR avg 187900 B, 354 P avg 35160 B; clock re-ensured 0 time(s)
[  1429.656]    nvstream: console latency, the game's present -> header sent: avg 20891 us, max 60719 us
[  1429.660]    nvstream: present fences: 361 waited, avg 5790 us, max 10373 us, 0 timed out (30 ms), 0 presents without a readable fence
[  1429.664]    nvstream: presents taken (M96): 50 already drawn, 311 waited for (the oldest not yet drawn), 0 by the old latest-present rule
[  1429.667]    nvstream: per-stage max us: read 12863  VIC 6973  NVENC 4634  USB wait 2085  copy 1352; 0 frame(s) over 50 ms of work; 0 USB wait(s) over 500 ms (IDR forced after each)
[  1429.673]    nvstream: debug events 0 (+0 threads, -0 threads, 0 other) in 0 wakes; continued 0 (cores 0-3: 0/0/0/0), busy 0, failed 0 (last rc 0x0); longest hold 0 us
[  1429.678]    nvstream: ended to restart at the game's new picture size
[  1429.707] -> ns:stopped
[  1429.753]    live[9]: session ended - the picture size changed - restarting at the new size; detached
[  1429.957] *** binder txn #160200  program=0100152000022000  session=20  code=3(dequeueBuffer) x80093  flags=0x0  in=116 out=4096
[  1429.966]    live[10]: attached to pid 147; 1920x1080, 3 slot(s); swapchain (26542080 B) at 0x004e5e6000; game held 1249 us; 35 attach events, continue rc=0x0
[  1430.050] -> ns:1
[  1430.054]    ---- LIVE H.264 STREAM (M86): until the viewer or the game goes, an IDR every 60, QP 20 ----
[  1430.061]    nvstream: game swapchain 1920x1080 stride 1920 px, block height 2^4, 3 slot(s) of 8847360 B, format 0x100532120
[  1430.068]    nvstream: content 1280x720 (handheld) (140 samples outside the top-left 1280x720 all zero) -> the VIC converts the corner 1:1; later frames read only its 3.9 MB
[  1430.074]    nvstream: encoding 1280x720 (the handheld picture, 1:1)
[  1430.080]    nvmapOwn(0x5476f60000, 0x870000) kept CACHEABLE - caller must flush before submit
[  1430.085]    nvmapOwn ok handle=45884 id=45884 kind=0 size=0x870000
[  1430.090]    MAP_CMD_BUFFER(nvf-slot handle=45884 compr=0 req=0xc0140009) rc=0x0 nverr=0 -> phys=0xe2a0000
[  1430.095]    nvmapOwn(0x5477e30000, 0x6c5000) kept CACHEABLE - caller must flush before submit
[  1430.114]    nvmapOwn ok handle=45888 id=45888 kind=0 size=0x6c5000
[  1430.118]    MAP_CMD_BUFFER(nvf-arena(vic) handle=45888 compr=0 req=0xc0140009) rc=0x0 nverr=0 -> phys=0xeb20000
[  1430.123]    MAP_CMD_BUFFER(nvf-arena(enc) handle=45888 compr=0 req=0xc0140009) rc=0x0 nverr=0 -> phys=0xeb20000
[  1430.127]    nvstream: arena 6932 KB at +15168 KB; VIC sees it at 0xeb20000, NVENC at 0xeb20000 (syncpt 14); picture 0xed50000/0xee31000, bits 0xeb30000
[  1430.131]    clk-ensure(nvstream) #1 re-set max     : 2 request(s), SetAndWait rc=0x0 -> clkrst NVENC=460800000 Hz
[  1430.982] -> hb:466 sess=2 getdisp=2 relay=2 txn=160314 vic=ns:vic
[  1434.077] -> hb:467 sess=2 getdisp=2 relay=2 txn=160686 vic=ns:vic
[  1434.157]    nvstream: stopped: the game switched to a 1080p picture
[  1434.163]    nvstream: 240 frames sent in 4022 ms -> 59.6 fps (game presented 60.1 fps, 1 presents skipped), 0 encodes with errors
[  1434.166]    nvstream: per frame avg us: read+flush 2910  VIC 717  NVENC 2962  copy 7  usb 718; worst work 21180 us
[  1434.169]    nvstream: avg 5610 B/frame (max 51114) -> 2 Mbps at the achieved rate; 4 IDR avg 211 B, 236 P avg 5702 B; clock re-ensured 0 time(s)
[  1434.176]    nvstream: console latency, the game's present -> header sent: avg 11023 us, max 37107 us
[  1434.179]    nvstream: present fences: 241 waited, avg 1693 us, max 9591 us, 0 timed out (30 ms), 0 presents without a readable fence
[  1434.183]    nvstream: presents taken (M96): 155 already drawn, 86 waited for (the oldest not yet drawn), 0 by the old latest-present rule
[  1434.186]    nvstream: per-stage max us: read 16251  VIC 6081  NVENC 9993  USB wait 2864  copy 271; 0 frame(s) over 50 ms of work; 0 USB wait(s) over 500 ms (IDR forced after each)
[  1434.228]    nvstream: debug events 9 (+9 threads, -0 threads, 0 other) in 9 wakes; continued 9 (cores 0-3: 7/0/2/0), busy 0, failed 0 (last rc 0x0); longest hold 1311 us
[  1434.231]    nvstream: ended to restart at the game's new picture size
[  1434.290] -> ns:stopped
[  1434.334]    live[10]: session ended - the picture size changed - restarting at the new size; detached
[  1434.545]    live[11]: attached to pid 147; 1920x1080, 3 slot(s); swapchain (26542080 B) at 0x004e5e6000; game held 565 us; 44 attach events, continue rc=0x0
[  1434.629] -> ns:1
[  1434.647]    ---- LIVE H.264 STREAM (M86): until the viewer or the game goes, an IDR every 60, QP 20 ----
[  1434.650]    nvstream: game swapchain 1920x1080 stride 1920 px, block height 2^4, 3 slot(s) of 8847360 B, format 0x100532120
[  1434.681]    nvstream: content 1920x1080 (docked) (140 samples outside the top-left 1280x720 not all zero) -> the VIC scales it to 1280x720
[  1434.685]    nvstream: encoding 1920x1080 (native 1080p: 1920x1088 coded, SPS-cropped); pipelined: the next frame is read while this one encodes
[  1434.692]    nvmapOwn(0x5476f60000, 0x870000) kept CACHEABLE - caller must flush before submit
[  1434.696]    nvmapOwn ok handle=46868 id=46868 kind=0 size=0x870000
[  1434.701]    MAP_CMD_BUFFER(nvf-slot handle=46868 compr=0 req=0xc0140009) rc=0x0 nverr=0 -> phys=0xf200000
[  1434.714]    nvmapOwn(0x5477e30000, 0x10b0000) kept CACHEABLE - caller must flush before submit
[  1434.718]    nvmapOwn ok handle=46872 id=46872 kind=0 size=0x10b0000
[  1434.725]    MAP_CMD_BUFFER(nvf-arena(vic) handle=46872 compr=0 req=0xc0140009) rc=0x0 nverr=0 -> phys=0xfa80000
[  1434.750]    MAP_CMD_BUFFER(nvf-arena(enc) handle=46872 compr=0 req=0xc0140009) rc=0x0 nverr=0 -> phys=0xfa80000
[  1434.753]    nvstream: arena 17088 KB at +15168 KB; VIC sees it at 0xfa80000, NVENC at 0xfa80000 (syncpt 14); picture 0xfe35000/0x10033000, bits 0xfab0000
[  1434.759]    clk-ensure(nvstream) #1 re-set max     : 2 request(s), SetAndWait rc=0x0 -> clkrst NVENC=460800000 Hz
[  1434.958] *** binder txn #160800  program=0100152000022000  session=20  code=3(dequeueBuffer) x80393  flags=0x0  in=116 out=4096
[  1437.141] -> hb:468 sess=2 getdisp=2 relay=2 txn=161056 vic=ns:vic
[  1439.967] *** binder txn #161400  program=0100152000022000  session=20  code=3(dequeueBuffer) x80693  flags=0x0  in=116 out=4096
[  1440.211] -> hb:469 sess=2 getdisp=2 relay=2 txn=161422 vic=ns:vic
[  1443.251] -> hb:470 sess=2 getdisp=2 relay=2 txn=161706 vic=ns:vic
[  1446.277] -> hb:471 sess=2 getdisp=2 relay=2 txn=161706 vic=ns:vic
[  1449.296] -> hb:472 sess=2 getdisp=2 relay=2 txn=161706 vic=ns:vic
[  1452.320] -> hb:473 sess=2 getdisp=2 relay=2 txn=161706 vic=ns:vic
[  1455.364] -> hb:474 sess=2 getdisp=2 relay=2 txn=161706 vic=ns:vic
[  1458.391] -> hb:475 sess=2 getdisp=2 relay=2 txn=161706 vic=ns:vic
[  1461.418] -> hb:476 sess=2 getdisp=2 relay=2 txn=161706 vic=ns:vic
[  1462.613] sftap: stream turned OFF from the overlay
[  1462.676]    nvstream: stopped: turned off from the overlay
[  1462.684]    nvstream: 709 frames sent in 27912 ms -> 25.4 fps (game presented 16.6 fps, 75 presents skipped), 0 encodes with errors
[  1462.692]    nvstream: per frame avg us: read+flush 8084  VIC 1606  NVENC 82  copy 132  usb 1101; worst work 92699 us
[  1462.699]    nvstream: avg 68569 B/frame (max 578581) -> 13 Mbps at the achieved rate; 12 IDR avg 449475 B, 697 P avg 62012 B; clock re-ensured 0 time(s)
[  1462.709]    nvstream: console latency, the game's present -> header sent: avg 4385668 us, max 20169609 us
[  1462.716]    nvstream: present fences: 391 waited, avg 3440 us, max 30894 us, 0 timed out (30 ms), 0 presents without a readable fence
[  1462.725]    nvstream: presents taken (M96): 164 already drawn, 227 waited for (the oldest not yet drawn), 319 by the old latest-present rule
[  1462.732]    nvstream: per-stage max us: read 83800  VIC 15572  NVENC 10228  USB wait 13187  copy 13219; 1 frame(s) over 50 ms of work; 0 USB wait(s) over 500 ms (IDR forced after each)
[  1462.742]    nvstream: STALL at frame 143 (+2421 ms): read 83800 us, VIC 741 us, NVENC 15 us, waiting for the previous USB transfer 37 us, copy 25 us
[  1462.749]    nvstream: debug events 7 (+7 threads, -0 threads, 0 other) in 7 wakes; continued 7 (cores 0-3: 7/0/0/0), busy 0, failed 0 (last rc 0x0); longest hold 8443 us
[  1462.781] -> ns:stopped
[  1462.809]    live[11]: session ended - turned off from the overlay; detached
[  1462.847]    live: turned off (overlay)
[  1462.902] -> live:off
[  1467.513] -> hb:477 sess=2 getdisp=2 relay=2 txn=161706 vic=live:off
[  1470.591] -> hb:478 sess=2 getdisp=2 relay=2 txn=161706 vic=live:off
[  1473.631] -> hb:479 sess=2 getdisp=2 relay=2 txn=161706 vic=live:off
[  1476.663] -> hb:480 sess=2 getdisp=2 relay=2 txn=161706 vic=live:off
[  1479.778] -> hb:481 sess=2 getdisp=2 relay=2 txn=161706 vic=live:off
[  1481.719] OnNeedsToAccept port=0 program=0100152000022000
[  1481.730]   AcceptMitmImpl rc=0x0
[  1481.751] -> GetDisplayService:enter
[  1481.758]    program=0100152000022000 mode=0
[  1481.778] -> GetDisplayService:done
[  1481.804] -> GetRelayService:enter
[  1481.845] -> GetRelayService:wrapped
[  1481.872] -> OpenDisplay:enter
[  1481.877]    OpenDisplay "Default" -> display_id=103
[  1481.947] *** binder txn #161707  program=0100152000022000  session=20  code=10(connect) x3  flags=0x0  in=108 out=4096
[  1481.959] *** binder txn #161708  program=0100152000022000  session=20  code=9(query) x3  flags=0x0  in=100 out=4096
[  1481.978] -> binder:parse_preallocated
[  1481.985] === setPreallocatedBuffer#7 slot 0 NvGraphicBuffer ===
[  1481.993]     nvmap_id=47848  stride=1920 px  total_size=8847360 B  num_planes=1  usage=0xb00  format=0x1
[  1481.997]     plane[0] 1920x1080  pitch=7680 B  offset=0x0  size=8847360 B
[  1482.001]              fmt=0x100532120(A8B8G8R8)  layout=3(BlockLinear)  kind=0xfe(Generic_16BX2)  block_h_log2=4  scan=0(Progressive)
[  1482.004]    captured slot 0: nvmap=47848 1920x1080 stride_px=1920 blk_h_log2=4 off=0x0 pixfmt=33 (slots=1)
[  1482.046] -> binder:parse_preallocated
[  1482.053] === setPreallocatedBuffer#8 slot 1 NvGraphicBuffer ===
[  1482.060]     nvmap_id=47848  stride=1920 px  total_size=8847360 B  num_planes=1  usage=0xb00  format=0x1
[  1482.067]     plane[0] 1920x1080  pitch=7680 B  offset=0x870000  size=8847360 B
[  1482.074]              fmt=0x100532120(A8B8G8R8)  layout=3(BlockLinear)  kind=0xfe(Generic_16BX2)  block_h_log2=4  scan=0(Progressive)
[  1482.080]    captured slot 1: nvmap=47848 1920x1080 stride_px=1920 blk_h_log2=4 off=0x870000 pixfmt=33 (slots=2)
[  1482.106] -> binder:parse_preallocated
[  1482.112] === setPreallocatedBuffer#9 slot 2 NvGraphicBuffer ===
[  1482.117]     nvmap_id=47848  stride=1920 px  total_size=8847360 B  num_planes=1  usage=0xb00  format=0x1
[  1482.120]     plane[0] 1920x1080  pitch=7680 B  offset=0x10e0000  size=8847360 B
[  1482.125]              fmt=0x100532120(A8B8G8R8)  layout=3(BlockLinear)  kind=0xfe(Generic_16BX2)  block_h_log2=4  scan=0(Progressive)
[  1482.129]    captured slot 2: nvmap=47848 1920x1080 stride_px=1920 blk_h_log2=4 off=0x10e0000 pixfmt=33 (slots=3)
[  1482.875] -> hb:482 sess=3 getdisp=3 relay=3 txn=161713 vic=live:off
[  1486.007] -> hb:483 sess=3 getdisp=3 relay=3 txn=161738 vic=live:off
[  1488.129] *** binder txn #162000  program=0100152000022000  session=20  code=7(queueBuffer) x80987  flags=0x0  in=192 out=4096
[  1489.063] -> hb:484 sess=3 getdisp=3 relay=3 txn=162109 vic=live:off
[  1492.136] -> hb:485 sess=3 getdisp=3 relay=3 txn=162474 vic=live:off
[  1493.126] *** binder txn #162600  program=0100152000022000  session=20  code=7(queueBuffer) x81287  flags=0x0  in=192 out=4096
[  1495.210] -> hb:486 sess=3 getdisp=3 relay=3 txn=162845 vic=live:off
[  1498.126] *** binder txn #163200  program=0100152000022000  session=20  code=7(queueBuffer) x81587  flags=0x0  in=192 out=4096
[  1498.243] -> hb:487 sess=3 getdisp=3 relay=3 txn=163211 vic=live:off
[  1501.269] -> hb:488 sess=3 getdisp=3 relay=3 txn=163575 vic=live:off
[  1502.248] sftap: stream turned ON from the overlay
[  1502.449]    live: turned on (overlay)
[  1502.663]    live[12]: attached to pid 152; 1920x1080, 3 slot(s); swapchain (26542080 B) at 0x064f1e6000; game held 471 us; 44 attach events, continue rc=0x0
[  1502.714] -> ns:1
[  1502.719]    ---- LIVE H.264 STREAM (M86): until the viewer or the game goes, an IDR every 60, QP 20 ----
[  1502.728]    nvstream: game swapchain 1920x1080 stride 1920 px, block height 2^4, 3 slot(s) of 8847360 B, format 0x100532120
[  1502.736]    nvstream: content 1280x720 (handheld) (140 samples outside the top-left 1280x720 all zero) -> the VIC converts the corner 1:1; later frames read only its 3.9 MB
[  1502.743]    nvstream: encoding 1280x720 (the handheld picture, 1:1)
[  1502.748]    nvmapOwn(0x5476f60000, 0x870000) kept CACHEABLE - caller must flush before submit
[  1502.752]    nvmapOwn ok handle=52100 id=52100 kind=0 size=0x870000
[  1502.762]    MAP_CMD_BUFFER(nvf-slot handle=52100 compr=0 req=0xc0140009) rc=0x0 nverr=0 -> phys=0x10b40000
[  1502.768]    nvmapOwn(0x5477e30000, 0x6c5000) kept CACHEABLE - caller must flush before submit
[  1502.777]    nvmapOwn ok handle=52104 id=52104 kind=0 size=0x6c5000
[  1502.782]    MAP_CMD_BUFFER(nvf-arena(vic) handle=52104 compr=0 req=0xc0140009) rc=0x0 nverr=0 -> phys=0x113c0000
[  1502.795]    MAP_CMD_BUFFER(nvf-arena(enc) handle=52104 compr=0 req=0xc0140009) rc=0x0 nverr=0 -> phys=0x113c0000
[  1502.800]    nvstream: arena 6932 KB at +15168 KB; VIC sees it at 0x113c0000, NVENC at 0x113c0000 (syncpt 14); picture 0x115f0000/0x116d1000, bits 0x113d0000
[  1502.810]    clk-ensure(nvstream) #1 re-set max     : 2 request(s), SetAndWait rc=0x0 -> clkrst NVENC=460800000 Hz
[  1503.125] *** binder txn #163800  program=0100152000022000  session=20  code=7(queueBuffer) x81887  flags=0x0  in=192 out=4096
[  1504.316] -> hb:489 sess=3 getdisp=3 relay=3 txn=163939 vic=ns:vic
[  1507.347] -> hb:490 sess=3 getdisp=3 relay=3 txn=164305 vic=ns:vic
[  1508.128] *** binder txn #164400  program=0100152000022000  session=20  code=7(queueBuffer) x82187  flags=0x0  in=192 out=4096
[  1508.811]    nvstream: stopped: the game switched to a 1080p picture
[  1508.816]    nvstream: 360 frames sent in 5996 ms -> 60.0 fps (game presented 60.0 fps, 0 presents skipped), 0 encodes with errors
[  1508.820]    nvstream: per frame avg us: read+flush 1701  VIC 496  NVENC 3678  copy 3  usb 770; worst work 20787 us
[  1508.829]    nvstream: avg 5445 B/frame (max 245363) -> 2 Mbps at the achieved rate; 6 IDR avg 233785 B, 354 P avg 1575 B; clock re-ensured 0 time(s)
[  1508.833]    nvstream: console latency, the game's present -> header sent: avg 9088 us, max 22134 us
[  1508.836]    nvstream: present fences: 361 waited, avg 1460 us, max 5485 us, 0 timed out (30 ms), 0 presents without a readable fence
[  1508.845]    nvstream: presents taken (M96): 70 already drawn, 291 waited for (the oldest not yet drawn), 0 by the old latest-present rule
[  1508.849]    nvstream: per-stage max us: read 9472  VIC 1518  NVENC 12481  USB wait 7544  copy 110; 0 frame(s) over 50 ms of work; 0 USB wait(s) over 500 ms (IDR forced after each)
[  1508.853]    nvstream: debug events 0 (+0 threads, -0 threads, 0 other) in 0 wakes; continued 0 (cores 0-3: 0/0/0/0), busy 0, failed 0 (last rc 0x0); longest hold 0 us
[  1508.862]    nvstream: ended to restart at the game's new picture size
[  1508.884] -> ns:stopped
[  1508.919]    live[12]: session ended - the picture size changed - restarting at the new size; detached
[  1509.148]    live[13]: attached to pid 152; 1920x1080, 3 slot(s); swapchain (26542080 B) at 0x064f1e6000; game held 377 us; 44 attach events, continue rc=0x0
[  1509.177] -> ns:1
[  1509.183]    ---- LIVE H.264 STREAM (M86): until the viewer or the game goes, an IDR every 60, QP 20 ----
[  1509.187]    nvstream: game swapchain 1920x1080 stride 1920 px, block height 2^4, 3 slot(s) of 8847360 B, format 0x100532120
[  1509.203]    nvstream: content 1920x1080 (docked) (140 samples outside the top-left 1280x720 not all zero) -> the VIC scales it to 1280x720
[  1509.211]    nvstream: encoding 1920x1080 (native 1080p: 1920x1088 coded, SPS-cropped); pipelined: the next frame is read while this one encodes
[  1509.216]    nvmapOwn(0x5476f60000, 0x870000) kept CACHEABLE - caller must flush before submit
[  1509.219]    nvmapOwn ok handle=52112 id=52112 kind=0 size=0x870000
[  1509.229]    MAP_CMD_BUFFER(nvf-slot handle=52112 compr=0 req=0xc0140009) rc=0x0 nverr=0 -> phys=0x11aa0000
[  1509.237]    nvmapOwn(0x5477e30000, 0x10b0000) kept CACHEABLE - caller must flush before submit
[  1509.249]    nvmapOwn ok handle=52116 id=52116 kind=0 size=0x10b0000
[  1509.263]    MAP_CMD_BUFFER(nvf-arena(vic) handle=52116 compr=0 req=0xc0140009) rc=0x0 nverr=0 -> phys=0x12320000
[  1509.268]    MAP_CMD_BUFFER(nvf-arena(enc) handle=52116 compr=0 req=0xc0140009) rc=0x0 nverr=0 -> phys=0x12320000
[  1509.277]    nvstream: arena 17088 KB at +15168 KB; VIC sees it at 0x12320000, NVENC at 0x12320000 (syncpt 14); picture 0x126d5000/0x128d3000, bits 0x12350000
[  1509.282]    clk-ensure(nvstream) #1 re-set max     : 2 request(s), SetAndWait rc=0x0 -> clkrst NVENC=460800000 Hz
[  1510.369] -> hb:491 sess=3 getdisp=3 relay=3 txn=164667 vic=ns:vic
[  1513.124] *** binder txn #165000  program=0100152000022000  session=20  code=7(queueBuffer) x82487  flags=0x0  in=192 out=4096
[  1513.432] -> hb:492 sess=3 getdisp=3 relay=3 txn=165033 vic=ns:vic
[  1516.499] -> hb:493 sess=3 getdisp=3 relay=3 txn=165398 vic=ns:vic
[  1518.122] *** binder txn #165600  program=0100152000022000  session=20  code=7(queueBuffer) x82787  flags=0x0  in=192 out=4096
[  1519.545] -> hb:494 sess=3 getdisp=3 relay=3 txn=165769 vic=ns:vic
[  1522.570] -> hb:495 sess=3 getdisp=3 relay=3 txn=166131 vic=ns:vic
[  1523.126] *** binder txn #166200  program=0100152000022000  session=20  code=7(queueBuffer) x83087  flags=0x0  in=192 out=4096
[  1525.611] -> hb:496 sess=3 getdisp=3 relay=3 txn=166495 vic=ns:vic
[  1528.122] *** binder txn #166800  program=0100152000022000  session=20  code=7(queueBuffer) x83387  flags=0x0  in=192 out=4096
[  1528.635] -> hb:497 sess=3 getdisp=3 relay=3 txn=166859 vic=ns:vic
[  1530.470]    nvstream: STALL at frame 406 (+7080 ms): read 14586 us, VIC 1816 us, NVENC 54 us, waiting for the previous USB transfer 544 us, copy 3 us
[  1530.478]    nvstream: STALL at frame 1067 (+18935 ms): read 26353 us, VIC 23379 us, NVENC 130 us, waiting for the previous USB transfer 37 us, copy 0 us
[  1530.482]    nvstream window: 56.5 fps sent; per frame avg us: read 8049 (flush 941 of it)  VIC 1702  NVENC wait 43  GPU fence 4012; presents: 226 already drawn, 975 waited for, 71 skipped
[  1530.486]    nvstream: 1200 frames in 21190 ms, 1198 sent, avg 24033 B/frame (IDR 282711, P 19645), NVENC 460800000 Hz; game presented 59.9 fps this window
[  1530.494]    nvstream: debug events 7 (+7 threads, -0 threads, 0 other) in 7 wakes; continued 7 (cores 0-3: 7/0/0/0), busy 0, failed 0 (last rc 0x0); longest hold 2680 us
[  1531.661] -> hb:498 sess=3 getdisp=3 relay=3 txn=167223 vic=ns:vic
[  1533.122] *** binder txn #167400  program=0100152000022000  session=20  code=7(queueBuffer) x83687  flags=0x0  in=192 out=4096
[  1534.713] -> hb:499 sess=3 getdisp=3 relay=3 txn=167585 vic=ns:vic
[  1537.734] -> hb:500 sess=3 getdisp=3 relay=3 txn=167951 vic=ns:vic
[  1538.122] *** binder txn #168000  program=0100152000022000  session=20  code=7(queueBuffer) x83987  flags=0x0  in=192 out=4096
[  1540.759] -> hb:501 sess=3 getdisp=3 relay=3 txn=168315 vic=ns:vic
[  1543.123] *** binder txn #168600  program=0100152000022000  session=20  code=7(queueBuffer) x84287  flags=0x0  in=192 out=4096
[  1543.781] -> hb:502 sess=3 getdisp=3 relay=3 txn=168677 vic=ns:vic
[  1546.812] -> hb:503 sess=3 getdisp=3 relay=3 txn=169039 vic=ns:vic
[  1548.122] *** binder txn #169200  program=0100152000022000  session=20  code=7(queueBuffer) x84587  flags=0x0  in=192 out=4096
[  1549.842] -> hb:504 sess=3 getdisp=3 relay=3 txn=169403 vic=ns:vic
[  1550.673]    nvstream window: 59.4 fps sent; per frame avg us: read 7478 (flush 661 of it)  VIC 1802  NVENC wait 31  GPU fence 5441; presents: 143 already drawn, 1057 waited for, 9 skipped
[  1550.679]    nvstream: 2400 frames in 41383 ms, 2398 sent, avg 31292 B/frame (IDR 254986, P 27499), NVENC 460800000 Hz; game presented 59.9 fps this window
[  1550.683]    nvstream: debug events 20 (+16 threads, -4 threads, 0 other) in 20 wakes; continued 20 (cores 0-3: 14/0/2/4), busy 0, failed 0 (last rc 0x0); longest hold 2680 us
[  1552.866] -> hb:505 sess=3 getdisp=3 relay=3 txn=169759 vic=ns:vic
[  1553.191] *** binder txn #169800  program=0100152000022000  session=20  code=7(queueBuffer) x84887  flags=0x0  in=192 out=4096
[  1555.887] -> hb:506 sess=3 getdisp=3 relay=3 txn=170121 vic=ns:vic
[  1558.191] *** binder txn #170400  program=0100152000022000  session=20  code=7(queueBuffer) x85187  flags=0x0  in=192 out=4096
[  1559.059] -> hb:507 sess=3 getdisp=3 relay=3 txn=170485 vic=ns:vic
[  1562.381] -> hb:508 sess=3 getdisp=3 relay=3 txn=170873 vic=ns:vic
[  1563.189] *** binder txn #171000  program=0100152000022000  session=20  code=7(queueBuffer) x85487  flags=0x0  in=192 out=4096
[  1565.669] -> hb:509 sess=3 getdisp=3 relay=3 txn=171266 vic=ns:vic
[  1568.238] *** binder txn #171600  program=0100152000022000  session=20  code=7(queueBuffer) x85787  flags=0x0  in=192 out=4096
[  1568.968] -> hb:510 sess=3 getdisp=3 relay=3 txn=171645 vic=ns:vic
[  1571.601]    nvstream: STALL at frame 3160 (+54683 ms): read 23834 us, VIC 4490 us, NVENC 15 us, waiting for the previous USB transfer 214 us, copy 23 us
[  1571.675]    nvstream window: 57.1 fps sent; per frame avg us: read 10106 (flush 800 of it)  VIC 2180  NVENC wait 50  GPU fence 3120; presents: 331 already drawn, 866 waited for, 47 skipped
[  1571.748]    nvstream: 3600 frames in 62452 ms, 3598 sent, avg 38079 B/frame (IDR 255068, P 34401), NVENC 460800000 Hz; game presented 59.4 fps this window
[  1571.819]    nvstream: debug events 24 (+18 threads, -6 threads, 0 other) in 24 wakes; continued 24 (cores 0-3: 16/0/2/6), busy 0, failed 0 (last rc 0x0); longest hold 2680 us
[  1572.265] -> hb:511 sess=3 getdisp=3 relay=3 txn=172045 vic=ns:vic
[  1573.356] *** binder txn #172200  program=0100152000022000  session=20  code=7(queueBuffer) x86087  flags=0x0  in=192 out=4096
[  1575.544] -> hb:512 sess=3 getdisp=3 relay=3 txn=172433 vic=ns:vic
[  1578.406] *** binder txn #172800  program=0100152000022000  session=20  code=7(queueBuffer) x86387  flags=0x0  in=192 out=4096
[  1578.829] -> hb:513 sess=3 getdisp=3 relay=3 txn=172819 vic=ns:vic
[  1582.127] -> hb:514 sess=3 getdisp=3 relay=3 txn=173213 vic=ns:vic
[  1583.457] *** binder txn #173400  program=0100152000022000  session=20  code=7(queueBuffer) x86687  flags=0x0  in=192 out=4096
[  1585.397] -> hb:515 sess=3 getdisp=3 relay=3 txn=173603 vic=ns:vic
[  1588.522] *** binder txn #174000  program=0100152000022000  session=20  code=7(queueBuffer) x86987  flags=0x0  in=192 out=4096
[  1588.531] -> hb:516 sess=3 getdisp=3 relay=3 txn=173995 vic=ns:vic
[  1591.581] -> hb:517 sess=3 getdisp=3 relay=3 txn=174365 vic=ns:vic
[  1591.999]    nvstream window: 59.0 fps sent; per frame avg us: read 9576 (flush 504 of it)  VIC 1941  NVENC wait 35  GPU fence 3245; presents: 192 already drawn, 1005 waited for, 18 skipped
[  1592.013]    nvstream: 4800 frames in 82717 ms, 4798 sent, avg 39692 B/frame (IDR 274502, P 35712), NVENC 460800000 Hz; game presented 59.5 fps this window
[  1592.027]    nvstream: debug events 24 (+18 threads, -6 threads, 0 other) in 24 wakes; continued 24 (cores 0-3: 16/0/2/6), busy 0, failed 0 (last rc 0x0); longest hold 2680 us
[  1593.505] *** binder txn #174600  program=0100152000022000  session=20  code=7(queueBuffer) x87287  flags=0x0  in=192 out=4096
[  1594.634] -> hb:518 sess=3 getdisp=3 relay=3 txn=174731 vic=ns:vic
[  1597.677] -> hb:519 sess=3 getdisp=3 relay=3 txn=175097 vic=ns:vic
[  1598.508] *** binder txn #175200  program=0100152000022000  session=20  code=7(queueBuffer) x87587  flags=0x0  in=192 out=4096
[  1600.797] -> hb:520 sess=3 getdisp=3 relay=3 txn=175439 vic=ns:vic
[  1603.689] *** binder txn #175800  program=0100152000022000  session=20  code=7(queueBuffer) x87887  flags=0x0  in=192 out=4096
[  1603.934] -> hb:521 sess=3 getdisp=3 relay=3 txn=175819 vic=ns:vic
[  1607.026] -> hb:522 sess=3 getdisp=3 relay=3 txn=176187 vic=ns:vic
[  1608.757] *** binder txn #176400  program=0100152000022000  session=20  code=7(queueBuffer) x88187  flags=0x0  in=192 out=4096
[  1610.078] -> hb:523 sess=3 getdisp=3 relay=3 txn=176555 vic=ns:vic
[  1612.745]    nvstream: STALL at frame 5278 (+90866 ms): read 102398 us, VIC 816 us, NVENC 2669 us, waiting for the previous USB transfer 559 us, copy 1 us
[  1612.759]    nvstream window: 57.8 fps sent; per frame avg us: read 8910 (flush 791 of it)  VIC 1638  NVENC wait 64  GPU fence 2933; presents: 377 already drawn, 821 waited for, 32 skipped
[  1612.768]    nvstream: 6000 frames in 103472 ms, 5998 sent, avg 42711 B/frame (IDR 272405, P 38817), NVENC 460800000 Hz; game presented 59.2 fps this window
[  1612.778]    nvstream: debug events 42 (+20 threads, -22 threads, 0 other) in 42 wakes; continued 42 (cores 0-3: 16/0/4/22), busy 0, failed 0 (last rc 0x0); longest hold 2680 us
[  1613.136] -> hb:524 sess=3 getdisp=3 relay=3 txn=176921 vic=ns:vic
[  1613.755] *** binder txn #177000  program=0100152000022000  session=20  code=7(queueBuffer) x88487  flags=0x0  in=192 out=4096
[  1616.182] -> hb:525 sess=3 getdisp=3 relay=3 txn=177287 vic=ns:vic
[  1618.756] *** binder txn #177600  program=0100152000022000  session=20  code=7(queueBuffer) x88787  flags=0x0  in=192 out=4096
[  1619.232] -> hb:526 sess=3 getdisp=3 relay=3 txn=177653 vic=ns:vic
[  1622.281] -> hb:527 sess=3 getdisp=3 relay=3 txn=178019 vic=ns:vic
[  1623.755] *** binder txn #178200  program=0100152000022000  session=20  code=7(queueBuffer) x89087  flags=0x0  in=192 out=4096
[  1625.329] -> hb:528 sess=3 getdisp=3 relay=3 txn=178385 vic=ns:vic
[  1628.386] -> hb:529 sess=3 getdisp=3 relay=3 txn=178751 vic=ns:vic
[  1628.756] *** binder txn #178800  program=0100152000022000  session=20  code=7(queueBuffer) x89387  flags=0x0  in=192 out=4096
[  1631.437] -> hb:530 sess=3 getdisp=3 relay=3 txn=179117 vic=ns:vic
[  1632.947]    nvstream window: 59.4 fps sent; per frame avg us: read 10256 (flush 836 of it)  VIC 1654  NVENC wait 52  GPU fence 2920; presents: 267 already drawn, 933 waited for, 12 skipped
[  1632.960]    nvstream: 7200 frames in 123664 ms, 7198 sent, avg 56259 B/frame (IDR 279754, P 52470), NVENC 460800000 Hz; game presented 60.0 fps this window
[  1632.970]    nvstream: debug events 42 (+20 threads, -22 threads, 0 other) in 42 wakes; continued 42 (cores 0-3: 16/0/4/22), busy 0, failed 0 (last rc 0x0); longest hold 2680 us
[  1633.757] *** binder txn #179400  program=0100152000022000  session=20  code=7(queueBuffer) x89687  flags=0x0  in=192 out=4096
[  1634.495] -> hb:531 sess=3 getdisp=3 relay=3 txn=179485 vic=ns:vic
[  1637.549] -> hb:532 sess=3 getdisp=3 relay=3 txn=179850 vic=ns:vic
[  1638.757] *** binder txn #180000  program=0100152000022000  session=20  code=7(queueBuffer) x89987  flags=0x0  in=192 out=4096
[  1640.609] -> hb:533 sess=3 getdisp=3 relay=3 txn=180217 vic=ns:vic
[  1643.665] -> hb:534 sess=3 getdisp=3 relay=3 txn=180585 vic=ns:vic
[  1643.755] *** binder txn #180600  program=0100152000022000  session=20  code=7(queueBuffer) x90287  flags=0x0  in=192 out=4096
[  1646.727] -> hb:535 sess=3 getdisp=3 relay=3 txn=180951 vic=ns:vic
[  1648.756] *** binder txn #181200  program=0100152000022000  session=20  code=7(queueBuffer) x90587  flags=0x0  in=192 out=4096
[  1649.782] -> hb:536 sess=3 getdisp=3 relay=3 txn=181319 vic=ns:vic
[  1652.883] -> hb:537 sess=3 getdisp=3 relay=3 txn=181685 vic=ns:vic
[  1653.099]    nvstream window: 59.5 fps sent; per frame avg us: read 11050 (flush 755 of it)  VIC 1776  NVENC wait 65  GPU fence 1521; presents: 521 already drawn, 679 waited for, 9 skipped
[  1653.112]    nvstream: 8400 frames in 143816 ms, 8398 sent, avg 69368 B/frame (IDR 270002, P 65967), NVENC 460800000 Hz; game presented 59.9 fps this window
[  1653.126]    nvstream: debug events 42 (+20 threads, -22 threads, 0 other) in 42 wakes; continued 42 (cores 0-3: 16/0/4/22), busy 0, failed 0 (last rc 0x0); longest hold 2680 us
[  1653.756] *** binder txn #181800  program=0100152000022000  session=20  code=7(queueBuffer) x90887  flags=0x0  in=192 out=4096
[  1655.983] -> hb:538 sess=3 getdisp=3 relay=3 txn=182059 vic=ns:vic
[  1658.755] *** binder txn #182400  program=0100152000022000  session=20  code=7(queueBuffer) x91187  flags=0x0  in=192 out=4096
[  1659.084] -> hb:539 sess=3 getdisp=3 relay=3 txn=182431 vic=ns:vic
[  1662.185] -> hb:540 sess=3 getdisp=3 relay=3 txn=182803 vic=ns:vic
[  1663.757] *** binder txn #183000  program=0100152000022000  session=20  code=7(queueBuffer) x91487  flags=0x0  in=192 out=4096
[  1665.283] -> hb:541 sess=3 getdisp=3 relay=3 txn=183175 vic=ns:vic
[  1668.382] -> hb:542 sess=3 getdisp=3 relay=3 txn=183547 vic=ns:vic
[  1668.757] *** binder txn #183600  program=0100152000022000  session=20  code=7(queueBuffer) x91787  flags=0x0  in=192 out=4096
[  1671.449] -> hb:543 sess=3 getdisp=3 relay=3 txn=183919 vic=ns:vic
[  1673.451]    nvstream window: 58.9 fps sent; per frame avg us: read 11190 (flush 992 of it)  VIC 1889  NVENC wait 55  GPU fence 1354; presents: 669 already drawn, 531 waited for, 21 skipped
[  1673.462]    nvstream: 9600 frames in 164166 ms, 9598 sent, avg 78891 B/frame (IDR 262235, P 75783), NVENC 460800000 Hz; game presented 59.9 fps this window
[  1673.475]    nvstream: debug events 42 (+20 threads, -22 threads, 0 other) in 42 wakes; continued 42 (cores 0-3: 16/0/4/22), busy 0, failed 0 (last rc 0x0); longest hold 2680 us
[  1673.758] *** binder txn #184200  program=0100152000022000  session=20  code=7(queueBuffer) x92087  flags=0x0  in=192 out=4096
[  1674.503] -> hb:544 sess=3 getdisp=3 relay=3 txn=184285 vic=ns:vic
[  1677.552] -> hb:545 sess=3 getdisp=3 relay=3 txn=184651 vic=ns:vic
[  1678.757] *** binder txn #184800  program=0100152000022000  session=20  code=7(queueBuffer) x92387  flags=0x0  in=192 out=4096
[  1680.603] -> hb:546 sess=3 getdisp=3 relay=3 txn=185017 vic=ns:vic
[  1683.663] -> hb:547 sess=3 getdisp=3 relay=3 txn=185383 vic=ns:vic
[  1683.762] *** binder txn #185400  program=0100152000022000  session=20  code=7(queueBuffer) x92687  flags=0x0  in=192 out=4096
[  1686.727] -> hb:548 sess=3 getdisp=3 relay=3 txn=185751 vic=ns:vic
[  1688.756] *** binder txn #186000  program=0100152000022000  session=20  code=7(queueBuffer) x92987  flags=0x0  in=192 out=4096
[  1689.779] -> hb:549 sess=3 getdisp=3 relay=3 txn=186119 vic=ns:vic
[  1692.841] -> hb:550 sess=3 getdisp=3 relay=3 txn=186484 vic=ns:vic
[  1693.683]    nvstream window: 59.3 fps sent; per frame avg us: read 11095 (flush 944 of it)  VIC 1801  NVENC wait 31  GPU fence 1755; presents: 485 already drawn, 715 waited for, 14 skipped
[  1693.694]    nvstream: 10800 frames in 184398 ms, 10798 sent, avg 85391 B/frame (IDR 256942, P 82483), NVENC 460800000 Hz; game presented 60.0 fps this window
[  1693.703]    nvstream: debug events 42 (+20 threads, -22 threads, 0 other) in 42 wakes; continued 42 (cores 0-3: 16/0/4/22), busy 0, failed 0 (last rc 0x0); longest hold 2680 us
[  1693.759] *** binder txn #186600  program=0100152000022000  session=20  code=7(queueBuffer) x93287  flags=0x0  in=192 out=4096
[  1695.906] -> hb:551 sess=3 getdisp=3 relay=3 txn=186853 vic=ns:vic
[  1698.757] *** binder txn #187200  program=0100152000022000  session=20  code=7(queueBuffer) x93587  flags=0x0  in=192 out=4096
[  1698.962] -> hb:552 sess=3 getdisp=3 relay=3 txn=187220 vic=ns:vic
[  1702.028] -> hb:553 sess=3 getdisp=3 relay=3 txn=187587 vic=ns:vic
[  1703.755] *** binder txn #187800  program=0100152000022000  session=20  code=7(queueBuffer) x93887  flags=0x0  in=192 out=4096
[  1705.078] -> hb:554 sess=3 getdisp=3 relay=3 txn=187955 vic=ns:vic
[  1708.133] -> hb:555 sess=3 getdisp=3 relay=3 txn=188321 vic=ns:vic
[  1708.755] *** binder txn #188400  program=0100152000022000  session=20  code=7(queueBuffer) x94187  flags=0x0  in=192 out=4096
[  1711.193] -> hb:556 sess=3 getdisp=3 relay=3 txn=188687 vic=ns:vic
[  1713.755] *** binder txn #189000  program=0100152000022000  session=20  code=7(queueBuffer) x94487  flags=0x0  in=192 out=4096
[  1713.845]    nvstream window: 59.5 fps sent; per frame avg us: read 11126 (flush 809 of it)  VIC 1817  NVENC wait 87  GPU fence 1472; presents: 513 already drawn, 687 waited for, 9 skipped
[  1713.860]    nvstream: 12000 frames in 204564 ms, 11998 sent, avg 92722 B/frame (IDR 253782, P 89992), NVENC 460800000 Hz; game presented 60.0 fps this window
[  1713.870]    nvstream: debug events 42 (+20 threads, -22 threads, 0 other) in 42 wakes; continued 42 (cores 0-3: 16/0/4/22), busy 0, failed 0 (last rc 0x0); longest hold 2680 us
[  1714.246] -> hb:557 sess=3 getdisp=3 relay=3 txn=189055 vic=ns:vic
[  1717.294] -> hb:558 sess=3 getdisp=3 relay=3 txn=189421 vic=ns:vic
[  1718.756] *** binder txn #189600  program=0100152000022000  session=20  code=7(queueBuffer) x94787  flags=0x0  in=192 out=4096
[  1720.347] -> hb:559 sess=3 getdisp=3 relay=3 txn=189787 vic=ns:vic
[  1723.399] -> hb:560 sess=3 getdisp=3 relay=3 txn=190153 vic=ns:vic
[  1723.757] *** binder txn #190200  program=0100152000022000  session=20  code=7(queueBuffer) x95087  flags=0x0  in=192 out=4096
[  1726.448] -> hb:561 sess=3 getdisp=3 relay=3 txn=190519 vic=ns:vic
[  1728.755] *** binder txn #190800  program=0100152000022000  session=20  code=7(queueBuffer) x95387  flags=0x0  in=192 out=4096
[  1729.499] -> hb:562 sess=3 getdisp=3 relay=3 txn=190885 vic=ns:vic
[  1732.549] -> hb:563 sess=3 getdisp=3 relay=3 txn=191251 vic=ns:vic
[  1733.755] *** binder txn #191400  program=0100152000022000  session=20  code=7(queueBuffer) x95687  flags=0x0  in=192 out=4096
[  1734.182]    nvstream window: 59.0 fps sent; per frame avg us: read 10870 (flush 947 of it)  VIC 2015  NVENC wait 68  GPU fence 1435; presents: 656 already drawn, 544 waited for, 21 skipped
[  1734.191]    nvstream: 13200 frames in 224895 ms, 13198 sent, avg 97389 B/frame (IDR 249290, P 94814), NVENC 460800000 Hz; game presented 60.0 fps this window
[  1734.198]    nvstream: debug events 42 (+20 threads, -22 threads, 0 other) in 42 wakes; continued 42 (cores 0-3: 16/0/4/22), busy 0, failed 0 (last rc 0x0); longest hold 2680 us
[  1735.595] -> hb:564 sess=3 getdisp=3 relay=3 txn=191617 vic=ns:vic
[  1738.644] -> hb:565 sess=3 getdisp=3 relay=3 txn=191982 vic=ns:vic
[  1738.757] *** binder txn #192000  program=0100152000022000  session=20  code=7(queueBuffer) x95987  flags=0x0  in=192 out=4096
[  1741.695] -> hb:566 sess=3 getdisp=3 relay=3 txn=192349 vic=ns:vic
[  1743.757] *** binder txn #192600  program=0100152000022000  session=20  code=7(queueBuffer) x96287  flags=0x0  in=192 out=4096
[  1744.745] -> hb:567 sess=3 getdisp=3 relay=3 txn=192715 vic=ns:vic
[  1747.796] -> hb:568 sess=3 getdisp=3 relay=3 txn=193081 vic=ns:vic
[  1748.756] *** binder txn #193200  program=0100152000022000  session=20  code=7(queueBuffer) x96587  flags=0x0  in=192 out=4096
[  1750.842] -> hb:569 sess=3 getdisp=3 relay=3 txn=193447 vic=ns:vic
[  1753.755] *** binder txn #193800  program=0100152000022000  session=20  code=7(queueBuffer) x96887  flags=0x0  in=192 out=4096
[  1753.905] -> hb:570 sess=3 getdisp=3 relay=3 txn=193812 vic=ns:vic
[  1754.264]    nvstream window: 59.7 fps sent; per frame avg us: read 10468 (flush 969 of it)  VIC 1751  NVENC wait 37  GPU fence 2609; presents: 290 already drawn, 910 waited for, 5 skipped
[  1754.275]    nvstream: 14400 frames in 244979 ms, 14398 sent, avg 99712 B/frame (IDR 243790, P 97270), NVENC 460800000 Hz; game presented 59.9 fps this window
[  1754.280]    nvstream: debug events 42 (+20 threads, -22 threads, 0 other) in 42 wakes; continued 42 (cores 0-3: 16/0/4/22), busy 0, failed 0 (last rc 0x0); longest hold 2680 us
[  1756.959] -> hb:571 sess=3 getdisp=3 relay=3 txn=194181 vic=ns:vic
[  1758.757] *** binder txn #194400  program=0100152000022000  session=20  code=7(queueBuffer) x97187  flags=0x0  in=192 out=4096
[  1760.009] -> hb:572 sess=3 getdisp=3 relay=3 txn=194547 vic=ns:vic
[  1763.060] -> hb:573 sess=3 getdisp=3 relay=3 txn=194913 vic=ns:vic
[  1763.755] *** binder txn #195000  program=0100152000022000  session=20  code=7(queueBuffer) x97487  flags=0x0  in=192 out=4096
[  1766.119] -> hb:574 sess=3 getdisp=3 relay=3 txn=195277 vic=ns:vic
[  1768.757] *** binder txn #195600  program=0100152000022000  session=20  code=7(queueBuffer) x97787  flags=0x0  in=192 out=4096
[  1769.174] -> hb:575 sess=3 getdisp=3 relay=3 txn=195645 vic=ns:vic
[  1772.225] -> hb:576 sess=3 getdisp=3 relay=3 txn=196011 vic=ns:vic
[  1773.757] *** binder txn #196200  program=0100152000022000  session=20  code=7(queueBuffer) x98087  flags=0x0  in=192 out=4096
[  1774.453]    nvstream window: 59.4 fps sent; per frame avg us: read 11081 (flush 839 of it)  VIC 1867  NVENC wait 46  GPU fence 1297; presents: 625 already drawn, 575 waited for, 11 skipped
[  1774.468]    nvstream: 15600 frames in 265172 ms, 15598 sent, avg 103231 B/frame (IDR 241576, P 100886), NVENC 460800000 Hz; game presented 59.9 fps this window
[  1774.478]    nvstream: debug events 42 (+20 threads, -22 threads, 0 other) in 42 wakes; continued 42 (cores 0-3: 16/0/4/22), busy 0, failed 0 (last rc 0x0); longest hold 2680 us
[  1775.280] -> hb:577 sess=3 getdisp=3 relay=3 txn=196379 vic=ns:vic
[  1778.333] -> hb:578 sess=3 getdisp=3 relay=3 txn=196745 vic=ns:vic
[  1778.757] *** binder txn #196800  program=0100152000022000  session=20  code=7(queueBuffer) x98387  flags=0x0  in=192 out=4096
[  1781.386] -> hb:579 sess=3 getdisp=3 relay=3 txn=197111 vic=ns:vic
[  1783.756] *** binder txn #197400  program=0100152000022000  session=20  code=7(queueBuffer) x98687  flags=0x0  in=192 out=4096
[  1784.429] -> hb:580 sess=3 getdisp=3 relay=3 txn=197477 vic=ns:vic
[  1787.475] -> hb:581 sess=3 getdisp=3 relay=3 txn=197843 vic=ns:vic
[  1788.756] *** binder txn #198000  program=0100152000022000  session=20  code=7(queueBuffer) x98987  flags=0x0  in=192 out=4096
[  1790.519] -> hb:582 sess=3 getdisp=3 relay=3 txn=198207 vic=ns:vic
[  1793.568] -> hb:583 sess=3 getdisp=3 relay=3 txn=198573 vic=ns:vic
[  1793.759] *** binder txn #198600  program=0100152000022000  session=20  code=7(queueBuffer) x99287  flags=0x0  in=192 out=4096
[  1794.594]    nvstream window: 59.5 fps sent; per frame avg us: read 9450 (flush 1244 of it)  VIC 1966  NVENC wait 80  GPU fence 2950; presents: 290 already drawn, 910 waited for, 9 skipped
[  1794.608]    nvstream: 16800 frames in 285312 ms, 16798 sent, avg 110815 B/frame (IDR 247915, P 108491), NVENC 460800000 Hz; game presented 60.0 fps this window
[  1794.616]    nvstream: debug events 42 (+20 threads, -22 threads, 0 other) in 42 wakes; continued 42 (cores 0-3: 16/0/4/22), busy 0, failed 0 (last rc 0x0); longest hold 2680 us
[  1796.619] -> hb:584 sess=3 getdisp=3 relay=3 txn=198939 vic=ns:vic
[  1798.757] *** binder txn #199200  program=0100152000022000  session=20  code=7(queueBuffer) x99587  flags=0x0  in=192 out=4096
[  1799.678] -> hb:585 sess=3 getdisp=3 relay=3 txn=199305 vic=ns:vic
[  1802.726] -> hb:586 sess=3 getdisp=3 relay=3 txn=199672 vic=ns:vic
[  1803.757] *** binder txn #199800  program=0100152000022000  session=20  code=7(queueBuffer) x99887  flags=0x0  in=192 out=4096
[  1805.784] -> hb:587 sess=3 getdisp=3 relay=3 txn=200039 vic=ns:vic
[  1808.757] *** binder txn #200400  program=0100152000022000  session=20  code=7(queueBuffer) x100187  flags=0x0  in=192 out=4096
[  1808.828] -> hb:588 sess=3 getdisp=3 relay=3 txn=200405 vic=ns:vic
[  1811.874] -> hb:589 sess=3 getdisp=3 relay=3 txn=200771 vic=ns:vic
[  1813.757] *** binder txn #201000  program=0100152000022000  session=20  code=7(queueBuffer) x100487  flags=0x0  in=192 out=4096
[  1814.648]    nvstream window: 59.8 fps sent; per frame avg us: read 10666 (flush 778 of it)  VIC 1708  NVENC wait 45  GPU fence 2470; presents: 235 already drawn, 965 waited for, 3 skipped
[  1814.663]    nvstream: 18000 frames in 305367 ms, 17998 sent, avg 110926 B/frame (IDR 242962, P 108688), NVENC 460800000 Hz; game presented 59.9 fps this window
[  1814.678]    nvstream: debug events 42 (+20 threads, -22 threads, 0 other) in 42 wakes; continued 42 (cores 0-3: 16/0/4/22), busy 0, failed 0 (last rc 0x0); longest hold 2680 us
[  1814.941] -> hb:590 sess=3 getdisp=3 relay=3 txn=201137 vic=ns:vic
[  1818.067] -> hb:591 sess=3 getdisp=3 relay=3 txn=201489 vic=ns:vic
[  1819.083]    nvstream: stopped: the game switched to a 720p picture
[  1819.093]    nvstream: 18240 frames sent in 309787 ms -> 58.8 fps (game presented 59.7 fps, 299 presents skipped), 0 encodes with errors
[  1819.106]    nvstream: per frame avg us: read+flush 10076  VIC 1835  NVENC 53  copy 109  usb 1005; worst work 108512 us
[  1819.118]    nvstream: avg 110627 B/frame (max 463282) -> 52 Mbps at the achieved rate; 304 IDR avg 242127 B, 17936 P avg 108399 B; clock re-ensured 0 time(s)
[  1819.130]    nvstream: console latency, the game's present -> header sent: avg 42037 us, max 350442 us
[  1819.143]    nvstream: present fences: 18227 waited, avg 2575 us, max 37718 us, 1 timed out (30 ms), 0 presents without a readable fence
[  1819.157]    nvstream: presents taken (M96): 5879 already drawn, 12348 waited for (the oldest not yet drawn), 14 by the old latest-present rule
[  1819.173] *** binder txn #201600  program=0100152000022000  session=20  code=7(queueBuffer) x100787  flags=0x0  in=192 out=4096
[  1819.185]    nvstream: per-stage max us: read 102398  VIC 23535  NVENC 12361  USB wait 10096  copy 8996; 4 frame(s) over 50 ms of work; 0 USB wait(s) over 500 ms (IDR forced after each)
[  1819.197]    nvstream: debug events 44 (+20 threads, -24 threads, 0 other) in 44 wakes; continued 44 (cores 0-3: 16/0/4/24), busy 0, failed 0 (last rc 0x0); longest hold 2680 us
[  1819.209]    nvstream: ended to restart at the game's new picture size
[  1819.260] -> ns:stopped
[  1819.325]    live[13]: session ended - the picture size changed - restarting at the new size; detached
[  1819.546]    live[14]: attached to pid 152; 1920x1080, 3 slot(s); swapchain (26542080 B) at 0x064f1e6000; game held 558 us; 40 attach events, continue rc=0x0
[  1819.603] -> ns:1
[  1819.623]    ---- LIVE H.264 STREAM (M86): until the viewer or the game goes, an IDR every 60, QP 20 ----
[  1819.636]    nvstream: game swapchain 1920x1080 stride 1920 px, block height 2^4, 3 slot(s) of 8847360 B, format 0x100532120
[  1819.653]    nvstream: content 1280x720 (handheld) (140 samples outside the top-left 1280x720 all zero) -> the VIC converts the corner 1:1; later frames read only its 3.9 MB
[  1819.667]    nvstream: encoding 1280x720 (the handheld picture, 1:1)
[  1819.680]    nvmapOwn(0x5476f60000, 0x870000) kept CACHEABLE - caller must flush before submit
[  1819.702]    nvmapOwn ok handle=61408 id=61408 kind=0 size=0x870000
[  1819.742]    MAP_CMD_BUFFER(nvf-slot handle=61408 compr=0 req=0xc0140009) rc=0x0 nverr=0 -> phys=0x133e0000
[  1819.780]    nvmapOwn(0x5477e30000, 0x6c5000) kept CACHEABLE - caller must flush before submit
[  1819.818]    nvmapOwn ok handle=61476 id=61476 kind=0 size=0x6c5000
[  1819.858]    MAP_CMD_BUFFER(nvf-arena(vic) handle=61476 compr=0 req=0xc0140009) rc=0x0 nverr=0 -> phys=0x13c60000
[  1819.896]    MAP_CMD_BUFFER(nvf-arena(enc) handle=61476 compr=0 req=0xc0140009) rc=0x0 nverr=0 -> phys=0x13c60000
[  1819.931]    nvstream: arena 6932 KB at +15168 KB; VIC sees it at 0x13c60000, NVENC at 0x13c60000 (syncpt 14); picture 0x13e90000/0x13f71000, bits 0x13c70000
[  1819.967]    clk-ensure(nvstream) #1 re-set max     : 2 request(s), SetAndWait rc=0x0 -> clkrst NVENC=460800000 Hz
[  1821.242] -> hb:592 sess=3 getdisp=3 relay=3 txn=201833 vic=ns:vic
[  1824.188] *** binder txn #202200  program=0100152000022000  session=20  code=7(queueBuffer) x101087  flags=0x0  in=192 out=4096
[  1824.351] -> hb:593 sess=3 getdisp=3 relay=3 txn=202215 vic=ns:vic
[  1826.059]    nvstream: stopped: the game switched to a 1080p picture
[  1826.073]    nvstream: 360 frames sent in 6057 ms -> 59.4 fps (game presented 59.9 fps, 4 presents skipped), 0 encodes with errors
[  1826.086]    nvstream: per frame avg us: read+flush 2566  VIC 667  NVENC 3088  copy 2  usb 948; worst work 40870 us
[  1826.098]    nvstream: avg 2446 B/frame (max 121176) -> 1 Mbps at the achieved rate; 6 IDR avg 20372 B, 354 P avg 2143 B; clock re-ensured 0 time(s)
[  1826.111]    nvstream: console latency, the game's present -> header sent: avg 11508 us, max 40954 us
[  1826.125]    nvstream: present fences: 361 waited, avg 2636 us, max 17081 us, 0 timed out (30 ms), 0 presents without a readable fence
[  1826.139]    nvstream: presents taken (M96): 210 already drawn, 151 waited for (the oldest not yet drawn), 0 by the old latest-present rule
[  1826.153]    nvstream: per-stage max us: read 20423  VIC 11228  NVENC 33858  USB wait 3086  copy 118; 0 frame(s) over 50 ms of work; 0 USB wait(s) over 500 ms (IDR forced after each)
[  1826.166]    nvstream: debug events 9 (+9 threads, -0 threads, 0 other) in 9 wakes; continued 9 (cores 0-3: 7/0/2/0), busy 0, failed 0 (last rc 0x0); longest hold 1337 us
[  1826.180]    nvstream: ended to restart at the game's new picture size
[  1826.234] -> ns:stopped
[  1826.284]    live[14]: session ended - the picture size changed - restarting at the new size; detached
[  1826.501]    live[15]: attached to pid 152; 1920x1080, 3 slot(s); swapchain (26542080 B) at 0x064f1e6000; game held 491 us; 49 attach events, continue rc=0x0
[  1826.561] -> ns:1
[  1826.575]    ---- LIVE H.264 STREAM (M86): until the viewer or the game goes, an IDR every 60, QP 20 ----
[  1826.593]    nvstream: game swapchain 1920x1080 stride 1920 px, block height 2^4, 3 slot(s) of 8847360 B, format 0x100532120
[  1826.615]    nvstream: content 1920x1080 (docked) (140 samples outside the top-left 1280x720 not all zero) -> the VIC scales it to 1280x720
[  1826.630]    nvstream: encoding 1920x1080 (native 1080p: 1920x1088 coded, SPS-cropped); pipelined: the next frame is read while this one encodes
[  1826.644]    nvmapOwn(0x5476f60000, 0x870000) kept CACHEABLE - caller must flush before submit
[  1826.659]    nvmapOwn ok handle=62996 id=62996 kind=0 size=0x870000
[  1826.674]    MAP_CMD_BUFFER(nvf-slot handle=62996 compr=0 req=0xc0140009) rc=0x0 nverr=0 -> phys=0x14340000
[  1826.697]    nvmapOwn(0x5477e30000, 0x10b0000) kept CACHEABLE - caller must flush before submit
[  1826.711]    nvmapOwn ok handle=63000 id=63000 kind=0 size=0x10b0000
[  1826.725]    MAP_CMD_BUFFER(nvf-arena(vic) handle=63000 compr=0 req=0xc0140009) rc=0x0 nverr=0 -> phys=0x14bc0000
[  1826.740]    MAP_CMD_BUFFER(nvf-arena(enc) handle=63000 compr=0 req=0xc0140009) rc=0x0 nverr=0 -> phys=0x14bc0000
[  1826.753]    nvstream: arena 17088 KB at +15168 KB; VIC sees it at 0x14bc0000, NVENC at 0x14bc0000 (syncpt 14); picture 0x14f75000/0x15173000, bits 0x14bf0000
[  1826.768]    clk-ensure(nvstream) #1 re-set max     : 2 request(s), SetAndWait rc=0x0 -> clkrst NVENC=460800000 Hz
[  1827.402] -> hb:594 sess=3 getdisp=3 relay=3 txn=202581 vic=ns:vic
[  1829.189] *** binder txn #202800  program=0100152000022000  session=20  code=7(queueBuffer) x101387  flags=0x0  in=192 out=4096
[  1830.453] -> hb:595 sess=3 getdisp=3 relay=3 txn=202947 vic=ns:vic
[  1833.509] -> hb:596 sess=3 getdisp=3 relay=3 txn=203313 vic=ns:vic
[  1834.190] *** binder txn #203400  program=0100152000022000  session=20  code=7(queueBuffer) x101687  flags=0x0  in=192 out=4096
[  1836.573] -> hb:597 sess=3 getdisp=3 relay=3 txn=203681 vic=ns:vic
[  1839.189] *** binder txn #204000  program=0100152000022000  session=20  code=7(queueBuffer) x101987  flags=0x0  in=192 out=4096
[  1839.634] -> hb:598 sess=3 getdisp=3 relay=3 txn=204048 vic=ns:vic
[  1842.694] -> hb:599 sess=3 getdisp=3 relay=3 txn=204415 vic=ns:vic
[  1844.189] *** binder txn #204600  program=0100152000022000  session=20  code=7(queueBuffer) x102287  flags=0x0  in=192 out=4096
[  1845.744] -> hb:600 sess=3 getdisp=3 relay=3 txn=204783 vic=ns:vic
[  1847.136]    nvstream window: 58.8 fps sent; per frame avg us: read 9855 (flush 783 of it)  VIC 2082  NVENC wait 38  GPU fence 2929; presents: 376 already drawn, 825 waited for, 21 skipped
[  1847.151]    nvstream: 1200 frames in 20370 ms, 1198 sent, avg 42815 B/frame (IDR 299134, P 38467), NVENC 460800000 Hz; game presented 59.9 fps this window
[  1847.162]    nvstream: debug events 0 (+0 threads, -0 threads, 0 other) in 0 wakes; continued 0 (cores 0-3: 0/0/0/0), busy 0, failed 0 (last rc 0x0); longest hold 0 us
[  1848.795] -> hb:601 sess=3 getdisp=3 relay=3 txn=205149 vic=ns:vic
[  1849.189] *** binder txn #205200  program=0100152000022000  session=20  code=7(queueBuffer) x102587  flags=0x0  in=192 out=4096
[  1851.862] -> hb:602 sess=3 getdisp=3 relay=3 txn=205514 vic=ns:vic
[  1854.193] *** binder txn #205800  program=0100152000022000  session=20  code=7(queueBuffer) x102887  flags=0x0  in=192 out=4096
[  1854.929] -> hb:603 sess=3 getdisp=3 relay=3 txn=205883 vic=ns:vic
[  1857.983] -> hb:604 sess=3 getdisp=3 relay=3 txn=206251 vic=ns:vic
[  1859.189] *** binder txn #206400  program=0100152000022000  session=20  code=7(queueBuffer) x103187  flags=0x0  in=192 out=4096
[  1861.056] -> hb:605 sess=3 getdisp=3 relay=3 txn=206617 vic=ns:vic
[  1864.120] -> hb:606 sess=3 getdisp=3 relay=3 txn=206986 vic=ns:vic
[  1864.189] *** binder txn #207000  program=0100152000022000  session=20  code=7(queueBuffer) x103487  flags=0x0  in=192 out=4096
[  1867.183]    nvstream: stopped: the game switched to a 720p picture
[  1867.197] -> hb:607 sess=3 getdisp=3 relay=3 txn=207328 vic=ns:vic
[  1867.209]    nvstream: 2280 frames sent in 40368 ms -> 56.4 fps (game presented 59.6 fps, 129 presents skipped), 0 encodes with errors
[  1867.218]    nvstream: per frame avg us: read+flush 10618  VIC 2302  NVENC 58  copy 72  usb 1203; worst work 64904 us
[  1867.228]    nvstream: avg 44907 B/frame (max 380546) -> 20 Mbps at the achieved rate; 38 IDR avg 329190 B, 2242 P avg 40089 B; clock re-ensured 0 time(s)
[  1867.236]    nvstream: console latency, the game's present -> header sent: avg 49186 us, max 270831 us
[  1867.245]    nvstream: present fences: 2281 waited, avg 1932 us, max 26333 us, 0 timed out (30 ms), 0 presents without a readable fence
[  1867.262]    nvstream: presents taken (M96): 1235 already drawn, 1046 waited for (the oldest not yet drawn), 0 by the old latest-present rule
[  1867.276]    nvstream: per-stage max us: read 35089  VIC 19868  NVENC 14386  USB wait 8729  copy 30516; 1 frame(s) over 50 ms of work; 0 USB wait(s) over 500 ms (IDR forced after each)
[  1867.294]    nvstream: STALL at frame 1665 (+28913 ms): read 20456 us, VIC 2683 us, NVENC 16 us, waiting for the previous USB transfer 36 us, copy 30516 us
[  1867.303]    nvstream: debug events 13 (+2 threads, -11 threads, 0 other) in 13 wakes; continued 13 (cores 0-3: 2/0/0/11), busy 0, failed 0 (last rc 0x0); longest hold 118 us
[  1867.315]    nvstream: ended to restart at the game's new picture size
[  1867.378] -> ns:stopped
[  1867.420]    live[15]: session ended - the picture size changed - restarting at the new size; detached
[  1867.632]    live[16]: attached to pid 152; 1920x1080, 3 slot(s); swapchain (26542080 B) at 0x064f1e6000; game held 279 us; 40 attach events, continue rc=0x0
[  1867.679] -> ns:1
[  1867.696]    ---- LIVE H.264 STREAM (M86): until the viewer or the game goes, an IDR every 60, QP 20 ----
[  1867.710]    nvstream: game swapchain 1920x1080 stride 1920 px, block height 2^4, 3 slot(s) of 8847360 B, format 0x100532120
[  1867.734]    nvstream: content 1920x1080 (docked) (140 samples outside the top-left 1280x720 not all zero) -> the VIC scales it to 1280x720
[  1867.747]    nvstream: encoding 1920x1080 (native 1080p: 1920x1088 coded, SPS-cropped); pipelined: the next frame is read while this one encodes
[  1867.794]    nvmapOwn(0x5476f60000, 0x870000) kept CACHEABLE - caller must flush before submit
[  1867.803]    nvmapOwn ok handle=65620 id=65620 kind=0 size=0x870000
[  1867.832]    MAP_CMD_BUFFER(nvf-slot handle=65620 compr=0 req=0xc0140009) rc=0x0 nverr=0 -> phys=0x15c80000
[  1867.965]    nvmapOwn(0x5477e30000, 0x10b0000) kept CACHEABLE - caller must flush before submit
[  1868.045]    nvmapOwn ok handle=65848 id=65848 kind=0 size=0x10b0000
[  1868.128]    MAP_CMD_BUFFER(nvf-arena(vic) handle=65848 compr=0 req=0xc0140009) rc=0x0 nverr=0 -> phys=0x16500000
[  1868.209]    MAP_CMD_BUFFER(nvf-arena(enc) handle=65848 compr=0 req=0xc0140009) rc=0x0 nverr=0 -> phys=0x16500000
[  1868.294]    nvstream: arena 17088 KB at +15168 KB; VIC sees it at 0x16500000, NVENC at 0x16500000 (syncpt 14); picture 0x168b5000/0x16ab3000, bits 0x16530000
[  1868.359]    clk-ensure(nvstream) #1 re-set max     : 2 request(s), SetAndWait rc=0x0 -> clkrst NVENC=460800000 Hz
[  1869.417] *** binder txn #207600  program=0100152000022000  session=20  code=7(queueBuffer) x103787  flags=0x0  in=192 out=4096
[  1870.284] -> hb:608 sess=3 getdisp=3 relay=3 txn=207692 vic=ns:vic
[  1873.354] -> hb:609 sess=3 getdisp=3 relay=3 txn=208057 vic=ns:vic
[  1874.507] *** binder txn #208200  program=0100152000022000  session=20  code=7(queueBuffer) x104087  flags=0x0  in=192 out=4096
[  1876.409] -> hb:610 sess=3 getdisp=3 relay=3 txn=208425 vic=ns:vic
[  1879.452] -> hb:611 sess=3 getdisp=3 relay=3 txn=208789 vic=ns:vic
[  1879.505] *** binder txn #208800  program=0100152000022000  session=20  code=7(queueBuffer) x104387  flags=0x0  in=192 out=4096
[  1882.500] -> hb:612 sess=3 getdisp=3 relay=3 txn=209155 vic=ns:vic
[  1884.506] *** binder txn #209400  program=0100152000022000  session=20  code=7(queueBuffer) x104687  flags=0x0  in=192 out=4096
[  1885.558] -> hb:613 sess=3 getdisp=3 relay=3 txn=209521 vic=ns:vic
[  1888.612] -> hb:614 sess=3 getdisp=3 relay=3 txn=209888 vic=ns:vic
[  1889.506] *** binder txn #210000  program=0100152000022000  session=20  code=7(queueBuffer) x104987  flags=0x0  in=192 out=4096
[  1890.587]    nvstream: STALL at frame 57 (+1375 ms): read 34069 us, VIC 15284 us, NVENC 15 us, waiting for the previous USB transfer 37 us, copy 1 us
[  1890.602]    nvstream: STALL at frame 68 (+1682 ms): read 42637 us, VIC 6194 us, NVENC 1458 us, waiting for the previous USB transfer 48 us, copy 0 us
[  1890.611]    nvstream: STALL at frame 79 (+1939 ms): read 126022 us, VIC 9702 us, NVENC 36 us, waiting for the previous USB transfer 38 us, copy 1 us
[  1890.627]    nvstream window: 54.0 fps sent; per frame avg us: read 11108 (flush 952 of it)  VIC 1956  NVENC wait 141  GPU fence 2278; presents: 458 already drawn, 743 waited for, 126 skipped
[  1890.644]    nvstream: 1200 frames in 22200 ms, 1198 sent, avg 102572 B/frame (IDR 439372, P 96858), NVENC 460800000 Hz; game presented 59.7 fps this window
[  1890.653]    nvstream: debug events 2 (+2 threads, -0 threads, 0 other) in 2 wakes; continued 2 (cores 0-3: 0/0/2/0), busy 0, failed 0 (last rc 0x0); longest hold 237 us
[  1891.658] -> hb:615 sess=3 getdisp=3 relay=3 txn=210255 vic=ns:vic
[  1894.507] *** binder txn #210600  program=0100152000022000  session=20  code=7(queueBuffer) x105287  flags=0x0  in=192 out=4096
[  1894.708] -> hb:616 sess=3 getdisp=3 relay=3 txn=210621 vic=ns:vic
[  1897.751] -> hb:617 sess=3 getdisp=3 relay=3 txn=210985 vic=ns:vic
[  1899.507] *** binder txn #211200  program=0100152000022000  session=20  code=7(queueBuffer) x105587  flags=0x0  in=192 out=4096
[  1900.803] -> hb:618 sess=3 getdisp=3 relay=3 txn=211351 vic=ns:vic
[  1903.851] -> hb:619 sess=3 getdisp=3 relay=3 txn=211717 vic=ns:vic
[  1904.507] *** binder txn #211800  program=0100152000022000  session=20  code=7(queueBuffer) x105887  flags=0x0  in=192 out=4096
[  1906.902] -> hb:620 sess=3 getdisp=3 relay=3 txn=212083 vic=ns:vic
[  1909.507] *** binder txn #212400  program=0100152000022000  session=20  code=7(queueBuffer) x106187  flags=0x0  in=192 out=4096
[  1909.948] -> hb:621 sess=3 getdisp=3 relay=3 txn=212449 vic=ns:vic
[  1911.283]    nvstream window: 58.0 fps sent; per frame avg us: read 10769 (flush 1000 of it)  VIC 2173  NVENC wait 157  GPU fence 1266; presents: 716 already drawn, 484 waited for, 42 skipped
[  1911.302]    nvstream: 2400 frames in 42858 ms, 2398 sent, avg 152418 B/frame (IDR 370247, P 148724), NVENC 460800000 Hz; game presented 59.9 fps this window
[  1911.315]    nvstream: debug events 2 (+2 threads, -0 threads, 0 other) in 2 wakes; continued 2 (cores 0-3: 0/0/2/0), busy 0, failed 0 (last rc 0x0); longest hold 237 us
[  1912.999] -> hb:622 sess=3 getdisp=3 relay=3 txn=212815 vic=ns:vic
[  1914.506] *** binder txn #213000  program=0100152000022000  session=20  code=7(queueBuffer) x106487  flags=0x0  in=192 out=4096
[  1916.049] -> hb:623 sess=3 getdisp=3 relay=3 txn=213181 vic=ns:vic
[  1919.100] -> hb:624 sess=3 getdisp=3 relay=3 txn=213547 vic=ns:vic
[  1919.505] *** binder txn #213600  program=0100152000022000  session=20  code=7(queueBuffer) x106787  flags=0x0  in=192 out=4096
[  1922.147] -> hb:625 sess=3 getdisp=3 relay=3 txn=213913 vic=ns:vic
[  1924.506] *** binder txn #214200  program=0100152000022000  session=20  code=7(queueBuffer) x107087  flags=0x0  in=192 out=4096
[  1925.203] -> hb:626 sess=3 getdisp=3 relay=3 txn=214278 vic=ns:vic
[  1928.252] -> hb:627 sess=3 getdisp=3 relay=3 txn=214645 vic=ns:vic
[  1929.506] *** binder txn #214800  program=0100152000022000  session=20  code=7(queueBuffer) x107387  flags=0x0  in=192 out=4096
[  1931.293] -> hb:628 sess=3 getdisp=3 relay=3 txn=215011 vic=ns:vic
[  1932.312]    nvstream window: 57.0 fps sent; per frame avg us: read 11426 (flush 903 of it)  VIC 2123  NVENC wait 144  GPU fence 539; presents: 943 already drawn, 257 waited for, 61 skipped
[  1932.328]    nvstream: 3600 frames in 63885 ms, 3598 sent, avg 170942 B/frame (IDR 350511, P 167898), NVENC 460800000 Hz; game presented 60.0 fps this window
[  1932.341]    nvstream: debug events 2 (+2 threads, -0 threads, 0 other) in 2 wakes; continued 2 (cores 0-3: 0/0/2/0), busy 0, failed 0 (last rc 0x0); longest hold 237 us
[  1934.345] -> hb:629 sess=3 getdisp=3 relay=3 txn=215375 vic=ns:vic
[  1934.505] *** binder txn #215400  program=0100152000022000  session=20  code=7(queueBuffer) x107687  flags=0x0  in=192 out=4096
[  1937.393] -> hb:630 sess=3 getdisp=3 relay=3 txn=215743 vic=ns:vic
[  1939.505] *** binder txn #216000  program=0100152000022000  session=20  code=7(queueBuffer) x107987  flags=0x0  in=192 out=4096
[  1940.444] -> hb:631 sess=3 getdisp=3 relay=3 txn=216109 vic=ns:vic
[  1943.494] -> hb:632 sess=3 getdisp=3 relay=3 txn=216473 vic=ns:vic
[  1944.505] *** binder txn #216600  program=0100152000022000  session=20  code=7(queueBuffer) x108287  flags=0x0  in=192 out=4096
[  1946.537] -> hb:633 sess=3 getdisp=3 relay=3 txn=216840 vic=ns:vic
[  1949.507] *** binder txn #217200  program=0100152000022000  session=20  code=7(queueBuffer) x108587  flags=0x0  in=192 out=4096
[  1949.587] -> hb:634 sess=3 getdisp=3 relay=3 txn=217205 vic=ns:vic
[  1952.644] -> hb:635 sess=3 getdisp=3 relay=3 txn=217571 vic=ns:vic
[  1953.136]    nvstream window: 57.6 fps sent; per frame avg us: read 10898 (flush 998 of it)  VIC 1986  NVENC wait 129  GPU fence 1587; presents: 593 already drawn, 607 waited for, 50 skipped
[  1953.147]    nvstream: 4800 frames in 84703 ms, 4798 sent, avg 177276 B/frame (IDR 337299, P 174563), NVENC 460800000 Hz; game presented 59.9 fps this window
[  1953.159]    nvstream: debug events 2 (+2 threads, -0 threads, 0 other) in 2 wakes; continued 2 (cores 0-3: 0/0/2/0), busy 0, failed 0 (last rc 0x0); longest hold 237 us
[  1954.506] *** binder txn #217800  program=0100152000022000  session=20  code=7(queueBuffer) x108887  flags=0x0  in=192 out=4096
[  1955.703] -> hb:636 sess=3 getdisp=3 relay=3 txn=217939 vic=ns:vic
[  1958.752] -> hb:637 sess=3 getdisp=3 relay=3 txn=218305 vic=ns:vic
[  1959.505] *** binder txn #218400  program=0100152000022000  session=20  code=7(queueBuffer) x109187  flags=0x0  in=192 out=4096
[  1961.802] -> hb:638 sess=3 getdisp=3 relay=3 txn=218671 vic=ns:vic
[  1964.506] *** binder txn #219000  program=0100152000022000  session=20  code=7(queueBuffer) x109487  flags=0x0  in=192 out=4096
[  1964.850] -> hb:639 sess=3 getdisp=3 relay=3 txn=219037 vic=ns:vic
[  1967.903] -> hb:640 sess=3 getdisp=3 relay=3 txn=219403 vic=ns:vic
[  1969.505] *** binder txn #219600  program=0100152000022000  session=20  code=7(queueBuffer) x109787  flags=0x0  in=192 out=4096
[  1970.953] -> hb:641 sess=3 getdisp=3 relay=3 txn=219769 vic=ns:vic
[  1974.003] -> hb:642 sess=3 getdisp=3 relay=3 txn=220135 vic=ns:vic
[  1974.069]    nvstream window: 57.3 fps sent; per frame avg us: read 11533 (flush 860 of it)  VIC 2107  NVENC wait 74  GPU fence 807; presents: 835 already drawn, 365 waited for, 56 skipped
[  1974.083]    nvstream: 6000 frames in 105640 ms, 5998 sent, avg 178054 B/frame (IDR 326744, P 175534), NVENC 460800000 Hz; game presented 59.9 fps this window
[  1974.093]    nvstream: debug events 2 (+2 threads, -0 threads, 0 other) in 2 wakes; continued 2 (cores 0-3: 0/0/2/0), busy 0, failed 0 (last rc 0x0); longest hold 237 us
[  1974.505] *** binder txn #220200  program=0100152000022000  session=20  code=7(queueBuffer) x110087  flags=0x0  in=192 out=4096
[  1977.052] -> hb:643 sess=3 getdisp=3 relay=3 txn=220501 vic=ns:vic
[  1979.505] *** binder txn #220800  program=0100152000022000  session=20  code=7(queueBuffer) x110387  flags=0x0  in=192 out=4096
[  1980.101] -> hb:644 sess=3 getdisp=3 relay=3 txn=220867 vic=ns:vic
[  1982.841]    nvstream: stopped: the game switched to a 720p picture
[  1982.864]    nvstream: 6480 frames sent in 114397 ms -> 56.6 fps (game presented 59.7 fps, 365 presents skipped), 0 encodes with errors
[  1982.884]    nvstream: per frame avg us: read+flush 10888  VIC 2022  NVENC 137  copy 199  usb 1503; worst work 136262 us
[  1982.902]    nvstream: avg 174783 B/frame (max 560025) -> 79 Mbps at the achieved rate; 108 IDR avg 319427 B, 6372 P avg 172332 B; clock re-ensured 0 time(s)
[  1982.930]    nvstream: console latency, the game's present -> header sent: avg 47288 us, max 369874 us
[  1982.948]    nvstream: present fences: 6476 waited, avg 1241 us, max 34088 us, 1 timed out (30 ms), 0 presents without a readable fence
[  1982.968]    nvstream: presents taken (M96): 3845 already drawn, 2631 waited for (the oldest not yet drawn), 5 by the old latest-present rule
[  1982.998]    nvstream: per-stage max us: read 126022  VIC 26032  NVENC 11525  USB wait 10825  copy 12815; 4 frame(s) over 50 ms of work; 0 USB wait(s) over 500 ms (IDR forced after each)
[  1983.026]    nvstream: STALL at frame 6469 (+114165 ms): read 57837 us, VIC 2753 us, NVENC 15 us, waiting for the previous USB transfer 36 us, copy 0 us
[  1983.049]    nvstream: debug events 4 (+2 threads, -2 threads, 0 other) in 4 wakes; continued 4 (cores 0-3: 0/0/2/2), busy 0, failed 0 (last rc 0x0); longest hold 237 us
[  1983.068]    nvstream: ended to restart at the game's new picture size
[  1983.177] -> ns:stopped
[  1983.195] -> hb:645 sess=3 getdisp=3 relay=3 txn=221189 vic=ns:stopped
[  1983.213]    live[16]: session ended - the picture size changed - restarting at the new size; detached
[  1983.434]    live[17]: attached to pid 152; 1920x1080, 3 slot(s); swapchain (26542080 B) at 0x064f1e6000; game held 239 us; 40 attach events, continue rc=0x0
[  1983.508] -> ns:1
[  1983.534]    ---- LIVE H.264 STREAM (M86): until the viewer or the game goes, an IDR every 60, QP 20 ----
[  1983.545]    nvstream: game swapchain 1920x1080 stride 1920 px, block height 2^4, 3 slot(s) of 8847360 B, format 0x100532120
[  1983.564]    nvstream: content 1280x720 (handheld) (140 samples outside the top-left 1280x720 all zero) -> the VIC converts the corner 1:1; later frames read only its 3.9 MB
[  1983.575]    nvstream: encoding 1280x720 (the handheld picture, 1:1)
[  1983.584]    nvmapOwn(0x5476f60000, 0x870000) kept CACHEABLE - caller must flush before submit
[  1983.598]    nvmapOwn ok handle=71584 id=71584 kind=0 size=0x870000
[  1983.610]    MAP_CMD_BUFFER(nvf-slot handle=71584 compr=0 req=0xc0140009) rc=0x0 nverr=0 -> phys=0x175c0000
[  1983.662]    nvmapOwn(0x5477e30000, 0x6c5000) kept CACHEABLE - caller must flush before submit
[  1983.683]    nvmapOwn ok handle=71620 id=71620 kind=0 size=0x6c5000
[  1983.734]    MAP_CMD_BUFFER(nvf-arena(vic) handle=71620 compr=0 req=0xc0140009) rc=0x0 nverr=0 -> phys=0x17e40000
[  1983.752]    MAP_CMD_BUFFER(nvf-arena(enc) handle=71620 compr=0 req=0xc0140009) rc=0x0 nverr=0 -> phys=0x17e40000
[  1983.769]    nvstream: arena 6932 KB at +15168 KB; VIC sees it at 0x17e40000, NVENC at 0x17e40000 (syncpt 14); picture 0x18070000/0x18151000, bits 0x17e50000
[  1983.780]    clk-ensure(nvstream) #1 re-set max     : 2 request(s), SetAndWait rc=0x0 -> clkrst NVENC=460800000 Hz
[  1984.874] *** binder txn #221400  program=0100152000022000  session=20  code=7(queueBuffer) x110687  flags=0x0  in=192 out=4096
[  1985.834]    nvstream: stopped: the game switched to a 1080p picture
[  1985.849]    nvstream: 120 frames sent in 2024 ms -> 59.2 fps (game presented 59.7 fps, 1 presents skipped), 0 encodes with errors
[  1985.858]    nvstream: per frame avg us: read+flush 3022  VIC 847  NVENC 2298  copy 0  usb 538; worst work 20547 us
[  1985.873]    nvstream: avg 847 B/frame (max 26332) -> 0 Mbps at the achieved rate; 2 IDR avg 211 B, 118 P avg 858 B; clock re-ensured 0 time(s)
[  1985.903]    nvstream: console latency, the game's present -> header sent: avg 8915 us, max 36241 us
[  1985.924]    nvstream: present fences: 121 waited, avg 386 us, max 15625 us, 0 timed out (30 ms), 0 presents without a readable fence
[  1985.941]    nvstream: presents taken (M96): 95 already drawn, 26 waited for (the oldest not yet drawn), 0 by the old latest-present rule
[  1985.951]    nvstream: per-stage max us: read 8914  VIC 11755  NVENC 4522  USB wait 391  copy 61; 0 frame(s) over 50 ms of work; 0 USB wait(s) over 500 ms (IDR forced after each)
[  1985.987]    nvstream: debug events 9 (+9 threads, -0 threads, 0 other) in 9 wakes; continued 9 (cores 0-3: 7/0/2/0), busy 0, failed 0 (last rc 0x0); longest hold 1356 us
[  1985.997]    nvstream: ended to restart at the game's new picture size
[  1986.061] -> ns:stopped
[  1986.097]    live[17]: session ended - the picture size changed - restarting at the new size; detached
[  1986.282] -> hb:646 sess=3 getdisp=3 relay=3 txn=221561 vic=ns:stopped
[  1986.307]    live[18]: attached to pid 152; 1920x1080, 3 slot(s); swapchain (26542080 B) at 0x064f1e6000; game held 285 us; 49 attach events, continue rc=0x0
[  1986.383] -> ns:1
[  1986.403]    ---- LIVE H.264 STREAM (M86): until the viewer or the game goes, an IDR every 60, QP 20 ----
[  1986.418]    nvstream: game swapchain 1920x1080 stride 1920 px, block height 2^4, 3 slot(s) of 8847360 B, format 0x100532120
[  1986.433]    nvstream: content 1920x1080 (docked) (140 samples outside the top-left 1280x720 not all zero) -> the VIC scales it to 1280x720
[  1986.439]    nvstream: encoding 1920x1080 (native 1080p: 1920x1088 coded, SPS-cropped); pipelined: the next frame is read while this one encodes
[  1986.448]    nvmapOwn(0x5476f60000, 0x870000) kept CACHEABLE - caller must flush before submit
[  1986.452]    nvmapOwn ok handle=72132 id=72132 kind=0 size=0x870000
[  1986.465]    MAP_CMD_BUFFER(nvf-slot handle=72132 compr=0 req=0xc0140009) rc=0x0 nverr=0 -> phys=0x18520000
[  1986.479]    nvmapOwn(0x5477e30000, 0x10b0000) kept CACHEABLE - caller must flush before submit
[  1986.486]    nvmapOwn ok handle=72168 id=72168 kind=0 size=0x10b0000
[  1986.493]    MAP_CMD_BUFFER(nvf-arena(vic) handle=72168 compr=0 req=0xc0140009) rc=0x0 nverr=0 -> phys=0x18da0000
[  1986.525]    MAP_CMD_BUFFER(nvf-arena(enc) handle=72168 compr=0 req=0xc0140009) rc=0x0 nverr=0 -> phys=0x18da0000
[  1986.529]    nvstream: arena 17088 KB at +15168 KB; VIC sees it at 0x18da0000, NVENC at 0x18da0000 (syncpt 14); picture 0x19155000/0x19353000, bits 0x18dd0000
[  1986.537]    clk-ensure(nvstream) #1 re-set max     : 2 request(s), SetAndWait rc=0x0 -> clkrst NVENC=460800000 Hz
[  1989.378] -> hb:647 sess=3 getdisp=3 relay=3 txn=221933 vic=ns:vic
[  1989.872] *** binder txn #222000  program=0100152000022000  session=20  code=7(queueBuffer) x110987  flags=0x0  in=192 out=4096
[  1992.426] -> hb:648 sess=3 getdisp=3 relay=3 txn=222255 vic=ns:vic
[  1993.685]    nvstream: stopped: slot read failed: the game exited
[  1993.725]    nvstream: 350 frames sent in 7143 ms -> 48.9 fps (game presented 45.7 fps, 0 presents skipped), 0 encodes with errors
[  1993.744]    nvstream: per frame avg us: read+flush 6652  VIC 2306  NVENC 65  copy 25  usb 842; worst work 32521 us
[  1993.762]    nvstream: avg 34380 B/frame (max 406032) -> 13 Mbps at the achieved rate; 6 IDR avg 338877 B, 344 P avg 29069 B; clock re-ensured 0 time(s)
[  1993.868]    nvstream: console latency, the game's present -> header sent: avg 84717 us, max 1688995 us
[  1993.885]    nvstream: present fences: 329 waited, avg 5692 us, max 11501 us, 0 timed out (30 ms), 0 presents without a readable fence
[  1993.903]    nvstream: presents taken (M96): 21 already drawn, 308 waited for (the oldest not yet drawn), 23 by the old latest-present rule
[  1993.919]    nvstream: per-stage max us: read 15733  VIC 10415  NVENC 3434  USB wait 5448  copy 656; 0 frame(s) over 50 ms of work; 0 USB wait(s) over 500 ms (IDR forced after each)
[  1993.936]    nvstream: debug events 1 (+0 threads, -0 threads, 1 other) in 1 wakes; continued 1 (cores 0-3: 0/0/0/1), busy 0, failed 0 (last rc 0x0); longest hold 6 us; GAME GONE
[  1994.010] -> ns:stopped
[  1994.043]    live[18]: session ended - the game went away; detached
[  1995.060]    live: viewer present; waiting for a game (no application)
[  1995.098] -> live:no_game
[  1995.466] -> hb:649 sess=3 getdisp=3 relay=3 txn=222255 vic=live:no_game
[  1998.507] -> hb:650 sess=3 getdisp=3 relay=3 txn=222255 vic=live:no_game
[  2001.547] -> hb:651 sess=3 getdisp=3 relay=3 txn=222255 vic=live:no_game
[  2004.616] -> hb:652 sess=3 getdisp=3 relay=3 txn=222255 vic=live:no_game
[  2007.858] -> hb:653 sess=3 getdisp=3 relay=3 txn=222255 vic=live:no_game
[  2010.948] -> hb:654 sess=3 getdisp=3 relay=3 txn=222255 vic=live:no_game
[  2011.061] OnNeedsToAccept port=0 program=010015100b514000
[  2011.067]   AcceptMitmImpl rc=0x0
[  2011.088] -> GetDisplayServiceWithProxyNameExchange:enter
[  2011.093]    program=010015100b514000 cmd 1 (ProxyNameExchange): 12 argument byte(s); data words 9, pid none
[  2011.097]    args: 00 00 00 00 00 00 00 00 00 00 00 00 
[  2011.111] -> GetDisplayServiceWithProxyNameExchange:done
[  2011.130] -> GetRelayService:enter
[  2011.147] -> GetRelayService:wrapped
[  2011.161] -> OpenDisplay:enter
[  2011.165]    OpenDisplay "Default" -> display_id=131
[  2011.323] -> binder:parse_preallocated
[  2011.327] === setPreallocatedBuffer#10 slot 0 NvGraphicBuffer ===
[  2011.330]     nvmap_id=72648  stride=1920 px  total_size=8847360 B  num_planes=1  usage=0xb00  format=0x1
[  2011.333]     plane[0] 1920x1080  pitch=7680 B  offset=0x0  size=8847360 B
[  2011.337]              fmt=0x100532120(A8B8G8R8)  layout=3(BlockLinear)  kind=0xfe(Generic_16BX2)  block_h_log2=4  scan=0(Progressive)
[  2011.342]    captured slot 0: nvmap=72648 1920x1080 stride_px=1920 blk_h_log2=4 off=0x0 pixfmt=33 (slots=1)
[  2011.360] -> binder:parse_preallocated
[  2011.370] === setPreallocatedBuffer#11 slot 1 NvGraphicBuffer ===
[  2011.376]     nvmap_id=72648  stride=1920 px  total_size=8847360 B  num_planes=1  usage=0xb00  format=0x1
[  2011.379]     plane[0] 1920x1080  pitch=7680 B  offset=0x870000  size=8847360 B
[  2011.383]              fmt=0x100532120(A8B8G8R8)  layout=3(BlockLinear)  kind=0xfe(Generic_16BX2)  block_h_log2=4  scan=0(Progressive)
[  2011.386]    captured slot 1: nvmap=72648 1920x1080 stride_px=1920 blk_h_log2=4 off=0x870000 pixfmt=33 (slots=2)
[  2011.401] -> binder:parse_preallocated
[  2011.404] === setPreallocatedBuffer#12 slot 2 NvGraphicBuffer ===
[  2011.408]     nvmap_id=72648  stride=1920 px  total_size=8847360 B  num_planes=1  usage=0xb00  format=0x1
[  2011.415]     plane[0] 1920x1080  pitch=7680 B  offset=0x10e0000  size=8847360 B
[  2011.418]              fmt=0x100532120(A8B8G8R8)  layout=3(BlockLinear)  kind=0xfe(Generic_16BX2)  block_h_log2=4  scan=0(Progressive)
[  2011.422]    captured slot 2: nvmap=72648 1920x1080 stride_px=1920 blk_h_log2=4 off=0x10e0000 pixfmt=33 (slots=3)
[  2011.427] *** binder txn #222261  program=010015100b514000  session=0  code=2(setBufferCount) x1  flags=0x0  in=100 out=4096
[  2013.470] *** binder txn #222265  program=010015100b514000  session=0  code=2(setBufferCount) x2  flags=0x0  in=100 out=4096
[  2013.975] -> hb:655 sess=4 getdisp=4 relay=4 txn=222326 vic=live:no_game
[  2014.162]    live[19]: attached to pid 154; 1920x1080, 3 slot(s); swapchain (26542080 B) at 0x5a6c64d000; game held 983 us; 57 attach events, continue rc=0x0
[  2014.184] -> ns:1
[  2014.192]    ---- LIVE H.264 STREAM (M86): until the viewer or the game goes, an IDR every 60, QP 20 ----
[  2014.196]    nvstream: game swapchain 1920x1080 stride 1920 px, block height 2^4, 3 slot(s) of 8847360 B, format 0x100532120
[  2014.208]    nvstream: content 1280x720 (handheld) (140 samples outside the top-left 1280x720 all zero) -> the VIC converts the corner 1:1; later frames read only its 3.9 MB
[  2014.212]    nvstream: encoding 1280x720 (the handheld picture, 1:1)
[  2014.217]    nvmapOwn(0x5476f60000, 0x870000) kept CACHEABLE - caller must flush before submit
[  2014.225]    nvmapOwn ok handle=73592 id=73592 kind=0 size=0x870000
[  2014.230]    MAP_CMD_BUFFER(nvf-slot handle=73592 compr=0 req=0xc0140009) rc=0x0 nverr=0 -> phys=0x19e60000
[  2014.239]    nvmapOwn(0x5477e30000, 0x6c5000) kept CACHEABLE - caller must flush before submit
[  2014.243]    nvmapOwn ok handle=73596 id=73596 kind=0 size=0x6c5000
[  2014.248]    MAP_CMD_BUFFER(nvf-arena(vic) handle=73596 compr=0 req=0xc0140009) rc=0x0 nverr=0 -> phys=0x1a6e0000
[  2014.251]    MAP_CMD_BUFFER(nvf-arena(enc) handle=73596 compr=0 req=0xc0140009) rc=0x0 nverr=0 -> phys=0x1a6e0000
[  2014.256]    nvstream: arena 6932 KB at +15168 KB; VIC sees it at 0x1a6e0000, NVENC at 0x1a6e0000 (syncpt 14); picture 0x1a910000/0x1a9f1000, bits 0x1a6f0000
[  2014.261]    clk-ensure(nvstream) #1 re-set max     : 2 request(s), SetAndWait rc=0x0 -> clkrst NVENC=460800000 Hz
[  2016.239] *** binder txn #222600  program=010015100b514000  session=0  code=3(dequeueBuffer) x111285  flags=0x0  in=116 out=4096
[  2017.008] -> hb:656 sess=4 getdisp=4 relay=4 txn=222688 vic=ns:vic
[  2020.032] -> hb:657 sess=4 getdisp=4 relay=4 txn=223052 vic=ns:vic
[  2021.239] *** binder txn #223200  program=010015100b514000  session=0  code=3(dequeueBuffer) x111585  flags=0x0  in=116 out=4096
[  2023.058] -> hb:658 sess=4 getdisp=4 relay=4 txn=223416 vic=ns:vic
[  2026.082] -> hb:659 sess=4 getdisp=4 relay=4 txn=223778 vic=ns:vic
[  2026.239] *** binder txn #223800  program=010015100b514000  session=0  code=3(dequeueBuffer) x111885  flags=0x0  in=116 out=4096
[  2029.116] -> hb:660 sess=4 getdisp=4 relay=4 txn=224141 vic=ns:vic
[  2031.243] *** binder txn #224400  program=010015100b514000  session=0  code=3(dequeueBuffer) x112185  flags=0x0  in=116 out=4096
[  2032.148] -> hb:661 sess=4 getdisp=4 relay=4 txn=224506 vic=ns:vic
[  2034.265]    nvstream window: 59.9 fps sent; per frame avg us: read 1821 (flush 715 of it)  VIC 531  NVENC wait 2333  GPU fence 686; presents: 620 already drawn, 581 waited for, 0 skipped
[  2034.278]    nvstream: 1200 frames in 20013 ms, 1199 sent, avg 7259 B/frame (IDR 120622, P 5337), NVENC 460800000 Hz; game presented 60.0 fps this window
[  2034.282]    nvstream: debug events 2 (+1 threads, -1 threads, 0 other) in 2 wakes; continued 2 (cores 0-3: 1/0/0/1), busy 0, failed 0 (last rc 0x0); longest hold 318 us
[  2035.180] -> hb:662 sess=4 getdisp=4 relay=4 txn=224868 vic=ns:vic
[  2036.242] *** binder txn #225000  program=010015100b514000  session=0  code=3(dequeueBuffer) x112485  flags=0x0  in=116 out=4096
[  2038.216] -> hb:663 sess=4 getdisp=4 relay=4 txn=225234 vic=ns:vic
[  2040.285]    nvstream: stopped: the game switched to a 1080p picture
[  2040.295]    nvstream: 1560 frames sent in 26021 ms -> 59.9 fps (game presented 59.9 fps, 1 presents skipped), 0 encodes with errors
[  2040.299]    nvstream: per frame avg us: read+flush 1801  VIC 526  NVENC 2327  copy 3  usb 508; worst work 21826 us
[  2040.303]    nvstream: avg 6902 B/frame (max 191653) -> 3 Mbps at the achieved rate; 26 IDR avg 116353 B, 1534 P avg 5047 B; clock re-ensured 0 time(s)
[  2040.310]    nvstream: console latency, the game's present -> header sent: avg 7336 us, max 28469 us
[  2040.314]    nvstream: present fences: 1561 waited, avg 776 us, max 5845 us, 0 timed out (30 ms), 0 presents without a readable fence
[  2040.318]    nvstream: presents taken (M96): 856 already drawn, 705 waited for (the oldest not yet drawn), 0 by the old latest-present rule
[  2040.329]    nvstream: per-stage max us: read 16318  VIC 6246  NVENC 13976  USB wait 7728  copy 189; 0 frame(s) over 50 ms of work; 0 USB wait(s) over 500 ms (IDR forced after each)
[  2040.333]    nvstream: debug events 2 (+1 threads, -1 threads, 0 other) in 2 wakes; continued 2 (cores 0-3: 1/0/0/1), busy 0, failed 0 (last rc 0x0); longest hold 318 us
[  2040.344]    nvstream: ended to restart at the game's new picture size
[  2040.382] -> ns:stopped
[  2040.410]    live[19]: session ended - the picture size changed - restarting at the new size; detached
[  2040.616]    live[20]: attached to pid 154; 1920x1080, 3 slot(s); swapchain (26542080 B) at 0x5a6c64d000; game held 1573 us; 57 attach events, continue rc=0x0
[  2040.649] -> ns:1
[  2040.661]    ---- LIVE H.264 STREAM (M86): until the viewer or the game goes, an IDR every 60, QP 20 ----
[  2040.665]    nvstream: game swapchain 1920x1080 stride 1920 px, block height 2^4, 3 slot(s) of 8847360 B, format 0x100532120
[  2040.680]    nvstream: content 1920x1080 (docked) (140 samples outside the top-left 1280x720 not all zero) -> the VIC scales it to 1280x720
[  2040.684]    nvstream: encoding 1920x1080 (native 1080p: 1920x1088 coded, SPS-cropped); pipelined: the next frame is read while this one encodes
[  2040.695]    nvmapOwn(0x5476f60000, 0x870000) kept CACHEABLE - caller must flush before submit
[  2040.700]    nvmapOwn ok handle=74168 id=74168 kind=0 size=0x870000
[  2040.711]    MAP_CMD_BUFFER(nvf-slot handle=74168 compr=0 req=0xc0140009) rc=0x0 nverr=0 -> phys=0x1adc0000
[  2040.719]    nvmapOwn(0x5477e30000, 0x10b0000) kept CACHEABLE - caller must flush before submit
[  2040.728]    nvmapOwn ok handle=74172 id=74172 kind=0 size=0x10b0000
[  2040.736]    MAP_CMD_BUFFER(nvf-arena(vic) handle=74172 compr=0 req=0xc0140009) rc=0x0 nverr=0 -> phys=0x1b640000
[  2040.743]    MAP_CMD_BUFFER(nvf-arena(enc) handle=74172 compr=0 req=0xc0140009) rc=0x0 nverr=0 -> phys=0x1b640000
[  2040.748]    nvstream: arena 17088 KB at +15168 KB; VIC sees it at 0x1b640000, NVENC at 0x1b640000 (syncpt 14); picture 0x1b9f5000/0x1bbf3000, bits 0x1b670000
[  2040.752]    clk-ensure(nvstream) #1 re-set max     : 2 request(s), SetAndWait rc=0x0 -> clkrst NVENC=460800000 Hz
[  2041.253] *** binder txn #225600  program=010015100b514000  session=0  code=3(dequeueBuffer) x112785  flags=0x0  in=116 out=4096
[  2041.264] -> hb:664 sess=4 getdisp=4 relay=4 txn=225598 vic=ns:vic
[  2044.296] -> hb:665 sess=4 getdisp=4 relay=4 txn=225960 vic=ns:vic
[  2046.258] *** binder txn #226200  program=010015100b514000  session=0  code=3(dequeueBuffer) x113085  flags=0x0  in=116 out=4096
[  2047.367] -> hb:666 sess=4 getdisp=4 relay=4 txn=226324 vic=ns:vic
[  2050.469] -> hb:667 sess=4 getdisp=4 relay=4 txn=226702 vic=ns:vic
[  2051.263] *** binder txn #226800  program=010015100b514000  session=0  code=3(dequeueBuffer) x113385  flags=0x0  in=116 out=4096
[  2052.935] *** binder txn #226986  program=010015100b514000  session=0  code=2(setBufferCount) x3  flags=0x0  in=100 out=4096
[  2053.566] -> hb:668 sess=4 getdisp=4 relay=4 txn=227057 vic=ns:vic
[  2056.375] *** binder txn #227400  program=010015100b514000  session=0  code=3(dequeueBuffer) x113683  flags=0x0  in=116 out=4096
[  2056.595] -> hb:669 sess=4 getdisp=4 relay=4 txn=227423 vic=ns:vic
[  2059.615] -> hb:670 sess=4 getdisp=4 relay=4 txn=227711 vic=ns:vic
[  2062.209] *** binder txn #228000  program=010015100b514000  session=0  code=3(dequeueBuffer) x113983  flags=0x0  in=116 out=4096
[  2062.232]    nvstream: STALL at frame 100 (+1790 ms): read 30918 us, VIC 25550 us, NVENC 17 us, waiting for the previous USB transfer 77 us, copy 5 us
[  2062.236]    nvstream: STALL at frame 696 (+12036 ms): read 66486 us, VIC 1093 us, NVENC 26 us, waiting for the previous USB transfer 108 us, copy 1 us
[  2062.242]    nvstream window: 55.7 fps sent; per frame avg us: read 7480 (flush 781 of it)  VIC 1415  NVENC wait 40  GPU fence 4463; presents: 217 already drawn, 984 waited for, 28 skipped
[  2062.253]    nvstream: 1200 frames in 21490 ms, 1198 sent, avg 38060 B/frame (IDR 190405, P 35476), NVENC 460800000 Hz; game presented 57.1 fps this window
[  2062.262]    nvstream: debug events 12 (+11 threads, -1 threads, 0 other) in 12 wakes; continued 12 (cores 0-3: 0/4/7/1), busy 0, failed 0 (last rc 0x0); longest hold 3777 us
[  2062.642] -> hb:671 sess=4 getdisp=4 relay=4 txn=228048 vic=ns:vic
[  2065.669] -> hb:672 sess=4 getdisp=4 relay=4 txn=228380 vic=ns:vic
[  2067.478] *** binder txn #228600  program=010015100b514000  session=0  code=3(dequeueBuffer) x114283  flags=0x0  in=116 out=4096
[  2068.702] -> hb:673 sess=4 getdisp=4 relay=4 txn=228743 vic=ns:vic
[  2071.733] -> hb:674 sess=4 getdisp=4 relay=4 txn=229108 vic=ns:vic
[  2072.508] *** binder txn #229200  program=010015100b514000  session=0  code=3(dequeueBuffer) x114583  flags=0x0  in=116 out=4096
[  2074.763] -> hb:675 sess=4 getdisp=4 relay=4 txn=229352 vic=ns:vic
[  2077.796] -> hb:676 sess=4 getdisp=4 relay=4 txn=229700 vic=ns:vic
[  2078.596] *** binder txn #229800  program=010015100b514000  session=0  code=3(dequeueBuffer) x114883  flags=0x0  in=116 out=4096
[  2080.823] -> hb:677 sess=4 getdisp=4 relay=4 txn=230047 vic=ns:vic
[  2083.847] -> hb:678 sess=4 getdisp=4 relay=4 txn=230330 vic=ns:vic
[  2084.494] *** binder txn #230400  program=010015100b514000  session=0  code=7(queueBuffer) x115178  flags=0x0  in=192 out=4096
[  2085.373]    nvstream: STALL at frame 2178 (+39554 ms): read 65999 us, VIC 2527 us, NVENC 15 us, waiting for the previous USB transfer 39 us, copy 40 us
[  2085.380]    nvstream: STALL at frame 2376 (+44143 ms): read 66233 us, VIC 1204 us, NVENC 15 us, waiting for the previous USB transfer 37 us, copy 2 us
[  2085.384]    nvstream window: 51.8 fps sent; per frame avg us: read 10394 (flush 945 of it)  VIC 1752  NVENC wait 70  GPU fence 2743; presents: 550 already drawn, 650 waited for, 46 skipped
[  2085.394]    nvstream: 2400 frames in 44632 ms, 2398 sent, avg 53128 B/frame (IDR 259199, P 49633), NVENC 460800000 Hz; game presented 53.8 fps this window
[  2085.400]    nvstream: debug events 12 (+11 threads, -1 threads, 0 other) in 12 wakes; continued 12 (cores 0-3: 0/4/7/1), busy 0, failed 0 (last rc 0x0); longest hold 3777 us
[  2086.867] -> hb:679 sess=4 getdisp=4 relay=4 txn=230673 vic=ns:vic
[  2089.722] *** binder txn #231000  program=010015100b514000  session=0  code=7(queueBuffer) x115478  flags=0x0  in=192 out=4096
[  2089.897] -> hb:680 sess=4 getdisp=4 relay=4 txn=231019 vic=ns:vic
[  2092.917] -> hb:681 sess=4 getdisp=4 relay=4 txn=231381 vic=ns:vic
[  2094.721] *** binder txn #231600  program=010015100b514000  session=0  code=7(queueBuffer) x115778  flags=0x0  in=192 out=4096
[  2095.942] -> hb:682 sess=4 getdisp=4 relay=4 txn=231745 vic=ns:vic
[  2098.963] -> hb:683 sess=4 getdisp=4 relay=4 txn=232107 vic=ns:vic
[  2099.722] *** binder txn #232200  program=010015100b514000  session=0  code=7(queueBuffer) x116078  flags=0x0  in=192 out=4096
[  2101.992] -> hb:684 sess=4 getdisp=4 relay=4 txn=232469 vic=ns:vic
[  2104.721] *** binder txn #232800  program=010015100b514000  session=0  code=7(queueBuffer) x116378  flags=0x0  in=192 out=4096
[  2105.013] -> hb:685 sess=4 getdisp=4 relay=4 txn=232833 vic=ns:vic
[  2105.561]    nvstream window: 59.4 fps sent; per frame avg us: read 4802 (flush 832 of it)  VIC 2499  NVENC wait 26  GPU fence 7287; presents: 24 already drawn, 1176 waited for, 2 skipped
[  2105.565]    nvstream: 3600 frames in 64803 ms, 3598 sent, avg 44791 B/frame (IDR 224120, P 41750), NVENC 460800000 Hz; game presented 59.5 fps this window
[  2105.569]    nvstream: debug events 12 (+11 threads, -1 threads, 0 other) in 12 wakes; continued 12 (cores 0-3: 0/4/7/1), busy 0, failed 0 (last rc 0x0); longest hold 3777 us
[  2108.032] -> hb:686 sess=4 getdisp=4 relay=4 txn=233195 vic=ns:vic
[  2109.722] *** binder txn #233400  program=010015100b514000  session=0  code=7(queueBuffer) x116678  flags=0x0  in=192 out=4096
[  2111.051] -> hb:687 sess=4 getdisp=4 relay=4 txn=233557 vic=ns:vic
[  2114.078] -> hb:688 sess=4 getdisp=4 relay=4 txn=233921 vic=ns:vic
[  2114.722] *** binder txn #234000  program=010015100b514000  session=0  code=7(queueBuffer) x116978  flags=0x0  in=192 out=4096
[  2117.109] -> hb:689 sess=4 getdisp=4 relay=4 txn=234283 vic=ns:vic
[  2119.739] *** binder txn #234600  program=010015100b514000  session=0  code=7(queueBuffer) x117278  flags=0x0  in=192 out=4096
[  2120.133] -> hb:690 sess=4 getdisp=4 relay=4 txn=234645 vic=ns:vic
[  2123.158] -> hb:691 sess=4 getdisp=4 relay=4 txn=235009 vic=ns:vic
[  2124.739] *** binder txn #235200  program=010015100b514000  session=0  code=7(queueBuffer) x117578  flags=0x0  in=192 out=4096
[  2125.578]    nvstream window: 59.9 fps sent; per frame avg us: read 6185 (flush 1307 of it)  VIC 2653  NVENC wait 23  GPU fence 6798; presents: 19 already drawn, 1181 waited for, 0 skipped
[  2125.583]    nvstream: 4800 frames in 84821 ms, 4798 sent, avg 45814 B/frame (IDR 219026, P 42877), NVENC 460800000 Hz; game presented 59.9 fps this window
[  2125.594]    nvstream: debug events 12 (+11 threads, -1 threads, 0 other) in 12 wakes; continued 12 (cores 0-3: 0/4/7/1), busy 0, failed 0 (last rc 0x0); longest hold 3777 us
[  2126.193] -> hb:692 sess=4 getdisp=4 relay=4 txn=235371 vic=ns:vic
[  2129.215] -> hb:693 sess=4 getdisp=4 relay=4 txn=235735 vic=ns:vic
[  2129.738] *** binder txn #235800  program=010015100b514000  session=0  code=7(queueBuffer) x117878  flags=0x0  in=192 out=4096
[  2132.234] -> hb:694 sess=4 getdisp=4 relay=4 txn=236097 vic=ns:vic
[  2134.738] *** binder txn #236400  program=010015100b514000  session=0  code=7(queueBuffer) x118178  flags=0x0  in=192 out=4096
[  2135.259] -> hb:695 sess=4 getdisp=4 relay=4 txn=236461 vic=ns:vic
[  2138.278] -> hb:696 sess=4 getdisp=4 relay=4 txn=236823 vic=ns:vic
[  2139.738] *** binder txn #237000  program=010015100b514000  session=0  code=7(queueBuffer) x118478  flags=0x0  in=192 out=4096
[  2141.312] -> hb:697 sess=4 getdisp=4 relay=4 txn=237185 vic=ns:vic
[  2144.345] -> hb:698 sess=4 getdisp=4 relay=4 txn=237551 vic=ns:vic
[  2144.739] *** binder txn #237600  program=010015100b514000  session=0  code=7(queueBuffer) x118778  flags=0x0  in=192 out=4096
[  2145.574]    nvstream window: 60.0 fps sent; per frame avg us: read 6218 (flush 1375 of it)  VIC 2625  NVENC wait 25  GPU fence 6707; presents: 13 already drawn, 1187 waited for, 0 skipped
[  2145.579]    nvstream: 6000 frames in 104817 ms, 5998 sent, avg 45052 B/frame (IDR 209939, P 42257), NVENC 460800000 Hz; game presented 60.0 fps this window
[  2145.584]    nvstream: debug events 12 (+11 threads, -1 threads, 0 other) in 12 wakes; continued 12 (cores 0-3: 0/4/7/1), busy 0, failed 0 (last rc 0x0); longest hold 3777 us
[  2147.363] -> hb:699 sess=4 getdisp=4 relay=4 txn=237913 vic=ns:vic
[  2149.739] *** binder txn #238200  program=010015100b514000  session=0  code=7(queueBuffer) x119078  flags=0x0  in=192 out=4096
[  2150.398] -> hb:700 sess=4 getdisp=4 relay=4 txn=238275 vic=ns:vic
[  2153.458] -> hb:701 sess=4 getdisp=4 relay=4 txn=238643 vic=ns:vic
[  2154.739] *** binder txn #238800  program=010015100b514000  session=0  code=7(queueBuffer) x119378  flags=0x0  in=192 out=4096
[  2156.485] -> hb:702 sess=4 getdisp=4 relay=4 txn=239007 vic=ns:vic
[  2159.508] -> hb:703 sess=4 getdisp=4 relay=4 txn=239371 vic=ns:vic
[  2159.739] *** binder txn #239400  program=010015100b514000  session=0  code=7(queueBuffer) x119678  flags=0x0  in=192 out=4096
[  2162.528] -> hb:704 sess=4 getdisp=4 relay=4 txn=239731 vic=ns:vic
[  2164.771] *** binder txn #240000  program=010015100b514000  session=0  code=7(queueBuffer) x119978  flags=0x0  in=192 out=4096
[  2165.545] -> hb:705 sess=4 getdisp=4 relay=4 txn=240091 vic=ns:vic
[  2165.612]    nvstream window: 59.8 fps sent; per frame avg us: read 5745 (flush 1343 of it)  VIC 2487  NVENC wait 26  GPU fence 6608; presents: 42 already drawn, 1158 waited for, 1 skipped
[  2165.617]    nvstream: 7200 frames in 124854 ms, 7198 sent, avg 44049 B/frame (IDR 202020, P 41371), NVENC 460800000 Hz; game presented 59.8 fps this window
[  2165.634]    nvstream: debug events 12 (+11 threads, -1 threads, 0 other) in 12 wakes; continued 12 (cores 0-3: 0/4/7/1), busy 0, failed 0 (last rc 0x0); longest hold 3777 us
[  2168.598] -> hb:706 sess=4 getdisp=4 relay=4 txn=240453 vic=ns:vic
[  2169.773] *** binder txn #240600  program=010015100b514000  session=0  code=7(queueBuffer) x120278  flags=0x0  in=192 out=4096
[  2171.679] -> hb:707 sess=4 getdisp=4 relay=4 txn=240821 vic=ns:vic
[  2174.737] -> hb:708 sess=4 getdisp=4 relay=4 txn=241189 vic=ns:vic
[  2174.773] *** binder txn #241200  program=010015100b514000  session=0  code=7(queueBuffer) x120578  flags=0x0  in=192 out=4096
[  2177.832] -> hb:709 sess=4 getdisp=4 relay=4 txn=241559 vic=ns:vic
[  2179.773] *** binder txn #241800  program=010015100b514000  session=0  code=7(queueBuffer) x120878  flags=0x0  in=192 out=4096
[  2180.876] -> hb:710 sess=4 getdisp=4 relay=4 txn=241927 vic=ns:vic
[  2183.907] -> hb:711 sess=4 getdisp=4 relay=4 txn=242293 vic=ns:vic
[  2184.774] *** binder txn #242400  program=010015100b514000  session=0  code=7(queueBuffer) x121178  flags=0x0  in=192 out=4096
[  2185.645]    nvstream window: 59.9 fps sent; per frame avg us: read 5450 (flush 1006 of it)  VIC 1828  NVENC wait 30  GPU fence 4241; presents: 224 already drawn, 976 waited for, 1 skipped
[  2185.649]    nvstream: 8400 frames in 144887 ms, 8398 sent, avg 42146 B/frame (IDR 195421, P 39548), NVENC 460800000 Hz; game presented 60.0 fps this window
[  2185.653]    nvstream: debug events 12 (+11 threads, -1 threads, 0 other) in 12 wakes; continued 12 (cores 0-3: 0/4/7/1), busy 0, failed 0 (last rc 0x0); longest hold 3777 us
[  2186.935] -> hb:712 sess=4 getdisp=4 relay=4 txn=242657 vic=ns:vic
[  2189.773] *** binder txn #243000  program=010015100b514000  session=0  code=7(queueBuffer) x121478  flags=0x0  in=192 out=4096
[  2189.964] -> hb:713 sess=4 getdisp=4 relay=4 txn=243021 vic=ns:vic
[  2192.994] -> hb:714 sess=4 getdisp=4 relay=4 txn=243383 vic=ns:vic
[  2194.772] *** binder txn #243600  program=010015100b514000  session=0  code=7(queueBuffer) x121778  flags=0x0  in=192 out=4096
[  2196.024] -> hb:715 sess=4 getdisp=4 relay=4 txn=243745 vic=ns:vic
[  2199.049] -> hb:716 sess=4 getdisp=4 relay=4 txn=244109 vic=ns:vic
[  2199.788] *** binder txn #244200  program=010015100b514000  session=0  code=7(queueBuffer) x122078  flags=0x0  in=192 out=4096
[  2202.079] -> hb:717 sess=4 getdisp=4 relay=4 txn=244473 vic=ns:vic
[  2204.790] *** binder txn #244800  program=010015100b514000  session=0  code=7(queueBuffer) x122378  flags=0x0  in=192 out=4096
[  2205.108] -> hb:718 sess=4 getdisp=4 relay=4 txn=244835 vic=ns:vic
[  2205.660]    nvstream window: 59.9 fps sent; per frame avg us: read 6282 (flush 1364 of it)  VIC 2560  NVENC wait 25  GPU fence 6681; presents: 17 already drawn, 1183 waited for, 0 skipped
[  2205.665]    nvstream: 9600 frames in 164903 ms, 9598 sent, avg 42014 B/frame (IDR 192485, P 39463), NVENC 460800000 Hz; game presented 59.9 fps this window
[  2205.669]    nvstream: debug events 12 (+11 threads, -1 threads, 0 other) in 12 wakes; continued 12 (cores 0-3: 0/4/7/1), busy 0, failed 0 (last rc 0x0); longest hold 3777 us
[  2208.136] -> hb:719 sess=4 getdisp=4 relay=4 txn=245199 vic=ns:vic
[  2209.808] *** binder txn #245400  program=010015100b514000  session=0  code=7(queueBuffer) x122678  flags=0x0  in=192 out=4096
[  2210.735]    nvstream: stopped: slot read failed: the game exited
[  2210.758]    nvstream: 9899 frames sent in 169973 ms -> 58.2 fps (game presented 58.7 fps, 79 presents skipped), 0 encodes with errors
[  2210.777]    nvstream: per frame avg us: read+flush 6534  VIC 2228  NVENC 33  copy 32  usb 812; worst work 69730 us
[  2210.795]    nvstream: avg 41659 B/frame (max 355720) -> 19 Mbps at the achieved rate; 165 IDR avg 191564 B, 9734 P avg 39118 B; clock re-ensured 0 time(s)
[  2210.801]    nvstream: console latency, the game's present -> header sent: avg 28777 us, max 144587 us
[  2210.811]    nvstream: present fences: 9901 waited, avg 5675 us, max 30172 us, 1 timed out (30 ms), 0 presents without a readable fence
[  2210.818]    nvstream: presents taken (M96): 1171 already drawn, 8730 waited for (the oldest not yet drawn), 0 by the old latest-present rule
[  2210.828]    nvstream: per-stage max us: read 66486  VIC 31063  NVENC 9783  USB wait 8520  copy 8752; 4 frame(s) over 50 ms of work; 0 USB wait(s) over 500 ms (IDR forced after each)
[  2210.841]    nvstream: debug events 13 (+11 threads, -1 threads, 1 other) in 13 wakes; continued 13 (cores 0-3: 0/4/7/2), busy 0, failed 0 (last rc 0x0); longest hold 3777 us; GAME GONE
[  2211.027] -> ns:stopped
[  2211.078]    live[20]: session ended - the game went away; detached
[  2211.178] -> hb:720 sess=4 getdisp=4 relay=4 txn=245504 vic=ns:stopped
[  2212.095]    live: viewer present; waiting for a game (no application)
[  2212.114] -> live:no_game
[  2214.215] -> hb:721 sess=4 getdisp=4 relay=4 txn=245504 vic=live:no_game
[  2217.247] -> hb:722 sess=4 getdisp=4 relay=4 txn=245504 vic=live:no_game
[  2218.613] sftap: stream turned OFF from the overlay
[  2219.326]    live: turned off (overlay)
[  2219.360] -> live:off
[  2220.282] -> hb:723 sess=4 getdisp=4 relay=4 txn=245504 vic=live:off
[  2223.316] -> hb:724 sess=4 getdisp=4 relay=4 txn=245504 vic=live:off
[  2226.348] -> hb:725 sess=4 getdisp=4 relay=4 txn=245504 vic=live:off
[  2229.385] -> hb:726 sess=4 getdisp=4 relay=4 txn=245504 vic=live:off
[  2232.418] -> hb:727 sess=4 getdisp=4 relay=4 txn=245504 vic=live:off
[  2235.449] -> hb:728 sess=4 getdisp=4 relay=4 txn=245504 vic=live:off
[  2238.480] -> hb:729 sess=4 getdisp=4 relay=4 txn=245504 vic=live:off
[  2241.512] -> hb:730 sess=4 getdisp=4 relay=4 txn=245504 vic=live:off
[  2244.546] -> hb:731 sess=4 getdisp=4 relay=4 txn=245504 vic=live:off
[  2247.574] -> hb:732 sess=4 getdisp=4 relay=4 txn=245504 vic=live:off
[  2250.607] -> hb:733 sess=4 getdisp=4 relay=4 txn=245504 vic=live:off
[  2253.635] -> hb:734 sess=4 getdisp=4 relay=4 txn=245504 vic=live:off
[  2256.666] -> hb:735 sess=4 getdisp=4 relay=4 txn=245504 vic=live:off
[  2259.696] -> hb:736 sess=4 getdisp=4 relay=4 txn=245504 vic=live:off
[  2262.731] -> hb:737 sess=4 getdisp=4 relay=4 txn=245504 vic=live:off
[  2265.763] -> hb:738 sess=4 getdisp=4 relay=4 txn=245504 vic=live:off
[  2268.793] -> hb:739 sess=4 getdisp=4 relay=4 txn=245504 vic=live:off
[  2271.824] -> hb:740 sess=4 getdisp=4 relay=4 txn=245504 vic=live:off
[  2274.858] -> hb:741 sess=4 getdisp=4 relay=4 txn=245504 vic=live:off
[  2277.887] -> hb:742 sess=4 getdisp=4 relay=4 txn=245504 vic=live:off
[  2280.974] -> hb:743 sess=4 getdisp=4 relay=4 txn=245504 vic=live:off
[  2284.107] -> hb:744 sess=4 getdisp=4 relay=4 txn=245504 vic=live:off
[  2287.227] -> hb:745 sess=4 getdisp=4 relay=4 txn=245504 vic=live:off
[  2290.312] -> hb:746 sess=4 getdisp=4 relay=4 txn=245504 vic=live:off
[  2293.343] -> hb:747 sess=4 getdisp=4 relay=4 txn=245504 vic=live:off
[  2296.374] -> hb:748 sess=4 getdisp=4 relay=4 txn=245504 vic=live:off
[  2299.402] -> hb:749 sess=4 getdisp=4 relay=4 txn=245504 vic=live:off
[  2302.437] -> hb:750 sess=4 getdisp=4 relay=4 txn=245504 vic=live:off
[  2305.469] -> hb:751 sess=4 getdisp=4 relay=4 txn=245504 vic=live:off
[  2308.499] -> hb:752 sess=4 getdisp=4 relay=4 txn=245504 vic=live:off
[  2311.530] -> hb:753 sess=4 getdisp=4 relay=4 txn=245504 vic=live:off
[  2314.562] -> hb:754 sess=4 getdisp=4 relay=4 txn=245504 vic=live:off
[  2317.595] -> hb:755 sess=4 getdisp=4 relay=4 txn=245504 vic=live:off
[  2320.628] -> hb:756 sess=4 getdisp=4 relay=4 txn=245504 vic=live:off
[  2323.660] -> hb:757 sess=4 getdisp=4 relay=4 txn=245504 vic=live:off
[  2326.693] -> hb:758 sess=4 getdisp=4 relay=4 txn=245504 vic=live:off
[  2329.732] -> hb:759 sess=4 getdisp=4 relay=4 txn=245504 vic=live:off
[  2332.769] -> hb:760 sess=4 getdisp=4 relay=4 txn=245504 vic=live:off
[  2335.802] -> hb:761 sess=4 getdisp=4 relay=4 txn=245504 vic=live:off
[  2338.832] -> hb:762 sess=4 getdisp=4 relay=4 txn=245504 vic=live:off
[  2341.865] -> hb:763 sess=4 getdisp=4 relay=4 txn=245504 vic=live:off
[  2344.896] -> hb:764 sess=4 getdisp=4 relay=4 txn=245504 vic=live:off
[  2347.925] -> hb:765 sess=4 getdisp=4 relay=4 txn=245504 vic=live:off
[  2350.960] -> hb:766 sess=4 getdisp=4 relay=4 txn=245504 vic=live:off
[  2353.990] -> hb:767 sess=4 getdisp=4 relay=4 txn=245504 vic=live:off
[  2357.018] -> hb:768 sess=4 getdisp=4 relay=4 txn=245504 vic=live:off
[  2360.049] -> hb:769 sess=4 getdisp=4 relay=4 txn=245504 vic=live:off
[  2363.080] -> hb:770 sess=4 getdisp=4 relay=4 txn=245504 vic=live:off
[  2366.113] -> hb:771 sess=4 getdisp=4 relay=4 txn=245504 vic=live:off
[  2369.143] -> hb:772 sess=4 getdisp=4 relay=4 txn=245504 vic=live:off
[  2372.174] -> hb:773 sess=4 getdisp=4 relay=4 txn=245504 vic=live:off
[  2375.202] -> hb:774 sess=4 getdisp=4 relay=4 txn=245504 vic=live:off
[  2378.232] -> hb:775 sess=4 getdisp=4 relay=4 txn=245504 vic=live:off
[  2381.263] -> hb:776 sess=4 getdisp=4 relay=4 txn=245504 vic=live:off
[  2384.291] -> hb:777 sess=4 getdisp=4 relay=4 txn=245504 vic=live:off
[  2387.319] -> hb:778 sess=4 getdisp=4 relay=4 txn=245504 vic=live:off
[  2390.349] -> hb:779 sess=4 getdisp=4 relay=4 txn=245504 vic=live:off
[  2393.410] -> hb:780 sess=4 getdisp=4 relay=4 txn=245504 vic=live:off
[  2396.477] -> hb:781 sess=4 getdisp=4 relay=4 txn=245504 vic=live:off
[  2399.546] -> hb:782 sess=4 getdisp=4 relay=4 txn=245504 vic=live:off
[  2402.612] -> hb:783 sess=4 getdisp=4 relay=4 txn=245504 vic=live:off
[  2405.676] -> hb:784 sess=4 getdisp=4 relay=4 txn=245504 vic=live:off
[  2408.747] -> hb:785 sess=4 getdisp=4 relay=4 txn=245504 vic=live:off
[  2411.813] -> hb:786 sess=4 getdisp=4 relay=4 txn=245504 vic=live:off
[  2414.835] -> hb:787 sess=4 getdisp=4 relay=4 txn=245504 vic=live:off
[  2417.860] -> hb:788 sess=4 getdisp=4 relay=4 txn=245504 vic=live:off
[  2420.883] -> hb:789 sess=4 getdisp=4 relay=4 txn=245504 vic=live:off
[  2423.907] -> hb:790 sess=4 getdisp=4 relay=4 txn=245504 vic=live:off
[  2426.930] -> hb:791 sess=4 getdisp=4 relay=4 txn=245504 vic=live:off
[  2429.957] -> hb:792 sess=4 getdisp=4 relay=4 txn=245504 vic=live:off
[  2432.980] -> hb:793 sess=4 getdisp=4 relay=4 txn=245504 vic=live:off
[  2436.001] -> hb:794 sess=4 getdisp=4 relay=4 txn=245504 vic=live:off
[  2439.024] -> hb:795 sess=4 getdisp=4 relay=4 txn=245504 vic=live:off
[  2442.046] -> hb:796 sess=4 getdisp=4 relay=4 txn=245504 vic=live:off
[  2445.069] -> hb:797 sess=4 getdisp=4 relay=4 txn=245504 vic=live:off
[  2448.093] -> hb:798 sess=4 getdisp=4 relay=4 txn=245504 vic=live:off
[  2451.115] -> hb:799 sess=4 getdisp=4 relay=4 txn=245504 vic=live:off
[  2454.140] -> hb:800 sess=4 getdisp=4 relay=4 txn=245504 vic=live:off
[  2457.163] -> hb:801 sess=4 getdisp=4 relay=4 txn=245504 vic=live:off
[  2460.185] -> hb:802 sess=4 getdisp=4 relay=4 txn=245504 vic=live:off
[  2463.209] -> hb:803 sess=4 getdisp=4 relay=4 txn=245504 vic=live:off
[  2466.232] -> hb:804 sess=4 getdisp=4 relay=4 txn=245504 vic=live:off
[  2469.257] -> hb:805 sess=4 getdisp=4 relay=4 txn=245504 vic=live:off
[  2472.280] -> hb:806 sess=4 getdisp=4 relay=4 txn=245504 vic=live:off
[  2475.301] -> hb:807 sess=4 getdisp=4 relay=4 txn=245504 vic=live:off
[  2478.324] -> hb:808 sess=4 getdisp=4 relay=4 txn=245504 vic=live:off
[  2481.346] -> hb:809 sess=4 getdisp=4 relay=4 txn=245504 vic=live:off
[  2484.368] -> hb:810 sess=4 getdisp=4 relay=4 txn=245504 vic=live:off
[  2487.391] -> hb:811 sess=4 getdisp=4 relay=4 txn=245504 vic=live:off
[  2490.413] -> hb:812 sess=4 getdisp=4 relay=4 txn=245504 vic=live:off
[  2493.435] -> hb:813 sess=4 getdisp=4 relay=4 txn=245504 vic=live:off
[  2496.461] -> hb:814 sess=4 getdisp=4 relay=4 txn=245504 vic=live:off
[  2499.482] -> hb:815 sess=4 getdisp=4 relay=4 txn=245504 vic=live:off
[  2502.507] -> hb:816 sess=4 getdisp=4 relay=4 txn=245504 vic=live:off
[  2505.533] -> hb:817 sess=4 getdisp=4 relay=4 txn=245504 vic=live:off
[  2508.562] -> hb:818 sess=4 getdisp=4 relay=4 txn=245504 vic=live:off
[  2511.585] -> hb:819 sess=4 getdisp=4 relay=4 txn=245504 vic=live:off
[  2514.609] -> hb:820 sess=4 getdisp=4 relay=4 txn=245504 vic=live:off
[  2517.632] -> hb:821 sess=4 getdisp=4 relay=4 txn=245504 vic=live:off
[  2520.657] -> hb:822 sess=4 getdisp=4 relay=4 txn=245504 vic=live:off
[  2523.681] -> hb:823 sess=4 getdisp=4 relay=4 txn=245504 vic=live:off
[  2526.702] -> hb:824 sess=4 getdisp=4 relay=4 txn=245504 vic=live:off
[  2529.724] -> hb:825 sess=4 getdisp=4 relay=4 txn=245504 vic=live:off
[  2532.746] -> hb:826 sess=4 getdisp=4 relay=4 txn=245504 vic=live:off
[  2535.768] -> hb:827 sess=4 getdisp=4 relay=4 txn=245504 vic=live:off
[  2538.791] -> hb:828 sess=4 getdisp=4 relay=4 txn=245504 vic=live:off
[  2541.813] -> hb:829 sess=4 getdisp=4 relay=4 txn=245504 vic=live:off
[  2544.834] -> hb:830 sess=4 getdisp=4 relay=4 txn=245504 vic=live:off
[  2547.857] -> hb:831 sess=4 getdisp=4 relay=4 txn=245504 vic=live:off
[  2550.881] -> hb:832 sess=4 getdisp=4 relay=4 txn=245504 vic=live:off
[  2553.907] -> hb:833 sess=4 getdisp=4 relay=4 txn=245504 vic=live:off
[  2556.929] -> hb:834 sess=4 getdisp=4 relay=4 txn=245504 vic=live:off
[  2559.951] -> hb:835 sess=4 getdisp=4 relay=4 txn=245504 vic=live:off
[  2562.974] -> hb:836 sess=4 getdisp=4 relay=4 txn=245504 vic=live:off
[  2565.998] -> hb:837 sess=4 getdisp=4 relay=4 txn=245504 vic=live:off
[  2569.018] -> hb:838 sess=4 getdisp=4 relay=4 txn=245504 vic=live:off
[  2572.044] -> hb:839 sess=4 getdisp=4 relay=4 txn=245504 vic=live:off
[  2575.066] -> hb:840 sess=4 getdisp=4 relay=4 txn=245504 vic=live:off
[  2578.090] -> hb:841 sess=4 getdisp=4 relay=4 txn=245504 vic=live:off
[  2581.113] -> hb:842 sess=4 getdisp=4 relay=4 txn=245504 vic=live:off
[  2584.134] -> hb:843 sess=4 getdisp=4 relay=4 txn=245504 vic=live:off
[  2587.160] -> hb:844 sess=4 getdisp=4 relay=4 txn=245504 vic=live:off
[  2590.212] -> hb:845 sess=4 getdisp=4 relay=4 txn=245504 vic=live:off
[  2593.235] -> hb:846 sess=4 getdisp=4 relay=4 txn=245504 vic=live:off
[  2596.259] -> hb:847 sess=4 getdisp=4 relay=4 txn=245504 vic=live:off
[  2599.282] -> hb:848 sess=4 getdisp=4 relay=4 txn=245504 vic=live:off
[  2602.313] -> hb:849 sess=4 getdisp=4 relay=4 txn=245504 vic=live:off
[  2605.340] -> hb:850 sess=4 getdisp=4 relay=4 txn=245504 vic=live:off
[  2608.365] -> hb:851 sess=4 getdisp=4 relay=4 txn=245504 vic=live:off
[  2611.395] -> hb:852 sess=4 getdisp=4 relay=4 txn=245504 vic=live:off
[  2614.419] -> hb:853 sess=4 getdisp=4 relay=4 txn=245504 vic=live:off
[  2617.447] -> hb:854 sess=4 getdisp=4 relay=4 txn=245504 vic=live:off
[  2620.528] -> hb:855 sess=4 getdisp=4 relay=4 txn=245504 vic=live:off
[  2623.625] -> hb:856 sess=4 getdisp=4 relay=4 txn=245504 vic=live:off
[  2626.724] -> hb:857 sess=4 getdisp=4 relay=4 txn=245504 vic=live:off
[  2629.825] -> hb:858 sess=4 getdisp=4 relay=4 txn=245504 vic=live:off
[  2632.880] -> hb:859 sess=4 getdisp=4 relay=4 txn=245504 vic=live:off
[  2635.907] -> hb:860 sess=4 getdisp=4 relay=4 txn=245504 vic=live:off
[  2638.933] -> hb:861 sess=4 getdisp=4 relay=4 txn=245504 vic=live:off
[  2641.962] -> hb:862 sess=4 getdisp=4 relay=4 txn=245504 vic=live:off
[  2644.990] -> hb:863 sess=4 getdisp=4 relay=4 txn=245504 vic=live:off
[  2648.015] -> hb:864 sess=4 getdisp=4 relay=4 txn=245504 vic=live:off
[  2651.046] -> hb:865 sess=4 getdisp=4 relay=4 txn=245504 vic=live:off
[  2654.074] -> hb:866 sess=4 getdisp=4 relay=4 txn=245504 vic=live:off
[  2657.099] -> hb:867 sess=4 getdisp=4 relay=4 txn=245504 vic=live:off
[  2660.129] -> hb:868 sess=4 getdisp=4 relay=4 txn=245504 vic=live:off
[  2663.154] -> hb:869 sess=4 getdisp=4 relay=4 txn=245504 vic=live:off
[  2666.186] -> hb:870 sess=4 getdisp=4 relay=4 txn=245504 vic=live:off
[  2669.214] -> hb:871 sess=4 getdisp=4 relay=4 txn=245504 vic=live:off
[  2672.240] -> hb:872 sess=4 getdisp=4 relay=4 txn=245504 vic=live:off
[  2675.265] -> hb:873 sess=4 getdisp=4 relay=4 txn=245504 vic=live:off
[  2678.296] -> hb:874 sess=4 getdisp=4 relay=4 txn=245504 vic=live:off
[  2681.324] -> hb:875 sess=4 getdisp=4 relay=4 txn=245504 vic=live:off
[  2684.350] -> hb:876 sess=4 getdisp=4 relay=4 txn=245504 vic=live:off
[  2687.381] -> hb:877 sess=4 getdisp=4 relay=4 txn=245504 vic=live:off
[  2690.409] -> hb:878 sess=4 getdisp=4 relay=4 txn=245504 vic=live:off
[  2693.435] -> hb:879 sess=4 getdisp=4 relay=4 txn=245504 vic=live:off
[  2696.463] -> hb:880 sess=4 getdisp=4 relay=4 txn=245504 vic=live:off
[  2699.490] -> hb:881 sess=4 getdisp=4 relay=4 txn=245504 vic=live:off
[  2702.515] -> hb:882 sess=4 getdisp=4 relay=4 txn=245504 vic=live:off
[  2705.545] -> hb:883 sess=4 getdisp=4 relay=4 txn=245504 vic=live:off
[  2708.575] -> hb:884 sess=4 getdisp=4 relay=4 txn=245504 vic=live:off
[  2711.602] -> hb:885 sess=4 getdisp=4 relay=4 txn=245504 vic=live:off
[  2714.630] -> hb:886 sess=4 getdisp=4 relay=4 txn=245504 vic=live:off
[  2717.657] -> hb:887 sess=4 getdisp=4 relay=4 txn=245504 vic=live:off
[  2720.682] -> hb:888 sess=4 getdisp=4 relay=4 txn=245504 vic=live:off
[  2723.711] -> hb:889 sess=4 getdisp=4 relay=4 txn=245504 vic=live:off
[  2726.736] -> hb:890 sess=4 getdisp=4 relay=4 txn=245504 vic=live:off
[  2729.771] -> hb:891 sess=4 getdisp=4 relay=4 txn=245504 vic=live:off
[  2732.799] -> hb:892 sess=4 getdisp=4 relay=4 txn=245504 vic=live:off
[  2735.828] -> hb:893 sess=4 getdisp=4 relay=4 txn=245504 vic=live:off
[  2738.863] -> hb:894 sess=4 getdisp=4 relay=4 txn=245504 vic=live:off
[  2741.890] -> hb:895 sess=4 getdisp=4 relay=4 txn=245504 vic=live:off
[  2744.924] -> hb:896 sess=4 getdisp=4 relay=4 txn=245504 vic=live:off
[  2747.949] -> hb:897 sess=4 getdisp=4 relay=4 txn=245504 vic=live:off
[  2750.979] -> hb:898 sess=4 getdisp=4 relay=4 txn=245504 vic=live:off
[  2754.007] -> hb:899 sess=4 getdisp=4 relay=4 txn=245504 vic=live:off
[  2757.033] -> hb:900 sess=4 getdisp=4 relay=4 txn=245504 vic=live:off
[  2760.061] -> hb:901 sess=4 getdisp=4 relay=4 txn=245504 vic=live:off
[  2763.085] -> hb:902 sess=4 getdisp=4 relay=4 txn=245504 vic=live:off
[  2766.113] -> hb:903 sess=4 getdisp=4 relay=4 txn=245504 vic=live:off
[  2769.140] -> hb:904 sess=4 getdisp=4 relay=4 txn=245504 vic=live:off
[  2772.166] -> hb:905 sess=4 getdisp=4 relay=4 txn=245504 vic=live:off
[  2775.195] -> hb:906 sess=4 getdisp=4 relay=4 txn=245504 vic=live:off
[  2778.275] -> hb:907 sess=4 getdisp=4 relay=4 txn=245504 vic=live:off
[  2781.374] -> hb:908 sess=4 getdisp=4 relay=4 txn=245504 vic=live:off
[  2784.474] -> hb:909 sess=4 getdisp=4 relay=4 txn=245504 vic=live:off
[  2787.574] -> hb:910 sess=4 getdisp=4 relay=4 txn=245504 vic=live:off
[  2790.640] -> hb:911 sess=4 getdisp=4 relay=4 txn=245504 vic=live:off
[  2793.665] -> hb:912 sess=4 getdisp=4 relay=4 txn=245504 vic=live:off
[  2796.695] -> hb:913 sess=4 getdisp=4 relay=4 txn=245504 vic=live:off
[  2799.724] -> hb:914 sess=4 getdisp=4 relay=4 txn=245504 vic=live:off
[  2802.749] -> hb:915 sess=4 getdisp=4 relay=4 txn=245504 vic=live:off
[  2805.778] -> hb:916 sess=4 getdisp=4 relay=4 txn=245504 vic=live:off
[  2808.809] -> hb:917 sess=4 getdisp=4 relay=4 txn=245504 vic=live:off
[  2811.835] -> hb:918 sess=4 getdisp=4 relay=4 txn=245504 vic=live:off
[  2814.863] -> hb:919 sess=4 getdisp=4 relay=4 txn=245504 vic=live:off
[  2817.890] -> hb:920 sess=4 getdisp=4 relay=4 txn=245504 vic=live:off
[  2820.915] -> hb:921 sess=4 getdisp=4 relay=4 txn=245504 vic=live:off
[  2823.946] -> hb:922 sess=4 getdisp=4 relay=4 txn=245504 vic=live:off
[  2826.979] -> hb:923 sess=4 getdisp=4 relay=4 txn=245504 vic=live:off
[  2830.007] -> hb:924 sess=4 getdisp=4 relay=4 txn=245504 vic=live:off
[  2833.033] -> hb:925 sess=4 getdisp=4 relay=4 txn=245504 vic=live:off
[  2836.062] -> hb:926 sess=4 getdisp=4 relay=4 txn=245504 vic=live:off
[  2839.086] -> hb:927 sess=4 getdisp=4 relay=4 txn=245504 vic=live:off
[  2842.113] -> hb:928 sess=4 getdisp=4 relay=4 txn=245504 vic=live:off
[  2845.141] -> hb:929 sess=4 getdisp=4 relay=4 txn=245504 vic=live:off
[  2848.165] -> hb:930 sess=4 getdisp=4 relay=4 txn=245504 vic=live:off
[  2851.196] -> hb:931 sess=4 getdisp=4 relay=4 txn=245504 vic=live:off
[  2854.221] -> hb:932 sess=4 getdisp=4 relay=4 txn=245504 vic=live:off
[  2857.249] -> hb:933 sess=4 getdisp=4 relay=4 txn=245504 vic=live:off
[  2860.279] -> hb:934 sess=4 getdisp=4 relay=4 txn=245504 vic=live:off
[  2863.307] -> hb:935 sess=4 getdisp=4 relay=4 txn=245504 vic=live:off
[  2866.333] -> hb:936 sess=4 getdisp=4 relay=4 txn=245504 vic=live:off
[  2869.362] -> hb:937 sess=4 getdisp=4 relay=4 txn=245504 vic=live:off
[  2872.386] -> hb:938 sess=4 getdisp=4 relay=4 txn=245504 vic=live:off
[  2875.413] -> hb:939 sess=4 getdisp=4 relay=4 txn=245504 vic=live:off
[  2878.440] -> hb:940 sess=4 getdisp=4 relay=4 txn=245504 vic=live:off
[  2881.465] -> hb:941 sess=4 getdisp=4 relay=4 txn=245504 vic=live:off
[  2884.495] -> hb:942 sess=4 getdisp=4 relay=4 txn=245504 vic=live:off
[  2887.524] -> hb:943 sess=4 getdisp=4 relay=4 txn=245504 vic=live:off
[  2890.553] -> hb:944 sess=4 getdisp=4 relay=4 txn=245504 vic=live:off
[  2893.586] -> hb:945 sess=4 getdisp=4 relay=4 txn=245504 vic=live:off
[  2896.613] -> hb:946 sess=4 getdisp=4 relay=4 txn=245504 vic=live:off
[  2899.648] -> hb:947 sess=4 getdisp=4 relay=4 txn=245504 vic=live:off
[  2902.690] -> hb:948 sess=4 getdisp=4 relay=4 txn=245504 vic=live:off
[  2905.713] -> hb:949 sess=4 getdisp=4 relay=4 txn=245504 vic=live:off
[  2908.736] -> hb:950 sess=4 getdisp=4 relay=4 txn=245504 vic=live:off
[  2911.759] -> hb:951 sess=4 getdisp=4 relay=4 txn=245504 vic=live:off
[  2914.793] -> hb:952 sess=4 getdisp=4 relay=4 txn=245504 vic=live:off
[  2917.821] -> hb:953 sess=4 getdisp=4 relay=4 txn=245504 vic=live:off
[  2920.848] -> hb:954 sess=4 getdisp=4 relay=4 txn=245504 vic=live:off
[  2923.875] -> hb:955 sess=4 getdisp=4 relay=4 txn=245504 vic=live:off
[  2926.903] -> hb:956 sess=4 getdisp=4 relay=4 txn=245504 vic=live:off
[  2929.931] -> hb:957 sess=4 getdisp=4 relay=4 txn=245504 vic=live:off
[  2933.033] -> hb:958 sess=4 getdisp=4 relay=4 txn=245504 vic=live:off
[  2936.131] -> hb:959 sess=4 getdisp=4 relay=4 txn=245504 vic=live:off
[  2939.231] -> hb:960 sess=4 getdisp=4 relay=4 txn=245504 vic=live:off
[  2942.336] -> hb:961 sess=4 getdisp=4 relay=4 txn=245504 vic=live:off
[  2945.376] -> hb:962 sess=4 getdisp=4 relay=4 txn=245504 vic=live:off
[  2948.404] -> hb:963 sess=4 getdisp=4 relay=4 txn=245504 vic=live:off
[  2951.431] -> hb:964 sess=4 getdisp=4 relay=4 txn=245504 vic=live:off
[  2954.457] -> hb:965 sess=4 getdisp=4 relay=4 txn=245504 vic=live:off
[  2957.486] -> hb:966 sess=4 getdisp=4 relay=4 txn=245504 vic=live:off
[  2960.514] -> hb:967 sess=4 getdisp=4 relay=4 txn=245504 vic=live:off
[  2963.540] -> hb:968 sess=4 getdisp=4 relay=4 txn=245504 vic=live:off
[  2966.570] -> hb:969 sess=4 getdisp=4 relay=4 txn=245504 vic=live:off
[  2969.598] -> hb:970 sess=4 getdisp=4 relay=4 txn=245504 vic=live:off
[  2972.623] -> hb:971 sess=4 getdisp=4 relay=4 txn=245504 vic=live:off
[  2975.654] -> hb:972 sess=4 getdisp=4 relay=4 txn=245504 vic=live:off
[  2978.681] -> hb:973 sess=4 getdisp=4 relay=4 txn=245504 vic=live:off
[  2981.710] -> hb:974 sess=4 getdisp=4 relay=4 txn=245504 vic=live:off
[  2984.737] -> hb:975 sess=4 getdisp=4 relay=4 txn=245504 vic=live:off
[  2987.762] -> hb:976 sess=4 getdisp=4 relay=4 txn=245504 vic=live:off
[  2990.812] -> hb:977 sess=4 getdisp=4 relay=4 txn=245504 vic=live:off
[  2993.840] -> hb:978 sess=4 getdisp=4 relay=4 txn=245504 vic=live:off
[  2996.870] -> hb:979 sess=4 getdisp=4 relay=4 txn=245504 vic=live:off
[  2999.898] -> hb:980 sess=4 getdisp=4 relay=4 txn=245504 vic=live:off
[  3002.923] -> hb:981 sess=4 getdisp=4 relay=4 txn=245504 vic=live:off
[  3005.953] -> hb:982 sess=4 getdisp=4 relay=4 txn=245504 vic=live:off
[  3008.981] -> hb:983 sess=4 getdisp=4 relay=4 txn=245504 vic=live:off
[  3012.006] -> hb:984 sess=4 getdisp=4 relay=4 txn=245504 vic=live:off
[  3015.043] -> hb:985 sess=4 getdisp=4 relay=4 txn=245504 vic=live:off
[  3018.070] -> hb:986 sess=4 getdisp=4 relay=4 txn=245504 vic=live:off
[  3021.098] -> hb:987 sess=4 getdisp=4 relay=4 txn=245504 vic=live:off
[  3024.124] -> hb:988 sess=4 getdisp=4 relay=4 txn=245504 vic=live:off
[  3027.153] -> hb:989 sess=4 getdisp=4 relay=4 txn=245504 vic=live:off
[  3030.187] -> hb:990 sess=4 getdisp=4 relay=4 txn=245504 vic=live:off
[  3033.214] -> hb:991 sess=4 getdisp=4 relay=4 txn=245504 vic=live:off
[  3036.239] -> hb:992 sess=4 getdisp=4 relay=4 txn=245504 vic=live:off
[  3039.270] -> hb:993 sess=4 getdisp=4 relay=4 txn=245504 vic=live:off
[  3042.298] -> hb:994 sess=4 getdisp=4 relay=4 txn=245504 vic=live:off
[  3045.323] -> hb:995 sess=4 getdisp=4 relay=4 txn=245504 vic=live:off
[  3048.353] -> hb:996 sess=4 getdisp=4 relay=4 txn=245504 vic=live:off
[  3051.381] -> hb:997 sess=4 getdisp=4 relay=4 txn=245504 vic=live:off
[  3054.406] -> hb:998 sess=4 getdisp=4 relay=4 txn=245504 vic=live:off
[  3057.437] -> hb:999 sess=4 getdisp=4 relay=4 txn=245504 vic=live:off
[  3060.466] -> hb:1000 sess=4 getdisp=4 relay=4 txn=245504 vic=live:off
[  3063.490] -> hb:1001 sess=4 getdisp=4 relay=4 txn=245504 vic=live:off
[  3066.519] -> hb:1002 sess=4 getdisp=4 relay=4 txn=245504 vic=live:off
[  3069.543] -> hb:1003 sess=4 getdisp=4 relay=4 txn=245504 vic=live:off
[  3072.571] -> hb:1004 sess=4 getdisp=4 relay=4 txn=245504 vic=live:off
[  3075.598] -> hb:1005 sess=4 getdisp=4 relay=4 txn=245504 vic=live:off
[  3078.623] -> hb:1006 sess=4 getdisp=4 relay=4 txn=245504 vic=live:off
[  3081.652] -> hb:1007 sess=4 getdisp=4 relay=4 txn=245504 vic=live:off
[  3084.693] -> hb:1008 sess=4 getdisp=4 relay=4 txn=245504 vic=live:off
[  3087.766] -> hb:1009 sess=4 getdisp=4 relay=4 txn=245504 vic=live:off
[  3090.889] -> hb:1010 sess=4 getdisp=4 relay=4 txn=245504 vic=live:off
[  3094.015] -> hb:1011 sess=4 getdisp=4 relay=4 txn=245504 vic=live:off
[  3097.115] -> hb:1012 sess=4 getdisp=4 relay=4 txn=245504 vic=live:off
[  3100.143] -> hb:1013 sess=4 getdisp=4 relay=4 txn=245504 vic=live:off
[  3103.173] -> hb:1014 sess=4 getdisp=4 relay=4 txn=245504 vic=live:off
[  3106.204] -> hb:1015 sess=4 getdisp=4 relay=4 txn=245504 vic=live:off
[  3109.232] -> hb:1016 sess=4 getdisp=4 relay=4 txn=245504 vic=live:off
[  3112.259] -> hb:1017 sess=4 getdisp=4 relay=4 txn=245504 vic=live:off
[  3115.290] -> hb:1018 sess=4 getdisp=4 relay=4 txn=245504 vic=live:off
[  3118.322] -> hb:1019 sess=4 getdisp=4 relay=4 txn=245504 vic=live:off
[  3121.353] -> hb:1020 sess=4 getdisp=4 relay=4 txn=245504 vic=live:off
[  3124.384] -> hb:1021 sess=4 getdisp=4 relay=4 txn=245504 vic=live:off
[  3127.414] -> hb:1022 sess=4 getdisp=4 relay=4 txn=245504 vic=live:off
[  3130.442] -> hb:1023 sess=4 getdisp=4 relay=4 txn=245504 vic=live:off
[  3133.481] -> hb:1024 sess=4 getdisp=4 relay=4 txn=245504 vic=live:off
[  3136.510] -> hb:1025 sess=4 getdisp=4 relay=4 txn=245504 vic=live:off
[  3139.543] -> hb:1026 sess=4 getdisp=4 relay=4 txn=245504 vic=live:off
[  3142.573] -> hb:1027 sess=4 getdisp=4 relay=4 txn=245504 vic=live:off
[  3145.603] -> hb:1028 sess=4 getdisp=4 relay=4 txn=245504 vic=live:off
[  3148.634] -> hb:1029 sess=4 getdisp=4 relay=4 txn=245504 vic=live:off
[  3151.664] -> hb:1030 sess=4 getdisp=4 relay=4 txn=245504 vic=live:off
[  3154.693] -> hb:1031 sess=4 getdisp=4 relay=4 txn=245504 vic=live:off
[  3157.723] -> hb:1032 sess=4 getdisp=4 relay=4 txn=245504 vic=live:off
[  3160.754] -> hb:1033 sess=4 getdisp=4 relay=4 txn=245504 vic=live:off
[  3163.787] -> hb:1034 sess=4 getdisp=4 relay=4 txn=245504 vic=live:off
[  3166.815] -> hb:1035 sess=4 getdisp=4 relay=4 txn=245504 vic=live:off
[  3169.843] -> hb:1036 sess=4 getdisp=4 relay=4 txn=245504 vic=live:off
[  3172.873] -> hb:1037 sess=4 getdisp=4 relay=4 txn=245504 vic=live:off
[  3175.904] -> hb:1038 sess=4 getdisp=4 relay=4 txn=245504 vic=live:off
[  3178.933] -> hb:1039 sess=4 getdisp=4 relay=4 txn=245504 vic=live:off
[  3181.964] -> hb:1040 sess=4 getdisp=4 relay=4 txn=245504 vic=live:off
[  3184.993] -> hb:1041 sess=4 getdisp=4 relay=4 txn=245504 vic=live:off
[  3188.023] -> hb:1042 sess=4 getdisp=4 relay=4 txn=245504 vic=live:off
[  3191.052] -> hb:1043 sess=4 getdisp=4 relay=4 txn=245504 vic=live:off
[  3194.083] -> hb:1044 sess=4 getdisp=4 relay=4 txn=245504 vic=live:off
[  3197.115] -> hb:1045 sess=4 getdisp=4 relay=4 txn=245504 vic=live:off
[  3200.148] -> hb:1046 sess=4 getdisp=4 relay=4 txn=245504 vic=live:off
[  3203.176] -> hb:1047 sess=4 getdisp=4 relay=4 txn=245504 vic=live:off
[  3206.231] -> hb:1048 sess=4 getdisp=4 relay=4 txn=245504 vic=live:off
[  3209.357] -> hb:1049 sess=4 getdisp=4 relay=4 txn=245504 vic=live:off
[  3212.481] -> hb:1050 sess=4 getdisp=4 relay=4 txn=245504 vic=live:off
[  3215.592] -> hb:1051 sess=4 getdisp=4 relay=4 txn=245504 vic=live:off
[  3218.623] -> hb:1052 sess=4 getdisp=4 relay=4 txn=245504 vic=live:off
[  3221.653] -> hb:1053 sess=4 getdisp=4 relay=4 txn=245504 vic=live:off
[  3224.684] -> hb:1054 sess=4 getdisp=4 relay=4 txn=245504 vic=live:off
[  3227.707] -> hb:1055 sess=4 getdisp=4 relay=4 txn=245504 vic=live:off
[  3230.731] -> hb:1056 sess=4 getdisp=4 relay=4 txn=245504 vic=live:off
[  3233.753] -> hb:1057 sess=4 getdisp=4 relay=4 txn=245504 vic=live:off
[  3236.777] -> hb:1058 sess=4 getdisp=4 relay=4 txn=245504 vic=live:off
[  3239.802] -> hb:1059 sess=4 getdisp=4 relay=4 txn=245504 vic=live:off
[  3242.826] -> hb:1060 sess=4 getdisp=4 relay=4 txn=245504 vic=live:off
[  3245.850] -> hb:1061 sess=4 getdisp=4 relay=4 txn=245504 vic=live:off
[  3248.873] -> hb:1062 sess=4 getdisp=4 relay=4 txn=245504 vic=live:off
[  3251.898] -> hb:1063 sess=4 getdisp=4 relay=4 txn=245504 vic=live:off
[  3254.923] -> hb:1064 sess=4 getdisp=4 relay=4 txn=245504 vic=live:off
[  3257.950] -> hb:1065 sess=4 getdisp=4 relay=4 txn=245504 vic=live:off
[  3260.973] -> hb:1066 sess=4 getdisp=4 relay=4 txn=245504 vic=live:off
[  3263.998] -> hb:1067 sess=4 getdisp=4 relay=4 txn=245504 vic=live:off
[  3267.021] -> hb:1068 sess=4 getdisp=4 relay=4 txn=245504 vic=live:off
[  3270.047] -> hb:1069 sess=4 getdisp=4 relay=4 txn=245504 vic=live:off
[  3273.070] -> hb:1070 sess=4 getdisp=4 relay=4 txn=245504 vic=live:off
[  3276.092] -> hb:1071 sess=4 getdisp=4 relay=4 txn=245504 vic=live:off
[  3279.115] -> hb:1072 sess=4 getdisp=4 relay=4 txn=245504 vic=live:off
[  3282.138] -> hb:1073 sess=4 getdisp=4 relay=4 txn=245504 vic=live:off
[  3285.162] -> hb:1074 sess=4 getdisp=4 relay=4 txn=245504 vic=live:off
[  3288.187] -> hb:1075 sess=4 getdisp=4 relay=4 txn=245504 vic=live:off
[  3291.219] -> hb:1076 sess=4 getdisp=4 relay=4 txn=245504 vic=live:off
[  3294.241] -> hb:1077 sess=4 getdisp=4 relay=4 txn=245504 vic=live:off
[  3297.265] -> hb:1078 sess=4 getdisp=4 relay=4 txn=245504 vic=live:off
[  3300.288] -> hb:1079 sess=4 getdisp=4 relay=4 txn=245504 vic=live:off
[  3303.309] -> hb:1080 sess=4 getdisp=4 relay=4 txn=245504 vic=live:off
[  3306.335] -> hb:1081 sess=4 getdisp=4 relay=4 txn=245504 vic=live:off
[  3309.356] -> hb:1082 sess=4 getdisp=4 relay=4 txn=245504 vic=live:off
[  3312.381] -> hb:1083 sess=4 getdisp=4 relay=4 txn=245504 vic=live:off
[  3315.402] -> hb:1084 sess=4 getdisp=4 relay=4 txn=245504 vic=live:off
[  3318.423] -> hb:1085 sess=4 getdisp=4 relay=4 txn=245504 vic=live:off
[  3321.448] -> hb:1086 sess=4 getdisp=4 relay=4 txn=245504 vic=live:off
[  3324.470] -> hb:1087 sess=4 getdisp=4 relay=4 txn=245504 vic=live:off
[  3327.492] -> hb:1088 sess=4 getdisp=4 relay=4 txn=245504 vic=live:off
[  3330.523] -> hb:1089 sess=4 getdisp=4 relay=4 txn=245504 vic=live:off
[  3333.548] -> hb:1090 sess=4 getdisp=4 relay=4 txn=245504 vic=live:off
[  3336.572] -> hb:1091 sess=4 getdisp=4 relay=4 txn=245504 vic=live:off
[  3339.597] -> hb:1092 sess=4 getdisp=4 relay=4 txn=245504 vic=live:off
[  3342.620] -> hb:1093 sess=4 getdisp=4 relay=4 txn=245504 vic=live:off
[  3345.642] -> hb:1094 sess=4 getdisp=4 relay=4 txn=245504 vic=live:off
[  3348.667] -> hb:1095 sess=4 getdisp=4 relay=4 txn=245504 vic=live:off
[  3351.690] -> hb:1096 sess=4 getdisp=4 relay=4 txn=245504 vic=live:off
[  3354.715] -> hb:1097 sess=4 getdisp=4 relay=4 txn=245504 vic=live:off
[  3357.738] -> hb:1098 sess=4 getdisp=4 relay=4 txn=245504 vic=live:off
[  3360.762] -> hb:1099 sess=4 getdisp=4 relay=4 txn=245504 vic=live:off
[  3363.788] -> hb:1100 sess=4 getdisp=4 relay=4 txn=245504 vic=live:off
[  3366.814] -> hb:1101 sess=4 getdisp=4 relay=4 txn=245504 vic=live:off
[  3369.837] -> hb:1102 sess=4 getdisp=4 relay=4 txn=245504 vic=live:off
[  3372.867] -> hb:1103 sess=4 getdisp=4 relay=4 txn=245504 vic=live:off
[  3375.889] -> hb:1104 sess=4 getdisp=4 relay=4 txn=245504 vic=live:off
[  3378.915] -> hb:1105 sess=4 getdisp=4 relay=4 txn=245504 vic=live:off
[  3381.938] -> hb:1106 sess=4 getdisp=4 relay=4 txn=245504 vic=live:off
[  3384.964] -> hb:1107 sess=4 getdisp=4 relay=4 txn=245504 vic=live:off
[  3387.988] -> hb:1108 sess=4 getdisp=4 relay=4 txn=245504 vic=live:off
[  3391.009] -> hb:1109 sess=4 getdisp=4 relay=4 txn=245504 vic=live:off
[  3394.033] -> hb:1110 sess=4 getdisp=4 relay=4 txn=245504 vic=live:off
[  3397.057] -> hb:1111 sess=4 getdisp=4 relay=4 txn=245504 vic=live:off
[  3400.081] -> hb:1112 sess=4 getdisp=4 relay=4 txn=245504 vic=live:off
[  3403.125] -> hb:1113 sess=4 getdisp=4 relay=4 txn=245504 vic=live:off
[  3406.150] -> hb:1114 sess=4 getdisp=4 relay=4 txn=245504 vic=live:off
[  3409.173] -> hb:1115 sess=4 getdisp=4 relay=4 txn=245504 vic=live:off
[  3412.198] -> hb:1116 sess=4 getdisp=4 relay=4 txn=245504 vic=live:off
[  3415.224] -> hb:1117 sess=4 getdisp=4 relay=4 txn=245504 vic=live:off
[  3418.248] -> hb:1118 sess=4 getdisp=4 relay=4 txn=245504 vic=live:off
[  3421.272] -> hb:1119 sess=4 getdisp=4 relay=4 txn=245504 vic=live:off
[  3424.306] -> hb:1120 sess=4 getdisp=4 relay=4 txn=245504 vic=live:off
[  3427.374] -> hb:1121 sess=4 getdisp=4 relay=4 txn=245504 vic=live:off
[  3430.439] -> hb:1122 sess=4 getdisp=4 relay=4 txn=245504 vic=live:off
[  3433.507] -> hb:1123 sess=4 getdisp=4 relay=4 txn=245504 vic=live:off
[  3436.575] -> hb:1124 sess=4 getdisp=4 relay=4 txn=245504 vic=live:off
[  3439.643] -> hb:1125 sess=4 getdisp=4 relay=4 txn=245504 vic=live:off
[  3442.722] -> hb:1126 sess=4 getdisp=4 relay=4 txn=245504 vic=live:off
[  3445.748] -> hb:1127 sess=4 getdisp=4 relay=4 txn=245504 vic=live:off
[  3448.770] -> hb:1128 sess=4 getdisp=4 relay=4 txn=245504 vic=live:off
[  3451.798] -> hb:1129 sess=4 getdisp=4 relay=4 txn=245504 vic=live:off
[  3454.820] -> hb:1130 sess=4 getdisp=4 relay=4 txn=245504 vic=live:off
[  3457.842] -> hb:1131 sess=4 getdisp=4 relay=4 txn=245504 vic=live:off
[  3460.867] -> hb:1132 sess=4 getdisp=4 relay=4 txn=245504 vic=live:off
[  3463.889] -> hb:1133 sess=4 getdisp=4 relay=4 txn=245504 vic=live:off
[  3466.914] -> hb:1134 sess=4 getdisp=4 relay=4 txn=245504 vic=live:off
[  3469.938] -> hb:1135 sess=4 getdisp=4 relay=4 txn=245504 vic=live:off
[  3472.958] -> hb:1136 sess=4 getdisp=4 relay=4 txn=245504 vic=live:off
[  3475.984] -> hb:1137 sess=4 getdisp=4 relay=4 txn=245504 vic=live:off
[  3479.006] -> hb:1138 sess=4 getdisp=4 relay=4 txn=245504 vic=live:off
[  3482.031] -> hb:1139 sess=4 getdisp=4 relay=4 txn=245504 vic=live:off
[  3485.055] -> hb:1140 sess=4 getdisp=4 relay=4 txn=245504 vic=live:off
[  3488.081] -> hb:1141 sess=4 getdisp=4 relay=4 txn=245504 vic=live:off
[  3491.104] -> hb:1142 sess=4 getdisp=4 relay=4 txn=245504 vic=live:off
[  3494.126] -> hb:1143 sess=4 getdisp=4 relay=4 txn=245504 vic=live:off
[  3497.151] -> hb:1144 sess=4 getdisp=4 relay=4 txn=245504 vic=live:off
[  3500.173] -> hb:1145 sess=4 getdisp=4 relay=4 txn=245504 vic=live:off
[  3503.198] -> hb:1146 sess=4 getdisp=4 relay=4 txn=245504 vic=live:off
[  3506.220] -> hb:1147 sess=4 getdisp=4 relay=4 txn=245504 vic=live:off
[  3509.242] -> hb:1148 sess=4 getdisp=4 relay=4 txn=245504 vic=live:off
[  3512.265] -> hb:1149 sess=4 getdisp=4 relay=4 txn=245504 vic=live:off
[  3515.288] -> hb:1150 sess=4 getdisp=4 relay=4 txn=245504 vic=live:off
[  3518.312] -> hb:1151 sess=4 getdisp=4 relay=4 txn=245504 vic=live:off
[  3521.338] -> hb:1152 sess=4 getdisp=4 relay=4 txn=245504 vic=live:off
[  3524.359] -> hb:1153 sess=4 getdisp=4 relay=4 txn=245504 vic=live:off
[  3527.385] -> hb:1154 sess=4 getdisp=4 relay=4 txn=245504 vic=live:off
[  3530.411] -> hb:1155 sess=4 getdisp=4 relay=4 txn=245504 vic=live:off
[  3533.437] -> hb:1156 sess=4 getdisp=4 relay=4 txn=245504 vic=live:off
[  3536.459] -> hb:1157 sess=4 getdisp=4 relay=4 txn=245504 vic=live:off
[  3539.484] -> hb:1158 sess=4 getdisp=4 relay=4 txn=245504 vic=live:off
[  3542.506] -> hb:1159 sess=4 getdisp=4 relay=4 txn=245504 vic=live:off
[  3545.531] -> hb:1160 sess=4 getdisp=4 relay=4 txn=245504 vic=live:off
[  3548.554] -> hb:1161 sess=4 getdisp=4 relay=4 txn=245504 vic=live:off
[  3551.575] -> hb:1162 sess=4 getdisp=4 relay=4 txn=245504 vic=live:off
[  3554.603] -> hb:1163 sess=4 getdisp=4 relay=4 txn=245504 vic=live:off
[  3557.625] -> hb:1164 sess=4 getdisp=4 relay=4 txn=245504 vic=live:off
[  3560.650] -> hb:1165 sess=4 getdisp=4 relay=4 txn=245504 vic=live:off
[  3563.673] -> hb:1166 sess=4 getdisp=4 relay=4 txn=245504 vic=live:off
[  3566.698] -> hb:1167 sess=4 getdisp=4 relay=4 txn=245504 vic=live:off
[  3569.720] -> hb:1168 sess=4 getdisp=4 relay=4 txn=245504 vic=live:off
[  3572.743] -> hb:1169 sess=4 getdisp=4 relay=4 txn=245504 vic=live:off
[  3575.767] -> hb:1170 sess=4 getdisp=4 relay=4 txn=245504 vic=live:off
[  3578.789] -> hb:1171 sess=4 getdisp=4 relay=4 txn=245504 vic=live:off
[  3581.814] -> hb:1172 sess=4 getdisp=4 relay=4 txn=245504 vic=live:off
[  3584.838] -> hb:1173 sess=4 getdisp=4 relay=4 txn=245504 vic=live:off
[  3587.859] -> hb:1174 sess=4 getdisp=4 relay=4 txn=245504 vic=live:off
[  3590.885] -> hb:1175 sess=4 getdisp=4 relay=4 txn=245504 vic=live:off
[  3593.907] -> hb:1176 sess=4 getdisp=4 relay=4 txn=245504 vic=live:off
[  3596.931] -> hb:1177 sess=4 getdisp=4 relay=4 txn=245504 vic=live:off
[  3599.954] -> hb:1178 sess=4 getdisp=4 relay=4 txn=245504 vic=live:off
[  3602.976] -> hb:1179 sess=4 getdisp=4 relay=4 txn=245504 vic=live:off
[  3606.000] -> hb:1180 sess=4 getdisp=4 relay=4 txn=245504 vic=live:off
[  3609.023] -> hb:1181 sess=4 getdisp=4 relay=4 txn=245504 vic=live:off
[  3612.050] -> hb:1182 sess=4 getdisp=4 relay=4 txn=245504 vic=live:off
[  3615.073] -> hb:1183 sess=4 getdisp=4 relay=4 txn=245504 vic=live:off
[  3618.098] -> hb:1184 sess=4 getdisp=4 relay=4 txn=245504 vic=live:off
[  3621.121] -> hb:1185 sess=4 getdisp=4 relay=4 txn=245504 vic=live:off
[  3624.142] -> hb:1186 sess=4 getdisp=4 relay=4 txn=245504 vic=live:off
[  3627.167] -> hb:1187 sess=4 getdisp=4 relay=4 txn=245504 vic=live:off
[  3630.189] -> hb:1188 sess=4 getdisp=4 relay=4 txn=245504 vic=live:off
[  3633.214] -> hb:1189 sess=4 getdisp=4 relay=4 txn=245504 vic=live:off
[  3636.238] -> hb:1190 sess=4 getdisp=4 relay=4 txn=245504 vic=live:off
[  3639.265] -> hb:1191 sess=4 getdisp=4 relay=4 txn=245504 vic=live:off
[  3642.289] -> hb:1192 sess=4 getdisp=4 relay=4 txn=245504 vic=live:off
[  3645.314] -> hb:1193 sess=4 getdisp=4 relay=4 txn=245504 vic=live:off
[  3648.338] -> hb:1194 sess=4 getdisp=4 relay=4 txn=245504 vic=live:off
[  3651.362] -> hb:1195 sess=4 getdisp=4 relay=4 txn=245504 vic=live:off
[  3654.388] -> hb:1196 sess=4 getdisp=4 relay=4 txn=245504 vic=live:off
[  3657.414] -> hb:1197 sess=4 getdisp=4 relay=4 txn=245504 vic=live:off
[  3660.439] -> hb:1198 sess=4 getdisp=4 relay=4 txn=245504 vic=live:off
[  3663.505] -> hb:1199 sess=4 getdisp=4 relay=4 txn=245504 vic=live:off
[  3666.574] -> hb:1200 sess=4 getdisp=4 relay=4 txn=245504 vic=live:off
[  3669.640] -> hb:1201 sess=4 getdisp=4 relay=4 txn=245504 vic=live:off
[  3672.710] -> hb:1202 sess=4 getdisp=4 relay=4 txn=245504 vic=live:off
[  3675.783] -> hb:1203 sess=4 getdisp=4 relay=4 txn=245504 vic=live:off
[  3678.856] -> hb:1204 sess=4 getdisp=4 relay=4 txn=245504 vic=live:off
[  3681.892] -> hb:1205 sess=4 getdisp=4 relay=4 txn=245504 vic=live:off
[  3684.917] -> hb:1206 sess=4 getdisp=4 relay=4 txn=245504 vic=live:off
[  3687.954] -> hb:1207 sess=4 getdisp=4 relay=4 txn=245504 vic=live:off
[  3690.976] -> hb:1208 sess=4 getdisp=4 relay=4 txn=245504 vic=live:off
[  3694.000] -> hb:1209 sess=4 getdisp=4 relay=4 txn=245504 vic=live:off
[  3697.023] -> hb:1210 sess=4 getdisp=4 relay=4 txn=245504 vic=live:off
[  3700.048] -> hb:1211 sess=4 getdisp=4 relay=4 txn=245504 vic=live:off
[  3703.071] -> hb:1212 sess=4 getdisp=4 relay=4 txn=245504 vic=live:off
[  3706.098] -> hb:1213 sess=4 getdisp=4 relay=4 txn=245504 vic=live:off
[  3709.121] -> hb:1214 sess=4 getdisp=4 relay=4 txn=245504 vic=live:off
[  3712.142] -> hb:1215 sess=4 getdisp=4 relay=4 txn=245504 vic=live:off
[  3715.167] -> hb:1216 sess=4 getdisp=4 relay=4 txn=245504 vic=live:off
[  3718.189] -> hb:1217 sess=4 getdisp=4 relay=4 txn=245504 vic=live:off
[  3721.214] -> hb:1218 sess=4 getdisp=4 relay=4 txn=245504 vic=live:off
[  3724.238] -> hb:1219 sess=4 getdisp=4 relay=4 txn=245504 vic=live:off
[  3727.264] -> hb:1220 sess=4 getdisp=4 relay=4 txn=245504 vic=live:off
[  3730.289] -> hb:1221 sess=4 getdisp=4 relay=4 txn=245504 vic=live:off
[  3733.314] -> hb:1222 sess=4 getdisp=4 relay=4 txn=245504 vic=live:off
[  3736.338] -> hb:1223 sess=4 getdisp=4 relay=4 txn=245504 vic=live:off
[  3739.359] -> hb:1224 sess=4 getdisp=4 relay=4 txn=245504 vic=live:off
[  3742.385] -> hb:1225 sess=4 getdisp=4 relay=4 txn=245504 vic=live:off
[  3745.406] -> hb:1226 sess=4 getdisp=4 relay=4 txn=245504 vic=live:off
[  3748.432] -> hb:1227 sess=4 getdisp=4 relay=4 txn=245504 vic=live:off
[  3751.456] -> hb:1228 sess=4 getdisp=4 relay=4 txn=245504 vic=live:off
[  3754.481] -> hb:1229 sess=4 getdisp=4 relay=4 txn=245504 vic=live:off
[  3757.504] -> hb:1230 sess=4 getdisp=4 relay=4 txn=245504 vic=live:off
[  3760.525] -> hb:1231 sess=4 getdisp=4 relay=4 txn=245504 vic=live:off
[  3763.550] -> hb:1232 sess=4 getdisp=4 relay=4 txn=245504 vic=live:off
[  3766.581] -> hb:1233 sess=4 getdisp=4 relay=4 txn=245504 vic=live:off
[  3769.604] -> hb:1234 sess=4 getdisp=4 relay=4 txn=245504 vic=live:off
[  3772.626] -> hb:1235 sess=4 getdisp=4 relay=4 txn=245504 vic=live:off
[  3775.651] -> hb:1236 sess=4 getdisp=4 relay=4 txn=245504 vic=live:off
[  3778.673] -> hb:1237 sess=4 getdisp=4 relay=4 txn=245504 vic=live:off
[  3781.697] -> hb:1238 sess=4 getdisp=4 relay=4 txn=245504 vic=live:off
[  3784.720] -> hb:1239 sess=4 getdisp=4 relay=4 txn=245504 vic=live:off
[  3787.742] -> hb:1240 sess=4 getdisp=4 relay=4 txn=245504 vic=live:off
[  3790.765] -> hb:1241 sess=4 getdisp=4 relay=4 txn=245504 vic=live:off
[  3793.789] -> hb:1242 sess=4 getdisp=4 relay=4 txn=245504 vic=live:off
[  3796.815] -> hb:1243 sess=4 getdisp=4 relay=4 txn=245504 vic=live:off
[  3799.838] -> hb:1244 sess=4 getdisp=4 relay=4 txn=245504 vic=live:off
[  3802.859] -> hb:1245 sess=4 getdisp=4 relay=4 txn=245504 vic=live:off
[  3805.884] -> hb:1246 sess=4 getdisp=4 relay=4 txn=245504 vic=live:off
[  3808.906] -> hb:1247 sess=4 getdisp=4 relay=4 txn=245504 vic=live:off
[  3811.931] -> hb:1248 sess=4 getdisp=4 relay=4 txn=245504 vic=live:off
[  3814.953] -> hb:1249 sess=4 getdisp=4 relay=4 txn=245504 vic=live:off
[  3817.974] -> hb:1250 sess=4 getdisp=4 relay=4 txn=245504 vic=live:off
[  3821.000] -> hb:1251 sess=4 getdisp=4 relay=4 txn=245504 vic=live:off
[  3824.023] -> hb:1252 sess=4 getdisp=4 relay=4 txn=245504 vic=live:off
[  3827.045] -> hb:1253 sess=4 getdisp=4 relay=4 txn=245504 vic=live:off
[  3830.071] -> hb:1254 sess=4 getdisp=4 relay=4 txn=245504 vic=live:off
[  3833.092] -> hb:1255 sess=4 getdisp=4 relay=4 txn=245504 vic=live:off
[  3836.117] -> hb:1256 sess=4 getdisp=4 relay=4 txn=245504 vic=live:off
[  3839.139] -> hb:1257 sess=4 getdisp=4 relay=4 txn=245504 vic=live:off
[  3842.164] -> hb:1258 sess=4 getdisp=4 relay=4 txn=245504 vic=live:off
[  3845.187] -> hb:1259 sess=4 getdisp=4 relay=4 txn=245504 vic=live:off
[  3848.214] -> hb:1260 sess=4 getdisp=4 relay=4 txn=245504 vic=live:off
[  3851.237] -> hb:1261 sess=4 getdisp=4 relay=4 txn=245504 vic=live:off
[  3854.259] -> hb:1262 sess=4 getdisp=4 relay=4 txn=245504 vic=live:off
[  3857.284] -> hb:1263 sess=4 getdisp=4 relay=4 txn=245504 vic=live:off
[  3860.306] -> hb:1264 sess=4 getdisp=4 relay=4 txn=245504 vic=live:off
[  3863.331] -> hb:1265 sess=4 getdisp=4 relay=4 txn=245504 vic=live:off
[  3866.353] -> hb:1266 sess=4 getdisp=4 relay=4 txn=245504 vic=live:off
[  3869.376] -> hb:1267 sess=4 getdisp=4 relay=4 txn=245504 vic=live:off
[  3872.400] -> hb:1268 sess=4 getdisp=4 relay=4 txn=245504 vic=live:off
[  3875.423] -> hb:1269 sess=4 getdisp=4 relay=4 txn=245504 vic=live:off
[  3878.448] -> hb:1270 sess=4 getdisp=4 relay=4 txn=245504 vic=live:off
[  3881.470] -> hb:1271 sess=4 getdisp=4 relay=4 txn=245504 vic=live:off
[  3884.492] -> hb:1272 sess=4 getdisp=4 relay=4 txn=245504 vic=live:off
[  3887.519] -> hb:1273 sess=4 getdisp=4 relay=4 txn=245504 vic=live:off
[  3890.542] -> hb:1274 sess=4 getdisp=4 relay=4 txn=245504 vic=live:off
[  3893.565] -> hb:1275 sess=4 getdisp=4 relay=4 txn=245504 vic=live:off
[  3896.587] -> hb:1276 sess=4 getdisp=4 relay=4 txn=245504 vic=live:off
[  3899.631] -> hb:1277 sess=4 getdisp=4 relay=4 txn=245504 vic=live:off
[  3902.700] -> hb:1278 sess=4 getdisp=4 relay=4 txn=245504 vic=live:off
[  3905.768] -> hb:1279 sess=4 getdisp=4 relay=4 txn=245504 vic=live:off
[  3908.835] -> hb:1280 sess=4 getdisp=4 relay=4 txn=245504 vic=live:off
[  3911.903] -> hb:1281 sess=4 getdisp=4 relay=4 txn=245504 vic=live:off
[  3914.989] -> hb:1282 sess=4 getdisp=4 relay=4 txn=245504 vic=live:off
[  3918.023] -> hb:1283 sess=4 getdisp=4 relay=4 txn=245504 vic=live:off
[  3921.052] -> hb:1284 sess=4 getdisp=4 relay=4 txn=245504 vic=live:off
[  3924.078] -> hb:1285 sess=4 getdisp=4 relay=4 txn=245504 vic=live:off
[  3927.105] -> hb:1286 sess=4 getdisp=4 relay=4 txn=245504 vic=live:off
[  3930.125] -> hb:1287 sess=4 getdisp=4 relay=4 txn=245504 vic=live:off
[  3933.152] -> hb:1288 sess=4 getdisp=4 relay=4 txn=245504 vic=live:off
[  3936.172] -> hb:1289 sess=4 getdisp=4 relay=4 txn=245504 vic=live:off
[  3939.198] -> hb:1290 sess=4 getdisp=4 relay=4 txn=245504 vic=live:off
[  3942.220] -> hb:1291 sess=4 getdisp=4 relay=4 txn=245504 vic=live:off
[  3945.244] -> hb:1292 sess=4 getdisp=4 relay=4 txn=245504 vic=live:off
[  3948.267] -> hb:1293 sess=4 getdisp=4 relay=4 txn=245504 vic=live:off
[  3951.291] -> hb:1294 sess=4 getdisp=4 relay=4 txn=245504 vic=live:off
[  3954.314] -> hb:1295 sess=4 getdisp=4 relay=4 txn=245504 vic=live:off
[  3957.338] -> hb:1296 sess=4 getdisp=4 relay=4 txn=245504 vic=live:off
[  3960.359] -> hb:1297 sess=4 getdisp=4 relay=4 txn=245504 vic=live:off
[  3963.385] -> hb:1298 sess=4 getdisp=4 relay=4 txn=245504 vic=live:off
[  3966.406] -> hb:1299 sess=4 getdisp=4 relay=4 txn=245504 vic=live:off
[  3969.435] -> hb:1300 sess=4 getdisp=4 relay=4 txn=245504 vic=live:off
[  3972.457] -> hb:1301 sess=4 getdisp=4 relay=4 txn=245504 vic=live:off
[  3975.484] -> hb:1302 sess=4 getdisp=4 relay=4 txn=245504 vic=live:off
[  3978.506] -> hb:1303 sess=4 getdisp=4 relay=4 txn=245504 vic=live:off
[  3981.532] -> hb:1304 sess=4 getdisp=4 relay=4 txn=245504 vic=live:off
[  3984.553] -> hb:1305 sess=4 getdisp=4 relay=4 txn=245504 vic=live:off
[  3987.577] -> hb:1306 sess=4 getdisp=4 relay=4 txn=245504 vic=live:off
[  3990.604] -> hb:1307 sess=4 getdisp=4 relay=4 txn=245504 vic=live:off
[  3993.629] -> hb:1308 sess=4 getdisp=4 relay=4 txn=245504 vic=live:off
[  3996.652] -> hb:1309 sess=4 getdisp=4 relay=4 txn=245504 vic=live:off
[  3999.675] -> hb:1310 sess=4 getdisp=4 relay=4 txn=245504 vic=live:off
[  4002.698] -> hb:1311 sess=4 getdisp=4 relay=4 txn=245504 vic=live:off
[  4005.751] -> hb:1312 sess=4 getdisp=4 relay=4 txn=245504 vic=live:off
[  4008.772] -> hb:1313 sess=4 getdisp=4 relay=4 txn=245504 vic=live:off
[  4011.801] -> hb:1314 sess=4 getdisp=4 relay=4 txn=245504 vic=live:off
[  4014.823] -> hb:1315 sess=4 getdisp=4 relay=4 txn=245504 vic=live:off
[  4017.848] -> hb:1316 sess=4 getdisp=4 relay=4 txn=245504 vic=live:off
[  4020.870] -> hb:1317 sess=4 getdisp=4 relay=4 txn=245504 vic=live:off
[  4023.894] -> hb:1318 sess=4 getdisp=4 relay=4 txn=245504 vic=live:off
[  4026.917] -> hb:1319 sess=4 getdisp=4 relay=4 txn=245504 vic=live:off
[  4029.941] -> hb:1320 sess=4 getdisp=4 relay=4 txn=245504 vic=live:off
[  4032.965] -> hb:1321 sess=4 getdisp=4 relay=4 txn=245504 vic=live:off
[  4035.988] -> hb:1322 sess=4 getdisp=4 relay=4 txn=245504 vic=live:off
[  4039.009] -> hb:1323 sess=4 getdisp=4 relay=4 txn=245504 vic=live:off
[  4042.035] -> hb:1324 sess=4 getdisp=4 relay=4 txn=245504 vic=live:off
[  4045.057] -> hb:1325 sess=4 getdisp=4 relay=4 txn=245504 vic=live:off
[  4048.085] -> hb:1326 sess=4 getdisp=4 relay=4 txn=245504 vic=live:off
[  4051.106] -> hb:1327 sess=4 getdisp=4 relay=4 txn=245504 vic=live:off
[  4054.134] -> hb:1328 sess=4 getdisp=4 relay=4 txn=245504 vic=live:off
[  4057.156] -> hb:1329 sess=4 getdisp=4 relay=4 txn=245504 vic=live:off
[  4060.182] -> hb:1330 sess=4 getdisp=4 relay=4 txn=245504 vic=live:off
[  4063.203] -> hb:1331 sess=4 getdisp=4 relay=4 txn=245504 vic=live:off
[  4066.227] -> hb:1332 sess=4 getdisp=4 relay=4 txn=245504 vic=live:off
[  4069.250] -> hb:1333 sess=4 getdisp=4 relay=4 txn=245504 vic=live:off
[  4072.275] -> hb:1334 sess=4 getdisp=4 relay=4 txn=245504 vic=live:off
[  4075.298] -> hb:1335 sess=4 getdisp=4 relay=4 txn=245504 vic=live:off
[  4078.322] -> hb:1336 sess=4 getdisp=4 relay=4 txn=245504 vic=live:off
[  4081.342] -> hb:1337 sess=4 getdisp=4 relay=4 txn=245504 vic=live:off
[  4084.377] -> hb:1338 sess=4 getdisp=4 relay=4 txn=245504 vic=live:off
[  4087.406] -> hb:1339 sess=4 getdisp=4 relay=4 txn=245504 vic=live:off
[  4090.434] -> hb:1340 sess=4 getdisp=4 relay=4 txn=245504 vic=live:off
[  4093.456] -> hb:1341 sess=4 getdisp=4 relay=4 txn=245504 vic=live:off
[  4096.482] -> hb:1342 sess=4 getdisp=4 relay=4 txn=245504 vic=live:off
[  4099.503] -> hb:1343 sess=4 getdisp=4 relay=4 txn=245504 vic=live:off
[  4102.527] -> hb:1344 sess=4 getdisp=4 relay=4 txn=245504 vic=live:off
[  4105.550] -> hb:1345 sess=4 getdisp=4 relay=4 txn=245504 vic=live:off
[  4108.575] -> hb:1346 sess=4 getdisp=4 relay=4 txn=245504 vic=live:off
[  4111.598] -> hb:1347 sess=4 getdisp=4 relay=4 txn=245504 vic=live:off
[  4114.622] -> hb:1348 sess=4 getdisp=4 relay=4 txn=245504 vic=live:off
[  4117.642] -> hb:1349 sess=4 getdisp=4 relay=4 txn=245504 vic=live:off
[  4120.668] -> hb:1350 sess=4 getdisp=4 relay=4 txn=245504 vic=live:off
[  4123.689] -> hb:1351 sess=4 getdisp=4 relay=4 txn=245504 vic=live:off
[  4126.718] -> hb:1352 sess=4 getdisp=4 relay=4 txn=245504 vic=live:off
[  4129.740] -> hb:1353 sess=4 getdisp=4 relay=4 txn=245504 vic=live:off
[  4132.782] -> hb:1354 sess=4 getdisp=4 relay=4 txn=245504 vic=live:off
[  4135.836] -> hb:1355 sess=4 getdisp=4 relay=4 txn=245504 vic=live:off
[  4138.920] -> hb:1356 sess=4 getdisp=4 relay=4 txn=245504 vic=live:off
[  4141.972] -> hb:1357 sess=4 getdisp=4 relay=4 txn=245504 vic=live:off
[  4145.055] -> hb:1358 sess=4 getdisp=4 relay=4 txn=245504 vic=live:off
[  4148.107] -> hb:1359 sess=4 getdisp=4 relay=4 txn=245504 vic=live:off
[  4151.198] -> hb:1360 sess=4 getdisp=4 relay=4 txn=245504 vic=live:off
[  4154.220] -> hb:1361 sess=4 getdisp=4 relay=4 txn=245504 vic=live:off
[  4157.244] -> hb:1362 sess=4 getdisp=4 relay=4 txn=245504 vic=live:off
[  4160.267] -> hb:1363 sess=4 getdisp=4 relay=4 txn=245504 vic=live:off
[  4163.291] -> hb:1364 sess=4 getdisp=4 relay=4 txn=245504 vic=live:off
[  4166.314] -> hb:1365 sess=4 getdisp=4 relay=4 txn=245504 vic=live:off
[  4169.338] -> hb:1366 sess=4 getdisp=4 relay=4 txn=245504 vic=live:off
[  4172.359] -> hb:1367 sess=4 getdisp=4 relay=4 txn=245504 vic=live:off
[  4175.385] -> hb:1368 sess=4 getdisp=4 relay=4 txn=245504 vic=live:off
[  4178.406] -> hb:1369 sess=4 getdisp=4 relay=4 txn=245504 vic=live:off
[  4181.432] -> hb:1370 sess=4 getdisp=4 relay=4 txn=245504 vic=live:off
[  4184.453] -> hb:1371 sess=4 getdisp=4 relay=4 txn=245504 vic=live:off
[  4187.477] -> hb:1372 sess=4 getdisp=4 relay=4 txn=245504 vic=live:off
[  4190.498] -> hb:1373 sess=4 getdisp=4 relay=4 txn=245504 vic=live:off
[  4193.522] -> hb:1374 sess=4 getdisp=4 relay=4 txn=245504 vic=live:off
[  4196.542] -> hb:1375 sess=4 getdisp=4 relay=4 txn=245504 vic=live:off
[  4199.568] -> hb:1376 sess=4 getdisp=4 relay=4 txn=245504 vic=live:off
[  4202.589] -> hb:1377 sess=4 getdisp=4 relay=4 txn=245504 vic=live:off
[  4205.618] -> hb:1378 sess=4 getdisp=4 relay=4 txn=245504 vic=live:off
[  4208.639] -> hb:1379 sess=4 getdisp=4 relay=4 txn=245504 vic=live:off
[  4211.665] -> hb:1380 sess=4 getdisp=4 relay=4 txn=245504 vic=live:off
[  4214.686] -> hb:1381 sess=4 getdisp=4 relay=4 txn=245504 vic=live:off
[  4217.708] -> hb:1382 sess=4 getdisp=4 relay=4 txn=245504 vic=live:off
[  4220.731] -> hb:1383 sess=4 getdisp=4 relay=4 txn=245504 vic=live:off
[  4223.755] -> hb:1384 sess=4 getdisp=4 relay=4 txn=245504 vic=live:off
[  4226.775] -> hb:1385 sess=4 getdisp=4 relay=4 txn=245504 vic=live:off
[  4229.802] -> hb:1386 sess=4 getdisp=4 relay=4 txn=245504 vic=live:off
[  4232.823] -> hb:1387 sess=4 getdisp=4 relay=4 txn=245504 vic=live:off
[  4235.851] -> hb:1388 sess=4 getdisp=4 relay=4 txn=245504 vic=live:off
[  4238.873] -> hb:1389 sess=4 getdisp=4 relay=4 txn=245504 vic=live:off
[  4241.901] -> hb:1390 sess=4 getdisp=4 relay=4 txn=245504 vic=live:off
[  4244.927] -> hb:1391 sess=4 getdisp=4 relay=4 txn=245504 vic=live:off
[  4247.952] -> hb:1392 sess=4 getdisp=4 relay=4 txn=245504 vic=live:off
[  4250.973] -> hb:1393 sess=4 getdisp=4 relay=4 txn=245504 vic=live:off
[  4254.001] -> hb:1394 sess=4 getdisp=4 relay=4 txn=245504 vic=live:off
[  4257.023] -> hb:1395 sess=4 getdisp=4 relay=4 txn=245504 vic=live:off
[  4260.051] -> hb:1396 sess=4 getdisp=4 relay=4 txn=245504 vic=live:off
[  4263.073] -> hb:1397 sess=4 getdisp=4 relay=4 txn=245504 vic=live:off
[  4266.097] -> hb:1398 sess=4 getdisp=4 relay=4 txn=245504 vic=live:off
[  4269.120] -> hb:1399 sess=4 getdisp=4 relay=4 txn=245504 vic=live:off
[  4272.144] -> hb:1400 sess=4 getdisp=4 relay=4 txn=245504 vic=live:off
[  4275.172] -> hb:1401 sess=4 getdisp=4 relay=4 txn=245504 vic=live:off
[  4278.195] -> hb:1402 sess=4 getdisp=4 relay=4 txn=245504 vic=live:off
[  4281.219] -> hb:1403 sess=4 getdisp=4 relay=4 txn=245504 vic=live:off
[  4284.244] -> hb:1404 sess=4 getdisp=4 relay=4 txn=245504 vic=live:off
[  4287.268] -> hb:1405 sess=4 getdisp=4 relay=4 txn=245504 vic=live:off
[  4290.292] -> hb:1406 sess=4 getdisp=4 relay=4 txn=245504 vic=live:off
[  4293.319] -> hb:1407 sess=4 getdisp=4 relay=4 txn=245504 vic=live:off
[  4296.344] -> hb:1408 sess=4 getdisp=4 relay=4 txn=245504 vic=live:off
[  4299.367] -> hb:1409 sess=4 getdisp=4 relay=4 txn=245504 vic=live:off
[  4302.391] -> hb:1410 sess=4 getdisp=4 relay=4 txn=245504 vic=live:off
[  4305.414] -> hb:1411 sess=4 getdisp=4 relay=4 txn=245504 vic=live:off
[  4308.438] -> hb:1412 sess=4 getdisp=4 relay=4 txn=245504 vic=live:off
[  4311.459] -> hb:1413 sess=4 getdisp=4 relay=4 txn=245504 vic=live:off
[  4314.485] -> hb:1414 sess=4 getdisp=4 relay=4 txn=245504 vic=live:off
[  4317.506] -> hb:1415 sess=4 getdisp=4 relay=4 txn=245504 vic=live:off
[  4320.534] -> hb:1416 sess=4 getdisp=4 relay=4 txn=245504 vic=live:off
[  4323.556] -> hb:1417 sess=4 getdisp=4 relay=4 txn=245504 vic=live:off
[  4326.582] -> hb:1418 sess=4 getdisp=4 relay=4 txn=245504 vic=live:off
[  4329.603] -> hb:1419 sess=4 getdisp=4 relay=4 txn=245504 vic=live:off
[  4332.627] -> hb:1420 sess=4 getdisp=4 relay=4 txn=245504 vic=live:off
[  4335.649] -> hb:1421 sess=4 getdisp=4 relay=4 txn=245504 vic=live:off
[  4338.674] -> hb:1422 sess=4 getdisp=4 relay=4 txn=245504 vic=live:off
[  4341.697] -> hb:1423 sess=4 getdisp=4 relay=4 txn=245504 vic=live:off
[  4344.722] -> hb:1424 sess=4 getdisp=4 relay=4 txn=245504 vic=live:off
[  4347.743] -> hb:1425 sess=4 getdisp=4 relay=4 txn=245504 vic=live:off
[  4350.768] -> hb:1426 sess=4 getdisp=4 relay=4 txn=245504 vic=live:off
[  4353.790] -> hb:1427 sess=4 getdisp=4 relay=4 txn=245504 vic=live:off
[  4356.817] -> hb:1428 sess=4 getdisp=4 relay=4 txn=245504 vic=live:off
[  4359.839] -> hb:1429 sess=4 getdisp=4 relay=4 txn=245504 vic=live:off
[  4362.868] -> hb:1430 sess=4 getdisp=4 relay=4 txn=245504 vic=live:off
[  4365.890] -> hb:1431 sess=4 getdisp=4 relay=4 txn=245504 vic=live:off
[  4368.918] -> hb:1432 sess=4 getdisp=4 relay=4 txn=245504 vic=live:off
[  4371.965] -> hb:1433 sess=4 getdisp=4 relay=4 txn=245504 vic=live:off
[  4375.051] -> hb:1434 sess=4 getdisp=4 relay=4 txn=245504 vic=live:off
[  4378.103] -> hb:1435 sess=4 getdisp=4 relay=4 txn=245504 vic=live:off
[  4381.186] -> hb:1436 sess=4 getdisp=4 relay=4 txn=245504 vic=live:off
[  4384.241] -> hb:1437 sess=4 getdisp=4 relay=4 txn=245504 vic=live:off
[  4387.344] -> hb:1438 sess=4 getdisp=4 relay=4 txn=245504 vic=live:off
[  4390.367] -> hb:1439 sess=4 getdisp=4 relay=4 txn=245504 vic=live:off
[  4393.391] -> hb:1440 sess=4 getdisp=4 relay=4 txn=245504 vic=live:off
[  4396.414] -> hb:1441 sess=4 getdisp=4 relay=4 txn=245504 vic=live:off
[  4399.440] -> hb:1442 sess=4 getdisp=4 relay=4 txn=245504 vic=live:off
[  4402.460] -> hb:1443 sess=4 getdisp=4 relay=4 txn=245504 vic=live:off
[  4405.491] -> hb:1444 sess=4 getdisp=4 relay=4 txn=245504 vic=live:off
[  4408.514] -> hb:1445 sess=4 getdisp=4 relay=4 txn=245504 vic=live:off
[  4411.538] -> hb:1446 sess=4 getdisp=4 relay=4 txn=245504 vic=live:off
[  4414.559] -> hb:1447 sess=4 getdisp=4 relay=4 txn=245504 vic=live:off
[  4417.585] -> hb:1448 sess=4 getdisp=4 relay=4 txn=245504 vic=live:off
[  4420.606] -> hb:1449 sess=4 getdisp=4 relay=4 txn=245504 vic=live:off
[  4423.632] -> hb:1450 sess=4 getdisp=4 relay=4 txn=245504 vic=live:off
[  4426.654] -> hb:1451 sess=4 getdisp=4 relay=4 txn=245504 vic=live:off
[  4429.677] -> hb:1452 sess=4 getdisp=4 relay=4 txn=245504 vic=live:off
[  4432.700] -> hb:1453 sess=4 getdisp=4 relay=4 txn=245504 vic=live:off
[  4435.725] -> hb:1454 sess=4 getdisp=4 relay=4 txn=245504 vic=live:off
[  4438.748] -> hb:1455 sess=4 getdisp=4 relay=4 txn=245504 vic=live:off
[  4441.772] -> hb:1456 sess=4 getdisp=4 relay=4 txn=245504 vic=live:off
[  4444.797] -> hb:1457 sess=4 getdisp=4 relay=4 txn=245504 vic=live:off
[  4447.825] -> hb:1458 sess=4 getdisp=4 relay=4 txn=245504 vic=live:off
[  4450.848] -> hb:1459 sess=4 getdisp=4 relay=4 txn=245504 vic=live:off
[  4453.871] -> hb:1460 sess=4 getdisp=4 relay=4 txn=245504 vic=live:off
[  4456.892] -> hb:1461 sess=4 getdisp=4 relay=4 txn=245504 vic=live:off
[  4459.918] -> hb:1462 sess=4 getdisp=4 relay=4 txn=245504 vic=live:off
[  4462.940] -> hb:1463 sess=4 getdisp=4 relay=4 txn=245504 vic=live:off
[  4465.968] -> hb:1464 sess=4 getdisp=4 relay=4 txn=245504 vic=live:off
[  4468.990] -> hb:1465 sess=4 getdisp=4 relay=4 txn=245504 vic=live:off
[  4472.018] -> hb:1466 sess=4 getdisp=4 relay=4 txn=245504 vic=live:off
[  4475.040] -> hb:1467 sess=4 getdisp=4 relay=4 txn=245504 vic=live:off
[  4478.068] -> hb:1468 sess=4 getdisp=4 relay=4 txn=245504 vic=live:off
[  4481.090] -> hb:1469 sess=4 getdisp=4 relay=4 txn=245504 vic=live:off
[  4484.118] -> hb:1470 sess=4 getdisp=4 relay=4 txn=245504 vic=live:off
[  4487.140] -> hb:1471 sess=4 getdisp=4 relay=4 txn=245504 vic=live:off
[  4490.167] -> hb:1472 sess=4 getdisp=4 relay=4 txn=245504 vic=live:off
[  4493.190] -> hb:1473 sess=4 getdisp=4 relay=4 txn=245504 vic=live:off
[  4496.217] -> hb:1474 sess=4 getdisp=4 relay=4 txn=245504 vic=live:off
[  4499.240] -> hb:1475 sess=4 getdisp=4 relay=4 txn=245504 vic=live:off
[  4502.268] -> hb:1476 sess=4 getdisp=4 relay=4 txn=245504 vic=live:off
[  4505.290] -> hb:1477 sess=4 getdisp=4 relay=4 txn=245504 vic=live:off
[  4508.317] -> hb:1478 sess=4 getdisp=4 relay=4 txn=245504 vic=live:off
[  4511.340] -> hb:1479 sess=4 getdisp=4 relay=4 txn=245504 vic=live:off
[  4514.367] -> hb:1480 sess=4 getdisp=4 relay=4 txn=245504 vic=live:off
[  4517.389] -> hb:1481 sess=4 getdisp=4 relay=4 txn=245504 vic=live:off
[  4520.415] -> hb:1482 sess=4 getdisp=4 relay=4 txn=245504 vic=live:off
[  4523.437] -> hb:1483 sess=4 getdisp=4 relay=4 txn=245504 vic=live:off
[  4526.460] -> hb:1484 sess=4 getdisp=4 relay=4 txn=245504 vic=live:off
[  4529.481] -> hb:1485 sess=4 getdisp=4 relay=4 txn=245504 vic=live:off
[  4532.505] -> hb:1486 sess=4 getdisp=4 relay=4 txn=245504 vic=live:off
[  4535.526] -> hb:1487 sess=4 getdisp=4 relay=4 txn=245504 vic=live:off
[  4538.552] -> hb:1488 sess=4 getdisp=4 relay=4 txn=245504 vic=live:off
[  4541.573] -> hb:1489 sess=4 getdisp=4 relay=4 txn=245504 vic=live:off
[  4544.601] -> hb:1490 sess=4 getdisp=4 relay=4 txn=245504 vic=live:off
[  4547.623] -> hb:1491 sess=4 getdisp=4 relay=4 txn=245504 vic=live:off
[  4550.647] -> hb:1492 sess=4 getdisp=4 relay=4 txn=245504 vic=live:off
[  4553.670] -> hb:1493 sess=4 getdisp=4 relay=4 txn=245504 vic=live:off
[  4556.694] -> hb:1494 sess=4 getdisp=4 relay=4 txn=245504 vic=live:off
[  4559.717] -> hb:1495 sess=4 getdisp=4 relay=4 txn=245504 vic=live:off
[  4562.742] -> hb:1496 sess=4 getdisp=4 relay=4 txn=245504 vic=live:off
[  4565.770] -> hb:1497 sess=4 getdisp=4 relay=4 txn=245504 vic=live:off
[  4568.794] -> hb:1498 sess=4 getdisp=4 relay=4 txn=245504 vic=live:off
[  4571.817] -> hb:1499 sess=4 getdisp=4 relay=4 txn=245504 vic=live:off
[  4574.841] -> hb:1500 sess=4 getdisp=4 relay=4 txn=245504 vic=live:off
[  4577.864] -> hb:1501 sess=4 getdisp=4 relay=4 txn=245504 vic=live:off
[  4580.888] -> hb:1502 sess=4 getdisp=4 relay=4 txn=245504 vic=live:off
[  4583.909] -> hb:1503 sess=4 getdisp=4 relay=4 txn=245504 vic=live:off
[  4586.935] -> hb:1504 sess=4 getdisp=4 relay=4 txn=245504 vic=live:off
[  4589.956] -> hb:1505 sess=4 getdisp=4 relay=4 txn=245504 vic=live:off
[  4592.985] -> hb:1506 sess=4 getdisp=4 relay=4 txn=245504 vic=live:off
[  4596.006] -> hb:1507 sess=4 getdisp=4 relay=4 txn=245504 vic=live:off
[  4599.032] -> hb:1508 sess=4 getdisp=4 relay=4 txn=245504 vic=live:off
[  4602.053] -> hb:1509 sess=4 getdisp=4 relay=4 txn=245504 vic=live:off
[  4605.077] -> hb:1510 sess=4 getdisp=4 relay=4 txn=245504 vic=live:off
[  4608.154] -> hb:1511 sess=4 getdisp=4 relay=4 txn=245504 vic=live:off
[  4611.236] -> hb:1512 sess=4 getdisp=4 relay=4 txn=245504 vic=live:off
[  4614.290] -> hb:1513 sess=4 getdisp=4 relay=4 txn=245504 vic=live:off
[  4617.370] -> hb:1514 sess=4 getdisp=4 relay=4 txn=245504 vic=live:off
[  4620.423] -> hb:1515 sess=4 getdisp=4 relay=4 txn=245504 vic=live:off
[  4623.508] -> hb:1516 sess=4 getdisp=4 relay=4 txn=245504 vic=live:off
[  4626.548] -> hb:1517 sess=4 getdisp=4 relay=4 txn=245504 vic=live:off
[  4629.571] -> hb:1518 sess=4 getdisp=4 relay=4 txn=245504 vic=live:off
[  4632.590] -> hb:1519 sess=4 getdisp=4 relay=4 txn=245504 vic=live:off
[  4635.618] -> hb:1520 sess=4 getdisp=4 relay=4 txn=245504 vic=live:off
[  4638.640] -> hb:1521 sess=4 getdisp=4 relay=4 txn=245504 vic=live:off
[  4641.667] -> hb:1522 sess=4 getdisp=4 relay=4 txn=245504 vic=live:off
[  4644.692] -> hb:1523 sess=4 getdisp=4 relay=4 txn=245504 vic=live:off
[  4647.718] -> hb:1524 sess=4 getdisp=4 relay=4 txn=245504 vic=live:off
[  4650.739] -> hb:1525 sess=4 getdisp=4 relay=4 txn=245504 vic=live:off
[  4653.765] -> hb:1526 sess=4 getdisp=4 relay=4 txn=245504 vic=live:off
[  4656.786] -> hb:1527 sess=4 getdisp=4 relay=4 txn=245504 vic=live:off
[  4659.811] -> hb:1528 sess=4 getdisp=4 relay=4 txn=245504 vic=live:off
[  4662.834] -> hb:1529 sess=4 getdisp=4 relay=4 txn=245504 vic=live:off
[  4665.858] -> hb:1530 sess=4 getdisp=4 relay=4 txn=245504 vic=live:off
[  4668.881] -> hb:1531 sess=4 getdisp=4 relay=4 txn=245504 vic=live:off
[  4671.905] -> hb:1532 sess=4 getdisp=4 relay=4 txn=245504 vic=live:off
[  4674.925] -> hb:1533 sess=4 getdisp=4 relay=4 txn=245504 vic=live:off
[  4677.952] -> hb:1534 sess=4 getdisp=4 relay=4 txn=245504 vic=live:off
[  4680.973] -> hb:1535 sess=4 getdisp=4 relay=4 txn=245504 vic=live:off
[  4684.001] -> hb:1536 sess=4 getdisp=4 relay=4 txn=245504 vic=live:off
[  4687.023] -> hb:1537 sess=4 getdisp=4 relay=4 txn=245504 vic=live:off
[  4690.049] -> hb:1538 sess=4 getdisp=4 relay=4 txn=245504 vic=live:off
[  4693.070] -> hb:1539 sess=4 getdisp=4 relay=4 txn=245504 vic=live:off
[  4696.094] -> hb:1540 sess=4 getdisp=4 relay=4 txn=245504 vic=live:off
[  4699.117] -> hb:1541 sess=4 getdisp=4 relay=4 txn=245504 vic=live:off
[  4702.141] -> hb:1542 sess=4 getdisp=4 relay=4 txn=245504 vic=live:off
[  4705.164] -> hb:1543 sess=4 getdisp=4 relay=4 txn=245504 vic=live:off
[  4708.188] -> hb:1544 sess=4 getdisp=4 relay=4 txn=245504 vic=live:off
[  4711.209] -> hb:1545 sess=4 getdisp=4 relay=4 txn=245504 vic=live:off
[  4714.235] -> hb:1546 sess=4 getdisp=4 relay=4 txn=245504 vic=live:off
[  4717.256] -> hb:1547 sess=4 getdisp=4 relay=4 txn=245504 vic=live:off
[  4720.284] -> hb:1548 sess=4 getdisp=4 relay=4 txn=245504 vic=live:off
[  4723.306] -> hb:1549 sess=4 getdisp=4 relay=4 txn=245504 vic=live:off
[  4726.333] -> hb:1550 sess=4 getdisp=4 relay=4 txn=245504 vic=live:off
[  4729.358] -> hb:1551 sess=4 getdisp=4 relay=4 txn=245504 vic=live:off
[  4732.384] -> hb:1552 sess=4 getdisp=4 relay=4 txn=245504 vic=live:off
[  4735.406] -> hb:1553 sess=4 getdisp=4 relay=4 txn=245504 vic=live:off
[  4738.434] -> hb:1554 sess=4 getdisp=4 relay=4 txn=245504 vic=live:off
[  4741.456] -> hb:1555 sess=4 getdisp=4 relay=4 txn=245504 vic=live:off
[  4744.482] -> hb:1556 sess=4 getdisp=4 relay=4 txn=245504 vic=live:off
[  4747.504] -> hb:1557 sess=4 getdisp=4 relay=4 txn=245504 vic=live:off
[  4750.531] -> hb:1558 sess=4 getdisp=4 relay=4 txn=245504 vic=live:off
[  4753.552] -> hb:1559 sess=4 getdisp=4 relay=4 txn=245504 vic=live:off
[  4756.577] -> hb:1560 sess=4 getdisp=4 relay=4 txn=245504 vic=live:off
[  4759.600] -> hb:1561 sess=4 getdisp=4 relay=4 txn=245504 vic=live:off
[  4762.624] -> hb:1562 sess=4 getdisp=4 relay=4 txn=245504 vic=live:off
[  4765.648] -> hb:1563 sess=4 getdisp=4 relay=4 txn=245504 vic=live:off
[  4768.675] -> hb:1564 sess=4 getdisp=4 relay=4 txn=245504 vic=live:off
[  4771.698] -> hb:1565 sess=4 getdisp=4 relay=4 txn=245504 vic=live:off
[  4774.721] -> hb:1566 sess=4 getdisp=4 relay=4 txn=245504 vic=live:off
[  4777.742] -> hb:1567 sess=4 getdisp=4 relay=4 txn=245504 vic=live:off
[  4780.769] -> hb:1568 sess=4 getdisp=4 relay=4 txn=245504 vic=live:off
[  4783.789] -> hb:1569 sess=4 getdisp=4 relay=4 txn=245504 vic=live:off
[  4786.841] -> hb:1570 sess=4 getdisp=4 relay=4 txn=245504 vic=live:off
[  4789.873] -> hb:1571 sess=4 getdisp=4 relay=4 txn=245504 vic=live:off
[  4792.908] -> hb:1572 sess=4 getdisp=4 relay=4 txn=245504 vic=live:off
[  4795.940] -> hb:1573 sess=4 getdisp=4 relay=4 txn=245504 vic=live:off
[  4798.984] -> hb:1574 sess=4 getdisp=4 relay=4 txn=245504 vic=live:off
[  4802.019] -> hb:1575 sess=4 getdisp=4 relay=4 txn=245504 vic=live:off
[  4805.059] -> hb:1576 sess=4 getdisp=4 relay=4 txn=245504 vic=live:off
[  4808.092] -> hb:1577 sess=4 getdisp=4 relay=4 txn=245504 vic=live:off
[  4811.136] -> hb:1578 sess=4 getdisp=4 relay=4 txn=245504 vic=live:off
[  4814.172] -> hb:1579 sess=4 getdisp=4 relay=4 txn=245504 vic=live:off
[  4817.209] -> hb:1580 sess=4 getdisp=4 relay=4 txn=245504 vic=live:off
[  4820.252] -> hb:1581 sess=4 getdisp=4 relay=4 txn=245504 vic=live:off
[  4823.300] -> hb:1582 sess=4 getdisp=4 relay=4 txn=245504 vic=live:off
[  4826.331] -> hb:1583 sess=4 getdisp=4 relay=4 txn=245504 vic=live:off
[  4829.368] -> hb:1584 sess=4 getdisp=4 relay=4 txn=245504 vic=live:off
[  4832.402] -> hb:1585 sess=4 getdisp=4 relay=4 txn=245504 vic=live:off
[  4835.448] -> hb:1586 sess=4 getdisp=4 relay=4 txn=245504 vic=live:off
[  4838.481] -> hb:1587 sess=4 getdisp=4 relay=4 txn=245504 vic=live:off
[  4841.521] -> hb:1588 sess=4 getdisp=4 relay=4 txn=245504 vic=live:off
[  4844.579] -> hb:1589 sess=4 getdisp=4 relay=4 txn=245504 vic=live:off
[  4847.681] -> hb:1590 sess=4 getdisp=4 relay=4 txn=245504 vic=live:off
[  4850.750] -> hb:1591 sess=4 getdisp=4 relay=4 txn=245504 vic=live:off
[  4853.840] -> hb:1592 sess=4 getdisp=4 relay=4 txn=245504 vic=live:off
[  4856.909] -> hb:1593 sess=4 getdisp=4 relay=4 txn=245504 vic=live:off
[  4860.014] -> hb:1594 sess=4 getdisp=4 relay=4 txn=245504 vic=live:off
[  4863.079] -> hb:1595 sess=4 getdisp=4 relay=4 txn=245504 vic=live:off
[  4866.117] -> hb:1596 sess=4 getdisp=4 relay=4 txn=245504 vic=live:off
[  4869.148] -> hb:1597 sess=4 getdisp=4 relay=4 txn=245504 vic=live:off
[  4872.190] -> hb:1598 sess=4 getdisp=4 relay=4 txn=245504 vic=live:off
[  4875.231] -> hb:1599 sess=4 getdisp=4 relay=4 txn=245504 vic=live:off
[  4878.267] -> hb:1600 sess=4 getdisp=4 relay=4 txn=245504 vic=live:off
[  4881.302] -> hb:1601 sess=4 getdisp=4 relay=4 txn=245504 vic=live:off
[  4884.347] -> hb:1602 sess=4 getdisp=4 relay=4 txn=245504 vic=live:off
[  4887.381] -> hb:1603 sess=4 getdisp=4 relay=4 txn=245504 vic=live:off
[  4890.418] -> hb:1604 sess=4 getdisp=4 relay=4 txn=245504 vic=live:off
[  4893.456] -> hb:1605 sess=4 getdisp=4 relay=4 txn=245504 vic=live:off
[  4896.500] -> hb:1606 sess=4 getdisp=4 relay=4 txn=245504 vic=live:off
[  4899.532] -> hb:1607 sess=4 getdisp=4 relay=4 txn=245504 vic=live:off
[  4902.571] -> hb:1608 sess=4 getdisp=4 relay=4 txn=245504 vic=live:off
[  4905.606] -> hb:1609 sess=4 getdisp=4 relay=4 txn=245504 vic=live:off
[  4908.650] -> hb:1610 sess=4 getdisp=4 relay=4 txn=245504 vic=live:off
[  4911.689] -> hb:1611 sess=4 getdisp=4 relay=4 txn=245504 vic=live:off
[  4914.724] -> hb:1612 sess=4 getdisp=4 relay=4 txn=245504 vic=live:off
[  4917.759] -> hb:1613 sess=4 getdisp=4 relay=4 txn=245504 vic=live:off
[  4920.800] -> hb:1614 sess=4 getdisp=4 relay=4 txn=245504 vic=live:off
[  4923.835] -> hb:1615 sess=4 getdisp=4 relay=4 txn=245504 vic=live:off
[  4926.874] -> hb:1616 sess=4 getdisp=4 relay=4 txn=245504 vic=live:off
[  4929.915] -> hb:1617 sess=4 getdisp=4 relay=4 txn=245504 vic=live:off
[  4932.958] -> hb:1618 sess=4 getdisp=4 relay=4 txn=245504 vic=live:off
[  4935.992] -> hb:1619 sess=4 getdisp=4 relay=4 txn=245504 vic=live:off
[  4939.031] -> hb:1620 sess=4 getdisp=4 relay=4 txn=245504 vic=live:off
[  4942.065] -> hb:1621 sess=4 getdisp=4 relay=4 txn=245504 vic=live:off
[  4945.109] -> hb:1622 sess=4 getdisp=4 relay=4 txn=245504 vic=live:off
[  4948.148] -> hb:1623 sess=4 getdisp=4 relay=4 txn=245504 vic=live:off
[  4951.184] -> hb:1624 sess=4 getdisp=4 relay=4 txn=245504 vic=live:off
[  4954.219] -> hb:1625 sess=4 getdisp=4 relay=4 txn=245504 vic=live:off
[  4957.264] -> hb:1626 sess=4 getdisp=4 relay=4 txn=245504 vic=live:off
[  4960.298] -> hb:1627 sess=4 getdisp=4 relay=4 txn=245504 vic=live:off
[  4963.334] -> hb:1628 sess=4 getdisp=4 relay=4 txn=245504 vic=live:off
[  4966.375] -> hb:1629 sess=4 getdisp=4 relay=4 txn=245504 vic=live:off
[  4969.418] -> hb:1630 sess=4 getdisp=4 relay=4 txn=245504 vic=live:off
[  4972.452] -> hb:1631 sess=4 getdisp=4 relay=4 txn=245504 vic=live:off
[  4975.488] -> hb:1632 sess=4 getdisp=4 relay=4 txn=245504 vic=live:off
[  4978.526] -> hb:1633 sess=4 getdisp=4 relay=4 txn=245504 vic=live:off
[  4981.572] -> hb:1634 sess=4 getdisp=4 relay=4 txn=245504 vic=live:off
[  4984.606] -> hb:1635 sess=4 getdisp=4 relay=4 txn=245504 vic=live:off
[  4987.641] -> hb:1636 sess=4 getdisp=4 relay=4 txn=245504 vic=live:off
[  4990.673] -> hb:1637 sess=4 getdisp=4 relay=4 txn=245504 vic=live:off
[  4993.717] -> hb:1638 sess=4 getdisp=4 relay=4 txn=245504 vic=live:off
[  4996.748] -> hb:1639 sess=4 getdisp=4 relay=4 txn=245504 vic=live:off
[  4999.788] -> hb:1640 sess=4 getdisp=4 relay=4 txn=245504 vic=live:off
[  5002.824] -> hb:1641 sess=4 getdisp=4 relay=4 txn=245504 vic=live:off
[  5005.868] -> hb:1642 sess=4 getdisp=4 relay=4 txn=245504 vic=live:off
[  5008.902] -> hb:1643 sess=4 getdisp=4 relay=4 txn=245504 vic=live:off
[  5011.940] -> hb:1644 sess=4 getdisp=4 relay=4 txn=245504 vic=live:off
[  5014.975] -> hb:1645 sess=4 getdisp=4 relay=4 txn=245504 vic=live:off
[  5018.024] -> hb:1646 sess=4 getdisp=4 relay=4 txn=245504 vic=live:off
[  5021.058] -> hb:1647 sess=4 getdisp=4 relay=4 txn=245504 vic=live:off
[  5024.097] -> hb:1648 sess=4 getdisp=4 relay=4 txn=245504 vic=live:off
[  5027.133] -> hb:1649 sess=4 getdisp=4 relay=4 txn=245504 vic=live:off
[  5030.175] -> hb:1650 sess=4 getdisp=4 relay=4 txn=245504 vic=live:off
[  5033.208] -> hb:1651 sess=4 getdisp=4 relay=4 txn=245504 vic=live:off
[  5036.250] -> hb:1652 sess=4 getdisp=4 relay=4 txn=245504 vic=live:off
[  5039.282] -> hb:1653 sess=4 getdisp=4 relay=4 txn=245504 vic=live:off
[  5042.326] -> hb:1654 sess=4 getdisp=4 relay=4 txn=245504 vic=live:off
[  5045.365] -> hb:1655 sess=4 getdisp=4 relay=4 txn=245504 vic=live:off
[  5048.400] -> hb:1656 sess=4 getdisp=4 relay=4 txn=245504 vic=live:off
[  5051.431] -> hb:1657 sess=4 getdisp=4 relay=4 txn=245504 vic=live:off
[  5054.481] -> hb:1658 sess=4 getdisp=4 relay=4 txn=245504 vic=live:off
[  5057.515] -> hb:1659 sess=4 getdisp=4 relay=4 txn=245504 vic=live:off
[  5060.550] -> hb:1660 sess=4 getdisp=4 relay=4 txn=245504 vic=live:off
[  5063.582] -> hb:1661 sess=4 getdisp=4 relay=4 txn=245504 vic=live:off
[  5066.625] -> hb:1662 sess=4 getdisp=4 relay=4 txn=245504 vic=live:off
[  5069.665] -> hb:1663 sess=4 getdisp=4 relay=4 txn=245504 vic=live:off
[  5072.701] -> hb:1664 sess=4 getdisp=4 relay=4 txn=245504 vic=live:off
[  5075.735] -> hb:1665 sess=4 getdisp=4 relay=4 txn=245504 vic=live:off
[  5078.781] -> hb:1666 sess=4 getdisp=4 relay=4 txn=245504 vic=live:off
[  5081.827] -> hb:1667 sess=4 getdisp=4 relay=4 txn=245504 vic=live:off
[  5084.924] -> hb:1668 sess=4 getdisp=4 relay=4 txn=245504 vic=live:off
[  5088.001] -> hb:1669 sess=4 getdisp=4 relay=4 txn=245504 vic=live:off
[  5091.100] -> hb:1670 sess=4 getdisp=4 relay=4 txn=245504 vic=live:off
[  5094.168] -> hb:1671 sess=4 getdisp=4 relay=4 txn=245504 vic=live:off
[  5097.260] -> hb:1672 sess=4 getdisp=4 relay=4 txn=245504 vic=live:off
[  5100.337] -> hb:1673 sess=4 getdisp=4 relay=4 txn=245504 vic=live:off
[  5103.381] -> hb:1674 sess=4 getdisp=4 relay=4 txn=245504 vic=live:off
[  5106.426] -> hb:1675 sess=4 getdisp=4 relay=4 txn=245504 vic=live:off
[  5109.467] -> hb:1676 sess=4 getdisp=4 relay=4 txn=245504 vic=live:off
[  5112.506] -> hb:1677 sess=4 getdisp=4 relay=4 txn=245504 vic=live:off
[  5115.548] -> hb:1678 sess=4 getdisp=4 relay=4 txn=245504 vic=live:off
[  5118.590] -> hb:1679 sess=4 getdisp=4 relay=4 txn=245504 vic=live:off
[  5121.634] -> hb:1680 sess=4 getdisp=4 relay=4 txn=245504 vic=live:off
[  5124.676] -> hb:1681 sess=4 getdisp=4 relay=4 txn=245504 vic=live:off
[  5127.717] -> hb:1682 sess=4 getdisp=4 relay=4 txn=245504 vic=live:off
[  5130.752] -> hb:1683 sess=4 getdisp=4 relay=4 txn=245504 vic=live:off
[  5133.791] -> hb:1684 sess=4 getdisp=4 relay=4 txn=245504 vic=live:off
[  5136.831] -> hb:1685 sess=4 getdisp=4 relay=4 txn=245504 vic=live:off
[  5139.871] -> hb:1686 sess=4 getdisp=4 relay=4 txn=245504 vic=live:off
[  5142.909] -> hb:1687 sess=4 getdisp=4 relay=4 txn=245504 vic=live:off
[  5145.948] -> hb:1688 sess=4 getdisp=4 relay=4 txn=245504 vic=live:off
[  5148.990] -> hb:1689 sess=4 getdisp=4 relay=4 txn=245504 vic=live:off
[  5152.025] -> hb:1690 sess=4 getdisp=4 relay=4 txn=245504 vic=live:off
[  5155.059] -> hb:1691 sess=4 getdisp=4 relay=4 txn=245504 vic=live:off
[  5158.100] -> hb:1692 sess=4 getdisp=4 relay=4 txn=245504 vic=live:off
[  5161.140] -> hb:1693 sess=4 getdisp=4 relay=4 txn=245504 vic=live:off
[  5164.181] -> hb:1694 sess=4 getdisp=4 relay=4 txn=245504 vic=live:off
[  5167.215] -> hb:1695 sess=4 getdisp=4 relay=4 txn=245504 vic=live:off
[  5170.250] -> hb:1696 sess=4 getdisp=4 relay=4 txn=245504 vic=live:off
[  5173.293] -> hb:1697 sess=4 getdisp=4 relay=4 txn=245504 vic=live:off
[  5176.334] -> hb:1698 sess=4 getdisp=4 relay=4 txn=245504 vic=live:off
[  5179.369] -> hb:1699 sess=4 getdisp=4 relay=4 txn=245504 vic=live:off
[  5182.405] -> hb:1700 sess=4 getdisp=4 relay=4 txn=245504 vic=live:off
[  5185.466] -> hb:1701 sess=4 getdisp=4 relay=4 txn=245504 vic=live:off
[  5188.500] -> hb:1702 sess=4 getdisp=4 relay=4 txn=245504 vic=live:off
[  5191.532] -> hb:1703 sess=4 getdisp=4 relay=4 txn=245504 vic=live:off
[  5194.573] -> hb:1704 sess=4 getdisp=4 relay=4 txn=245504 vic=live:off
[  5197.615] -> hb:1705 sess=4 getdisp=4 relay=4 txn=245504 vic=live:off
[  5200.653] -> hb:1706 sess=4 getdisp=4 relay=4 txn=245504 vic=live:off
[  5203.686] -> hb:1707 sess=4 getdisp=4 relay=4 txn=245504 vic=live:off
[  5206.723] -> hb:1708 sess=4 getdisp=4 relay=4 txn=245504 vic=live:off
[  5209.765] -> hb:1709 sess=4 getdisp=4 relay=4 txn=245504 vic=live:off
[  5212.804] -> hb:1710 sess=4 getdisp=4 relay=4 txn=245504 vic=live:off
[  5215.839] -> hb:1711 sess=4 getdisp=4 relay=4 txn=245504 vic=live:off
[  5218.875] -> hb:1712 sess=4 getdisp=4 relay=4 txn=245504 vic=live:off
[  5221.916] -> hb:1713 sess=4 getdisp=4 relay=4 txn=245504 vic=live:off
[  5224.950] -> hb:1714 sess=4 getdisp=4 relay=4 txn=245504 vic=live:off
[  5227.982] -> hb:1715 sess=4 getdisp=4 relay=4 txn=245504 vic=live:off
[  5231.023] -> hb:1716 sess=4 getdisp=4 relay=4 txn=245504 vic=live:off
[  5234.065] -> hb:1717 sess=4 getdisp=4 relay=4 txn=245504 vic=live:off
[  5237.101] -> hb:1718 sess=4 getdisp=4 relay=4 txn=245504 vic=live:off
[  5240.135] -> hb:1719 sess=4 getdisp=4 relay=4 txn=245504 vic=live:off
[  5243.173] -> hb:1720 sess=4 getdisp=4 relay=4 txn=245504 vic=live:off
[  5246.216] -> hb:1721 sess=4 getdisp=4 relay=4 txn=245504 vic=live:off
[  5249.257] -> hb:1722 sess=4 getdisp=4 relay=4 txn=245504 vic=live:off
[  5252.290] -> hb:1723 sess=4 getdisp=4 relay=4 txn=245504 vic=live:off
[  5255.325] -> hb:1724 sess=4 getdisp=4 relay=4 txn=245504 vic=live:off
[  5258.364] -> hb:1725 sess=4 getdisp=4 relay=4 txn=245504 vic=live:off
[  5261.401] -> hb:1726 sess=4 getdisp=4 relay=4 txn=245504 vic=live:off
[  5264.436] -> hb:1727 sess=4 getdisp=4 relay=4 txn=245504 vic=live:off
[  5267.474] -> hb:1728 sess=4 getdisp=4 relay=4 txn=245504 vic=live:off
[  5270.516] -> hb:1729 sess=4 getdisp=4 relay=4 txn=245504 vic=live:off
[  5273.554] -> hb:1730 sess=4 getdisp=4 relay=4 txn=245504 vic=live:off
[  5276.589] -> hb:1731 sess=4 getdisp=4 relay=4 txn=245504 vic=live:off
[  5279.625] -> hb:1732 sess=4 getdisp=4 relay=4 txn=245504 vic=live:off
[  5282.669] -> hb:1733 sess=4 getdisp=4 relay=4 txn=245504 vic=live:off
[  5285.707] -> hb:1734 sess=4 getdisp=4 relay=4 txn=245504 vic=live:off
[  5288.740] -> hb:1735 sess=4 getdisp=4 relay=4 txn=245504 vic=live:off
[  5291.775] -> hb:1736 sess=4 getdisp=4 relay=4 txn=245504 vic=live:off
[  5294.815] -> hb:1737 sess=4 getdisp=4 relay=4 txn=245504 vic=live:off
[  5297.853] -> hb:1738 sess=4 getdisp=4 relay=4 txn=245504 vic=live:off
[  5300.892] -> hb:1739 sess=4 getdisp=4 relay=4 txn=245504 vic=live:off
[  5303.931] -> hb:1740 sess=4 getdisp=4 relay=4 txn=245504 vic=live:off
[  5306.969] -> hb:1741 sess=4 getdisp=4 relay=4 txn=245504 vic=live:off
[  5310.007] -> hb:1742 sess=4 getdisp=4 relay=4 txn=245504 vic=live:off
[  5313.042] -> hb:1743 sess=4 getdisp=4 relay=4 txn=245504 vic=live:off
[  5316.081] -> hb:1744 sess=4 getdisp=4 relay=4 txn=245504 vic=live:off
[  5319.126] -> hb:1745 sess=4 getdisp=4 relay=4 txn=245504 vic=live:off
[  5322.224] -> hb:1746 sess=4 getdisp=4 relay=4 txn=245504 vic=live:off
[  5325.295] -> hb:1747 sess=4 getdisp=4 relay=4 txn=245504 vic=live:off
[  5328.391] -> hb:1748 sess=4 getdisp=4 relay=4 txn=245504 vic=live:off
[  5331.465] -> hb:1749 sess=4 getdisp=4 relay=4 txn=245504 vic=live:off
[  5334.560] -> hb:1750 sess=4 getdisp=4 relay=4 txn=245504 vic=live:off
[  5337.641] -> hb:1751 sess=4 getdisp=4 relay=4 txn=245504 vic=live:off
[  5340.691] -> hb:1752 sess=4 getdisp=4 relay=4 txn=245504 vic=live:off
[  5343.731] -> hb:1753 sess=4 getdisp=4 relay=4 txn=245504 vic=live:off
[  5346.771] -> hb:1754 sess=4 getdisp=4 relay=4 txn=245504 vic=live:off
[  5349.806] -> hb:1755 sess=4 getdisp=4 relay=4 txn=245504 vic=live:off
[  5352.848] -> hb:1756 sess=4 getdisp=4 relay=4 txn=245504 vic=live:off
[  5355.886] -> hb:1757 sess=4 getdisp=4 relay=4 txn=245504 vic=live:off
[  5358.923] -> hb:1758 sess=4 getdisp=4 relay=4 txn=245504 vic=live:off
[  5361.958] -> hb:1759 sess=4 getdisp=4 relay=4 txn=245504 vic=live:off
[  5364.998] -> hb:1760 sess=4 getdisp=4 relay=4 txn=245504 vic=live:off
[  5368.036] -> hb:1761 sess=4 getdisp=4 relay=4 txn=245504 vic=live:off
[  5371.081] -> hb:1762 sess=4 getdisp=4 relay=4 txn=245504 vic=live:off
[  5374.115] -> hb:1763 sess=4 getdisp=4 relay=4 txn=245504 vic=live:off
[  5377.151] -> hb:1764 sess=4 getdisp=4 relay=4 txn=245504 vic=live:off
[  5380.192] -> hb:1765 sess=4 getdisp=4 relay=4 txn=245504 vic=live:off
[  5383.229] -> hb:1766 sess=4 getdisp=4 relay=4 txn=245504 vic=live:off
[  5386.265] -> hb:1767 sess=4 getdisp=4 relay=4 txn=245504 vic=live:off
[  5389.309] -> hb:1768 sess=4 getdisp=4 relay=4 txn=245504 vic=live:off
[  5392.348] -> hb:1769 sess=4 getdisp=4 relay=4 txn=245504 vic=live:off
[  5395.384] -> hb:1770 sess=4 getdisp=4 relay=4 txn=245504 vic=live:off
[  5398.419] -> hb:1771 sess=4 getdisp=4 relay=4 txn=245504 vic=live:off
[  5401.457] -> hb:1772 sess=4 getdisp=4 relay=4 txn=245504 vic=live:off
[  5404.498] -> hb:1773 sess=4 getdisp=4 relay=4 txn=245504 vic=live:off
[  5407.540] -> hb:1774 sess=4 getdisp=4 relay=4 txn=245504 vic=live:off
[  5410.573] -> hb:1775 sess=4 getdisp=4 relay=4 txn=245504 vic=live:off
[  5413.609] -> hb:1776 sess=4 getdisp=4 relay=4 txn=245504 vic=live:off
[  5416.642] -> hb:1777 sess=4 getdisp=4 relay=4 txn=245504 vic=live:off
[  5419.684] -> hb:1778 sess=4 getdisp=4 relay=4 txn=245504 vic=live:off
[  5422.719] -> hb:1779 sess=4 getdisp=4 relay=4 txn=245504 vic=live:off
[  5425.767] -> hb:1780 sess=4 getdisp=4 relay=4 txn=245504 vic=live:off
[  5428.798] -> hb:1781 sess=4 getdisp=4 relay=4 txn=245504 vic=live:off
[  5431.840] -> hb:1782 sess=4 getdisp=4 relay=4 txn=245504 vic=live:off
[  5434.875] -> hb:1783 sess=4 getdisp=4 relay=4 txn=245504 vic=live:off
[  5437.915] -> hb:1784 sess=4 getdisp=4 relay=4 txn=245504 vic=live:off
[  5440.948] -> hb:1785 sess=4 getdisp=4 relay=4 txn=245504 vic=live:off
[  5443.998] -> hb:1786 sess=4 getdisp=4 relay=4 txn=245504 vic=live:off
[  5447.031] -> hb:1787 sess=4 getdisp=4 relay=4 txn=245504 vic=live:off
[  5450.068] -> hb:1788 sess=4 getdisp=4 relay=4 txn=245504 vic=live:off
[  5453.103] -> hb:1789 sess=4 getdisp=4 relay=4 txn=245504 vic=live:off
[  5456.148] -> hb:1790 sess=4 getdisp=4 relay=4 txn=245504 vic=live:off
[  5459.186] -> hb:1791 sess=4 getdisp=4 relay=4 txn=245504 vic=live:off
[  5462.225] -> hb:1792 sess=4 getdisp=4 relay=4 txn=245504 vic=live:off
[  5465.257] -> hb:1793 sess=4 getdisp=4 relay=4 txn=245504 vic=live:off
[  5468.300] -> hb:1794 sess=4 getdisp=4 relay=4 txn=245504 vic=live:off
[  5471.335] -> hb:1795 sess=4 getdisp=4 relay=4 txn=245504 vic=live:off
[  5474.373] -> hb:1796 sess=4 getdisp=4 relay=4 txn=245504 vic=live:off
[  5477.410] -> hb:1797 sess=4 getdisp=4 relay=4 txn=245504 vic=live:off
[  5480.451] -> hb:1798 sess=4 getdisp=4 relay=4 txn=245504 vic=live:off
[  5483.485] -> hb:1799 sess=4 getdisp=4 relay=4 txn=245504 vic=live:off
[  5486.525] -> hb:1800 sess=4 getdisp=4 relay=4 txn=245504 vic=live:off
[  5489.558] -> hb:1801 sess=4 getdisp=4 relay=4 txn=245504 vic=live:off
[  5492.601] -> hb:1802 sess=4 getdisp=4 relay=4 txn=245504 vic=live:off
[  5495.639] -> hb:1803 sess=4 getdisp=4 relay=4 txn=245504 vic=live:off
[  5498.674] -> hb:1804 sess=4 getdisp=4 relay=4 txn=245504 vic=live:off
[  5501.706] -> hb:1805 sess=4 getdisp=4 relay=4 txn=245504 vic=live:off
[  5504.750] -> hb:1806 sess=4 getdisp=4 relay=4 txn=245504 vic=live:off
[  5507.781] -> hb:1807 sess=4 getdisp=4 relay=4 txn=245504 vic=live:off
[  5510.818] -> hb:1808 sess=4 getdisp=4 relay=4 txn=245504 vic=live:off
[  5513.856] -> hb:1809 sess=4 getdisp=4 relay=4 txn=245504 vic=live:off
[  5516.900] -> hb:1810 sess=4 getdisp=4 relay=4 txn=245504 vic=live:off
[  5519.931] -> hb:1811 sess=4 getdisp=4 relay=4 txn=245504 vic=live:off
[  5522.967] -> hb:1812 sess=4 getdisp=4 relay=4 txn=245504 vic=live:off
[  5525.998] -> hb:1813 sess=4 getdisp=4 relay=4 txn=245504 vic=live:off
[  5529.044] -> hb:1814 sess=4 getdisp=4 relay=4 txn=245504 vic=live:off
[  5532.081] -> hb:1815 sess=4 getdisp=4 relay=4 txn=245504 vic=live:off
[  5535.118] -> hb:1816 sess=4 getdisp=4 relay=4 txn=245504 vic=live:off
[  5538.148] -> hb:1817 sess=4 getdisp=4 relay=4 txn=245504 vic=live:off
[  5541.190] -> hb:1818 sess=4 getdisp=4 relay=4 txn=245504 vic=live:off
[  5544.223] -> hb:1819 sess=4 getdisp=4 relay=4 txn=245504 vic=live:off
[  5547.264] -> hb:1820 sess=4 getdisp=4 relay=4 txn=245504 vic=live:off
[  5550.298] -> hb:1821 sess=4 getdisp=4 relay=4 txn=245504 vic=live:off
[  5553.340] -> hb:1822 sess=4 getdisp=4 relay=4 txn=245504 vic=live:off
[  5556.400] -> hb:1823 sess=4 getdisp=4 relay=4 txn=245504 vic=live:off
[  5559.490] -> hb:1824 sess=4 getdisp=4 relay=4 txn=245504 vic=live:off
[  5562.560] -> hb:1825 sess=4 getdisp=4 relay=4 txn=245504 vic=live:off
[  5565.667] -> hb:1826 sess=4 getdisp=4 relay=4 txn=245504 vic=live:off
[  5568.734] -> hb:1827 sess=4 getdisp=4 relay=4 txn=245504 vic=live:off
[  5571.831] -> hb:1828 sess=4 getdisp=4 relay=4 txn=245504 vic=live:off
[  5574.891] -> hb:1829 sess=4 getdisp=4 relay=4 txn=245504 vic=live:off
[  5577.934] -> hb:1830 sess=4 getdisp=4 relay=4 txn=245504 vic=live:off
[  5580.969] -> hb:1831 sess=4 getdisp=4 relay=4 txn=245504 vic=live:off
[  5584.008] -> hb:1832 sess=4 getdisp=4 relay=4 txn=245504 vic=live:off
[  5587.041] -> hb:1833 sess=4 getdisp=4 relay=4 txn=245504 vic=live:off
[  5590.084] -> hb:1834 sess=4 getdisp=4 relay=4 txn=245504 vic=live:off
[  5593.119] -> hb:1835 sess=4 getdisp=4 relay=4 txn=245504 vic=live:off
[  5596.157] -> hb:1836 sess=4 getdisp=4 relay=4 txn=245504 vic=live:off
[  5599.192] -> hb:1837 sess=4 getdisp=4 relay=4 txn=245504 vic=live:off
[  5602.242] -> hb:1838 sess=4 getdisp=4 relay=4 txn=245504 vic=live:off
[  5605.276] -> hb:1839 sess=4 getdisp=4 relay=4 txn=245504 vic=live:off
[  5608.315] -> hb:1840 sess=4 getdisp=4 relay=4 txn=245504 vic=live:off
[  5611.348] -> hb:1841 sess=4 getdisp=4 relay=4 txn=245504 vic=live:off
[  5614.391] -> hb:1842 sess=4 getdisp=4 relay=4 txn=245504 vic=live:off
[  5617.423] -> hb:1843 sess=4 getdisp=4 relay=4 txn=245504 vic=live:off
[  5620.468] -> hb:1844 sess=4 getdisp=4 relay=4 txn=245504 vic=live:off
[  5623.499] -> hb:1845 sess=4 getdisp=4 relay=4 txn=245504 vic=live:off
[  5626.543] -> hb:1846 sess=4 getdisp=4 relay=4 txn=245504 vic=live:off
[  5629.576] -> hb:1847 sess=4 getdisp=4 relay=4 txn=245504 vic=live:off
[  5632.614] -> hb:1848 sess=4 getdisp=4 relay=4 txn=245504 vic=live:off
[  5635.648] -> hb:1849 sess=4 getdisp=4 relay=4 txn=245504 vic=live:off
[  5638.698] -> hb:1850 sess=4 getdisp=4 relay=4 txn=245504 vic=live:off
[  5641.731] -> hb:1851 sess=4 getdisp=4 relay=4 txn=245504 vic=live:off
[  5644.767] -> hb:1852 sess=4 getdisp=4 relay=4 txn=245504 vic=live:off
[  5647.798] -> hb:1853 sess=4 getdisp=4 relay=4 txn=245504 vic=live:off
[  5650.840] -> hb:1854 sess=4 getdisp=4 relay=4 txn=245504 vic=live:off
[  5653.881] -> hb:1855 sess=4 getdisp=4 relay=4 txn=245504 vic=live:off
[  5656.917] -> hb:1856 sess=4 getdisp=4 relay=4 txn=245504 vic=live:off
[  5659.948] -> hb:1857 sess=4 getdisp=4 relay=4 txn=245504 vic=live:off
[  5662.991] -> hb:1858 sess=4 getdisp=4 relay=4 txn=245504 vic=live:off
[  5666.023] -> hb:1859 sess=4 getdisp=4 relay=4 txn=245504 vic=live:off
[  5669.058] -> hb:1860 sess=4 getdisp=4 relay=4 txn=245504 vic=live:off
[  5672.094] -> hb:1861 sess=4 getdisp=4 relay=4 txn=245504 vic=live:off
[  5675.141] -> hb:1862 sess=4 getdisp=4 relay=4 txn=245504 vic=live:off
[  5678.173] -> hb:1863 sess=4 getdisp=4 relay=4 txn=245504 vic=live:off
[  5681.208] -> hb:1864 sess=4 getdisp=4 relay=4 txn=245504 vic=live:off
[  5684.242] -> hb:1865 sess=4 getdisp=4 relay=4 txn=245504 vic=live:off
[  5687.284] -> hb:1866 sess=4 getdisp=4 relay=4 txn=245504 vic=live:off
[  5690.322] -> hb:1867 sess=4 getdisp=4 relay=4 txn=245504 vic=live:off
[  5693.358] -> hb:1868 sess=4 getdisp=4 relay=4 txn=245504 vic=live:off
[  5696.392] -> hb:1869 sess=4 getdisp=4 relay=4 txn=245504 vic=live:off
[  5699.437] -> hb:1870 sess=4 getdisp=4 relay=4 txn=245504 vic=live:off
[  5702.472] -> hb:1871 sess=4 getdisp=4 relay=4 txn=245504 vic=live:off
[  5705.508] -> hb:1872 sess=4 getdisp=4 relay=4 txn=245504 vic=live:off
[  5708.548] -> hb:1873 sess=4 getdisp=4 relay=4 txn=245504 vic=live:off
[  5711.591] -> hb:1874 sess=4 getdisp=4 relay=4 txn=245504 vic=live:off
[  5714.623] -> hb:1875 sess=4 getdisp=4 relay=4 txn=245504 vic=live:off
[  5717.658] -> hb:1876 sess=4 getdisp=4 relay=4 txn=245504 vic=live:off
[  5720.692] -> hb:1877 sess=4 getdisp=4 relay=4 txn=245504 vic=live:off
[  5723.738] -> hb:1878 sess=4 getdisp=4 relay=4 txn=245504 vic=live:off
[  5726.776] -> hb:1879 sess=4 getdisp=4 relay=4 txn=245504 vic=live:off
[  5729.811] -> hb:1880 sess=4 getdisp=4 relay=4 txn=245504 vic=live:off
[  5732.848] -> hb:1881 sess=4 getdisp=4 relay=4 txn=245504 vic=live:off
[  5735.890] -> hb:1882 sess=4 getdisp=4 relay=4 txn=245504 vic=live:off
[  5738.923] -> hb:1883 sess=4 getdisp=4 relay=4 txn=245504 vic=live:off
[  5741.964] -> hb:1884 sess=4 getdisp=4 relay=4 txn=245504 vic=live:off
[  5744.998] -> hb:1885 sess=4 getdisp=4 relay=4 txn=245504 vic=live:off
[  5748.040] -> hb:1886 sess=4 getdisp=4 relay=4 txn=245504 vic=live:off
[  5751.098] -> hb:1887 sess=4 getdisp=4 relay=4 txn=245504 vic=live:off
[  5754.133] -> hb:1888 sess=4 getdisp=4 relay=4 txn=245504 vic=live:off
[  5757.168] -> hb:1889 sess=4 getdisp=4 relay=4 txn=245504 vic=live:off
[  5760.218] -> hb:1890 sess=4 getdisp=4 relay=4 txn=245504 vic=live:off
[  5763.252] -> hb:1891 sess=4 getdisp=4 relay=4 txn=245504 vic=live:off
[  5766.288] -> hb:1892 sess=4 getdisp=4 relay=4 txn=245504 vic=live:off
[  5769.331] -> hb:1893 sess=4 getdisp=4 relay=4 txn=245504 vic=live:off
[  5772.374] -> hb:1894 sess=4 getdisp=4 relay=4 txn=245504 vic=live:off
[  5775.409] -> hb:1895 sess=4 getdisp=4 relay=4 txn=245504 vic=live:off
[  5778.451] -> hb:1896 sess=4 getdisp=4 relay=4 txn=245504 vic=live:off
[  5781.485] -> hb:1897 sess=4 getdisp=4 relay=4 txn=245504 vic=live:off
[  5784.531] -> hb:1898 sess=4 getdisp=4 relay=4 txn=245504 vic=live:off
[  5787.568] -> hb:1899 sess=4 getdisp=4 relay=4 txn=245504 vic=live:off
[  5790.609] -> hb:1900 sess=4 getdisp=4 relay=4 txn=245504 vic=live:off
[  5793.658] -> hb:1901 sess=4 getdisp=4 relay=4 txn=245504 vic=live:off
[  5796.761] -> hb:1902 sess=4 getdisp=4 relay=4 txn=245504 vic=live:off
[  5799.831] -> hb:1903 sess=4 getdisp=4 relay=4 txn=245504 vic=live:off
[  5802.927] -> hb:1904 sess=4 getdisp=4 relay=4 txn=245504 vic=live:off
[  5806.001] -> hb:1905 sess=4 getdisp=4 relay=4 txn=245504 vic=live:off
[  5809.134] -> hb:1906 sess=4 getdisp=4 relay=4 txn=245504 vic=live:off
[  5812.207] -> hb:1907 sess=4 getdisp=4 relay=4 txn=245504 vic=live:off
[  5815.248] -> hb:1908 sess=4 getdisp=4 relay=4 txn=245504 vic=live:off
[  5818.289] -> hb:1909 sess=4 getdisp=4 relay=4 txn=245504 vic=live:off
[  5821.331] -> hb:1910 sess=4 getdisp=4 relay=4 txn=245504 vic=live:off
[  5824.375] -> hb:1911 sess=4 getdisp=4 relay=4 txn=245504 vic=live:off
[  5827.415] -> hb:1912 sess=4 getdisp=4 relay=4 txn=245504 vic=live:off
[  5830.465] -> hb:1913 sess=4 getdisp=4 relay=4 txn=245504 vic=live:off
[  5833.507] -> hb:1914 sess=4 getdisp=4 relay=4 txn=245504 vic=live:off
[  5836.548] -> hb:1915 sess=4 getdisp=4 relay=4 txn=245504 vic=live:off
[  5839.590] -> hb:1916 sess=4 getdisp=4 relay=4 txn=245504 vic=live:off
[  5842.631] -> hb:1917 sess=4 getdisp=4 relay=4 txn=245504 vic=live:off
[  5845.675] -> hb:1918 sess=4 getdisp=4 relay=4 txn=245504 vic=live:off
[  5848.723] -> hb:1919 sess=4 getdisp=4 relay=4 txn=245504 vic=live:off
[  5851.767] -> hb:1920 sess=4 getdisp=4 relay=4 txn=245504 vic=live:off
[  5854.809] -> hb:1921 sess=4 getdisp=4 relay=4 txn=245504 vic=live:off
[  5857.849] -> hb:1922 sess=4 getdisp=4 relay=4 txn=245504 vic=live:off
[  5860.889] -> hb:1923 sess=4 getdisp=4 relay=4 txn=245504 vic=live:off
[  5863.931] -> hb:1924 sess=4 getdisp=4 relay=4 txn=245504 vic=live:off
[  5866.979] -> hb:1925 sess=4 getdisp=4 relay=4 txn=245504 vic=live:off
[  5870.022] -> hb:1926 sess=4 getdisp=4 relay=4 txn=245504 vic=live:off
[  5873.065] -> hb:1927 sess=4 getdisp=4 relay=4 txn=245504 vic=live:off
[  5876.109] -> hb:1928 sess=4 getdisp=4 relay=4 txn=245504 vic=live:off
[  5879.156] -> hb:1929 sess=4 getdisp=4 relay=4 txn=245504 vic=live:off
[  5882.198] -> hb:1930 sess=4 getdisp=4 relay=4 txn=245504 vic=live:off
[  5885.248] -> hb:1931 sess=4 getdisp=4 relay=4 txn=245504 vic=live:off
[  5888.293] -> hb:1932 sess=4 getdisp=4 relay=4 txn=245504 vic=live:off
[  5891.338] -> hb:1933 sess=4 getdisp=4 relay=4 txn=245504 vic=live:off
[  5894.382] -> hb:1934 sess=4 getdisp=4 relay=4 txn=245504 vic=live:off
[  5897.426] -> hb:1935 sess=4 getdisp=4 relay=4 txn=245504 vic=live:off
[  5900.478] -> hb:1936 sess=4 getdisp=4 relay=4 txn=245504 vic=live:off
[  5903.523] -> hb:1937 sess=4 getdisp=4 relay=4 txn=245504 vic=live:off
[  5906.565] -> hb:1938 sess=4 getdisp=4 relay=4 txn=245504 vic=live:off
[  5909.610] -> hb:1939 sess=4 getdisp=4 relay=4 txn=245504 vic=live:off
[  5912.655] -> hb:1940 sess=4 getdisp=4 relay=4 txn=245504 vic=live:off
[  5915.699] -> hb:1941 sess=4 getdisp=4 relay=4 txn=245504 vic=live:off
[  5918.748] -> hb:1942 sess=4 getdisp=4 relay=4 txn=245504 vic=live:off
[  5921.793] -> hb:1943 sess=4 getdisp=4 relay=4 txn=245504 vic=live:off
[  5924.839] -> hb:1944 sess=4 getdisp=4 relay=4 txn=245504 vic=live:off
[  5927.883] -> hb:1945 sess=4 getdisp=4 relay=4 txn=245504 vic=live:off
[  5930.926] -> hb:1946 sess=4 getdisp=4 relay=4 txn=245504 vic=live:off
[  5933.973] -> hb:1947 sess=4 getdisp=4 relay=4 txn=245504 vic=live:off
[  5937.021] -> hb:1948 sess=4 getdisp=4 relay=4 txn=245504 vic=live:off
[  5940.069] -> hb:1949 sess=4 getdisp=4 relay=4 txn=245504 vic=live:off
[  5943.115] -> hb:1950 sess=4 getdisp=4 relay=4 txn=245504 vic=live:off
[  5946.159] -> hb:1951 sess=4 getdisp=4 relay=4 txn=245504 vic=live:off
[  5949.200] -> hb:1952 sess=4 getdisp=4 relay=4 txn=245504 vic=live:off
[  5952.415] -> hb:1953 sess=4 getdisp=4 relay=4 txn=245504 vic=live:off
[  5955.714] -> hb:1954 sess=4 getdisp=4 relay=4 txn=245504 vic=live:off
[  5958.987] -> hb:1955 sess=4 getdisp=4 relay=4 txn=245504 vic=live:off
[  5962.257] -> hb:1956 sess=4 getdisp=4 relay=4 txn=245504 vic=live:off
[  5965.531] -> hb:1957 sess=4 getdisp=4 relay=4 txn=245504 vic=live:off
[  5968.803] -> hb:1958 sess=4 getdisp=4 relay=4 txn=245504 vic=live:off
[  5972.081] -> hb:1959 sess=4 getdisp=4 relay=4 txn=245504 vic=live:off
[  5975.381] -> hb:1960 sess=4 getdisp=4 relay=4 txn=245504 vic=live:off
[  5978.652] -> hb:1961 sess=4 getdisp=4 relay=4 txn=245504 vic=live:off
[  5981.923] -> hb:1962 sess=4 getdisp=4 relay=4 txn=245504 vic=live:off
[  5985.198] -> hb:1963 sess=4 getdisp=4 relay=4 txn=245504 vic=live:off
[  5988.473] -> hb:1964 sess=4 getdisp=4 relay=4 txn=245504 vic=live:off
[  5991.777] -> hb:1965 sess=4 getdisp=4 relay=4 txn=245504 vic=live:off
[  5995.000] -> hb:1966 sess=4 getdisp=4 relay=4 txn=245504 vic=live:off
[  5998.023] -> hb:1967 sess=4 getdisp=4 relay=4 txn=245504 vic=live:off
[  6001.048] -> hb:1968 sess=4 getdisp=4 relay=4 txn=245504 vic=live:off
[  6004.072] -> hb:1969 sess=4 getdisp=4 relay=4 txn=245504 vic=live:off
[  6007.093] -> hb:1970 sess=4 getdisp=4 relay=4 txn=245504 vic=live:off
[  6010.121] -> hb:1971 sess=4 getdisp=4 relay=4 txn=245504 vic=live:off
[  6013.143] -> hb:1972 sess=4 getdisp=4 relay=4 txn=245504 vic=live:off
[  6016.168] -> hb:1973 sess=4 getdisp=4 relay=4 txn=245504 vic=live:off
[  6019.189] -> hb:1974 sess=4 getdisp=4 relay=4 txn=245504 vic=live:off
[  6022.214] -> hb:1975 sess=4 getdisp=4 relay=4 txn=245504 vic=live:off
[  6025.237] -> hb:1976 sess=4 getdisp=4 relay=4 txn=245504 vic=live:off
[  6028.264] -> hb:1977 sess=4 getdisp=4 relay=4 txn=245504 vic=live:off
[  6031.287] -> hb:1978 sess=4 getdisp=4 relay=4 txn=245504 vic=live:off
[  6034.337] -> hb:1979 sess=4 getdisp=4 relay=4 txn=245504 vic=live:off
[  6037.403] -> hb:1980 sess=4 getdisp=4 relay=4 txn=245504 vic=live:off
[  6040.470] -> hb:1981 sess=4 getdisp=4 relay=4 txn=245504 vic=live:off
[  6043.541] -> hb:1982 sess=4 getdisp=4 relay=4 txn=245504 vic=live:off
[  6046.615] -> hb:1983 sess=4 getdisp=4 relay=4 txn=245504 vic=live:off
[  6049.686] -> hb:1984 sess=4 getdisp=4 relay=4 txn=245504 vic=live:off
[  6052.752] -> hb:1985 sess=4 getdisp=4 relay=4 txn=245504 vic=live:off
[  6055.776] -> hb:1986 sess=4 getdisp=4 relay=4 txn=245504 vic=live:off
[  6058.800] -> hb:1987 sess=4 getdisp=4 relay=4 txn=245504 vic=live:off
[  6061.823] -> hb:1988 sess=4 getdisp=4 relay=4 txn=245504 vic=live:off
[  6064.852] -> hb:1989 sess=4 getdisp=4 relay=4 txn=245504 vic=live:off
[  6067.875] -> hb:1990 sess=4 getdisp=4 relay=4 txn=245504 vic=live:off
[  6070.898] -> hb:1991 sess=4 getdisp=4 relay=4 txn=245504 vic=live:off
[  6073.922] -> hb:1992 sess=4 getdisp=4 relay=4 txn=245504 vic=live:off
[  6076.943] -> hb:1993 sess=4 getdisp=4 relay=4 txn=245504 vic=live:off
[  6079.968] -> hb:1994 sess=4 getdisp=4 relay=4 txn=245504 vic=live:off
[  6082.998] -> hb:1995 sess=4 getdisp=4 relay=4 txn=245504 vic=live:off
[  6086.022] -> hb:1996 sess=4 getdisp=4 relay=4 txn=245504 vic=live:off
[  6089.043] -> hb:1997 sess=4 getdisp=4 relay=4 txn=245504 vic=live:off
[  6092.069] -> hb:1998 sess=4 getdisp=4 relay=4 txn=245504 vic=live:off
[  6095.098] -> hb:1999 sess=4 getdisp=4 relay=4 txn=245504 vic=live:off
[  6098.121] -> hb:2000 sess=4 getdisp=4 relay=4 txn=245504 vic=live:off
[  6101.143] -> hb:2001 sess=4 getdisp=4 relay=4 txn=245504 vic=live:off
[  6104.168] -> hb:2002 sess=4 getdisp=4 relay=4 txn=245504 vic=live:off
[  6107.189] -> hb:2003 sess=4 getdisp=4 relay=4 txn=245504 vic=live:off
[  6110.218] -> hb:2004 sess=4 getdisp=4 relay=4 txn=245504 vic=live:off
[  6113.239] -> hb:2005 sess=4 getdisp=4 relay=4 txn=245504 vic=live:off
[  6116.264] -> hb:2006 sess=4 getdisp=4 relay=4 txn=245504 vic=live:off
[  6119.287] -> hb:2007 sess=4 getdisp=4 relay=4 txn=245504 vic=live:off
[  6122.309] -> hb:2008 sess=4 getdisp=4 relay=4 txn=245504 vic=live:off
[  6125.334] -> hb:2009 sess=4 getdisp=4 relay=4 txn=245504 vic=live:off
[  6128.361] -> hb:2010 sess=4 getdisp=4 relay=4 txn=245504 vic=live:off
[  6131.385] -> hb:2011 sess=4 getdisp=4 relay=4 txn=245504 vic=live:off
[  6134.407] -> hb:2012 sess=4 getdisp=4 relay=4 txn=245504 vic=live:off
[  6137.432] -> hb:2013 sess=4 getdisp=4 relay=4 txn=245504 vic=live:off
[  6140.457] -> hb:2014 sess=4 getdisp=4 relay=4 txn=245504 vic=live:off
[  6143.482] -> hb:2015 sess=4 getdisp=4 relay=4 txn=245504 vic=live:off
[  6146.508] -> hb:2016 sess=4 getdisp=4 relay=4 txn=245504 vic=live:off
[  6149.533] -> hb:2017 sess=4 getdisp=4 relay=4 txn=245504 vic=live:off
[  6152.556] -> hb:2018 sess=4 getdisp=4 relay=4 txn=245504 vic=live:off
[  6155.582] -> hb:2019 sess=4 getdisp=4 relay=4 txn=245504 vic=live:off
[  6158.607] -> hb:2020 sess=4 getdisp=4 relay=4 txn=245504 vic=live:off
[  6161.631] -> hb:2021 sess=4 getdisp=4 relay=4 txn=245504 vic=live:off
[  6164.657] -> hb:2022 sess=4 getdisp=4 relay=4 txn=245504 vic=live:off
[  6167.681] -> hb:2023 sess=4 getdisp=4 relay=4 txn=245504 vic=live:off
[  6170.704] -> hb:2024 sess=4 getdisp=4 relay=4 txn=245504 vic=live:off
[  6173.731] -> hb:2025 sess=4 getdisp=4 relay=4 txn=245504 vic=live:off
[  6176.757] -> hb:2026 sess=4 getdisp=4 relay=4 txn=245504 vic=live:off
[  6179.781] -> hb:2027 sess=4 getdisp=4 relay=4 txn=245504 vic=live:off
[  6182.809] -> hb:2028 sess=4 getdisp=4 relay=4 txn=245504 vic=live:off
[  6185.836] -> hb:2029 sess=4 getdisp=4 relay=4 txn=245504 vic=live:off
[  6188.857] -> hb:2030 sess=4 getdisp=4 relay=4 txn=245504 vic=live:off
[  6191.881] -> hb:2031 sess=4 getdisp=4 relay=4 txn=245504 vic=live:off
[  6194.906] -> hb:2032 sess=4 getdisp=4 relay=4 txn=245504 vic=live:off
[  6197.935] -> hb:2033 sess=4 getdisp=4 relay=4 txn=245504 vic=live:off
[  6200.956] -> hb:2034 sess=4 getdisp=4 relay=4 txn=245504 vic=live:off
[  6203.984] -> hb:2035 sess=4 getdisp=4 relay=4 txn=245504 vic=live:off
[  6207.007] -> hb:2036 sess=4 getdisp=4 relay=4 txn=245504 vic=live:off
[  6210.052] -> hb:2037 sess=4 getdisp=4 relay=4 txn=245504 vic=live:off
[  6213.076] -> hb:2038 sess=4 getdisp=4 relay=4 txn=245504 vic=live:off
[  6216.103] -> hb:2039 sess=4 getdisp=4 relay=4 txn=245504 vic=live:off
[  6219.126] -> hb:2040 sess=4 getdisp=4 relay=4 txn=245504 vic=live:off
[  6222.153] -> hb:2041 sess=4 getdisp=4 relay=4 txn=245504 vic=live:off
[  6225.175] -> hb:2042 sess=4 getdisp=4 relay=4 txn=245504 vic=live:off
[  6228.200] -> hb:2043 sess=4 getdisp=4 relay=4 txn=245504 vic=live:off
[  6231.223] -> hb:2044 sess=4 getdisp=4 relay=4 txn=245504 vic=live:off
[  6234.252] -> hb:2045 sess=4 getdisp=4 relay=4 txn=245504 vic=live:off
[  6237.276] -> hb:2046 sess=4 getdisp=4 relay=4 txn=245504 vic=live:off
[  6240.301] -> hb:2047 sess=4 getdisp=4 relay=4 txn=245504 vic=live:off
[  6243.323] -> hb:2048 sess=4 getdisp=4 relay=4 txn=245504 vic=live:off
[  6246.348] -> hb:2049 sess=4 getdisp=4 relay=4 txn=245504 vic=live:off
[  6249.373] -> hb:2050 sess=4 getdisp=4 relay=4 txn=245504 vic=live:off
[  6252.403] -> hb:2051 sess=4 getdisp=4 relay=4 txn=245504 vic=live:off
[  6255.426] -> hb:2052 sess=4 getdisp=4 relay=4 txn=245504 vic=live:off
[  6258.451] -> hb:2053 sess=4 getdisp=4 relay=4 txn=245504 vic=live:off
[  6261.473] -> hb:2054 sess=4 getdisp=4 relay=4 txn=245504 vic=live:off
[  6264.498] -> hb:2055 sess=4 getdisp=4 relay=4 txn=245504 vic=live:off
[  6267.523] -> hb:2056 sess=4 getdisp=4 relay=4 txn=245504 vic=live:off
[  6270.586] -> hb:2057 sess=4 getdisp=4 relay=4 txn=245504 vic=live:off
[  6273.653] -> hb:2058 sess=4 getdisp=4 relay=4 txn=245504 vic=live:off
[  6276.718] -> hb:2059 sess=4 getdisp=4 relay=4 txn=245504 vic=live:off
[  6279.784] -> hb:2060 sess=4 getdisp=4 relay=4 txn=245504 vic=live:off
[  6282.855] -> hb:2061 sess=4 getdisp=4 relay=4 txn=245504 vic=live:off
[  6285.931] -> hb:2062 sess=4 getdisp=4 relay=4 txn=245504 vic=live:off
[  6288.992] -> hb:2063 sess=4 getdisp=4 relay=4 txn=245504 vic=live:off
[  6292.017] -> hb:2064 sess=4 getdisp=4 relay=4 txn=245504 vic=live:off
[  6295.039] -> hb:2065 sess=4 getdisp=4 relay=4 txn=245504 vic=live:off
[  6298.064] -> hb:2066 sess=4 getdisp=4 relay=4 txn=245504 vic=live:off
[  6301.088] -> hb:2067 sess=4 getdisp=4 relay=4 txn=245504 vic=live:off
[  6304.117] -> hb:2068 sess=4 getdisp=4 relay=4 txn=245504 vic=live:off
[  6307.139] -> hb:2069 sess=4 getdisp=4 relay=4 txn=245504 vic=live:off
[  6310.165] -> hb:2070 sess=4 getdisp=4 relay=4 txn=245504 vic=live:off
[  6313.187] -> hb:2071 sess=4 getdisp=4 relay=4 txn=245504 vic=live:off
[  6316.209] -> hb:2072 sess=4 getdisp=4 relay=4 txn=245504 vic=live:off
[  6319.234] -> hb:2073 sess=4 getdisp=4 relay=4 txn=245504 vic=live:off
[  6322.264] -> hb:2074 sess=4 getdisp=4 relay=4 txn=245504 vic=live:off
[  6325.287] -> hb:2075 sess=4 getdisp=4 relay=4 txn=245504 vic=live:off
[  6328.309] -> hb:2076 sess=4 getdisp=4 relay=4 txn=245504 vic=live:off
[  6331.335] -> hb:2077 sess=4 getdisp=4 relay=4 txn=245504 vic=live:off
[  6334.359] -> hb:2078 sess=4 getdisp=4 relay=4 txn=245504 vic=live:off
[  6337.384] -> hb:2079 sess=4 getdisp=4 relay=4 txn=245504 vic=live:off
[  6340.410] -> hb:2080 sess=4 getdisp=4 relay=4 txn=245504 vic=live:off
[  6343.433] -> hb:2081 sess=4 getdisp=4 relay=4 txn=245504 vic=live:off
[  6346.456] -> hb:2082 sess=4 getdisp=4 relay=4 txn=245504 vic=live:off
[  6349.481] -> hb:2083 sess=4 getdisp=4 relay=4 txn=245504 vic=live:off
[  6352.504] -> hb:2084 sess=4 getdisp=4 relay=4 txn=245504 vic=live:off
[  6355.526] -> hb:2085 sess=4 getdisp=4 relay=4 txn=245504 vic=live:off
[  6358.556] -> hb:2086 sess=4 getdisp=4 relay=4 txn=245504 vic=live:off
[  6361.581] -> hb:2087 sess=4 getdisp=4 relay=4 txn=245504 vic=live:off
[  6364.606] -> hb:2088 sess=4 getdisp=4 relay=4 txn=245504 vic=live:off
[  6367.631] -> hb:2089 sess=4 getdisp=4 relay=4 txn=245504 vic=live:off
[  6370.655] -> hb:2090 sess=4 getdisp=4 relay=4 txn=245504 vic=live:off
[  6373.681] -> hb:2091 sess=4 getdisp=4 relay=4 txn=245504 vic=live:off
[  6376.710] -> hb:2092 sess=4 getdisp=4 relay=4 txn=245504 vic=live:off
[  6379.733] -> hb:2093 sess=4 getdisp=4 relay=4 txn=245504 vic=live:off
[  6382.756] -> hb:2094 sess=4 getdisp=4 relay=4 txn=245504 vic=live:off
[  6385.781] -> hb:2095 sess=4 getdisp=4 relay=4 txn=245504 vic=live:off
[  6388.805] -> hb:2096 sess=4 getdisp=4 relay=4 txn=245504 vic=live:off
[  6391.834] -> hb:2097 sess=4 getdisp=4 relay=4 txn=245504 vic=live:off
[  6394.857] -> hb:2098 sess=4 getdisp=4 relay=4 txn=245504 vic=live:off
[  6397.886] -> hb:2099 sess=4 getdisp=4 relay=4 txn=245504 vic=live:off
[  6400.909] -> hb:2100 sess=4 getdisp=4 relay=4 txn=245504 vic=live:off
[  6403.936] -> hb:2101 sess=4 getdisp=4 relay=4 txn=245504 vic=live:off
[  6406.959] -> hb:2102 sess=4 getdisp=4 relay=4 txn=245504 vic=live:off
[  6409.988] -> hb:2103 sess=4 getdisp=4 relay=4 txn=245504 vic=live:off
[  6413.014] -> hb:2104 sess=4 getdisp=4 relay=4 txn=245504 vic=live:off
[  6416.037] -> hb:2105 sess=4 getdisp=4 relay=4 txn=245504 vic=live:off
[  6419.059] -> hb:2106 sess=4 getdisp=4 relay=4 txn=245504 vic=live:off
[  6422.084] -> hb:2107 sess=4 getdisp=4 relay=4 txn=245504 vic=live:off
[  6425.107] -> hb:2108 sess=4 getdisp=4 relay=4 txn=245504 vic=live:off
[  6428.137] -> hb:2109 sess=4 getdisp=4 relay=4 txn=245504 vic=live:off
[  6431.160] -> hb:2110 sess=4 getdisp=4 relay=4 txn=245504 vic=live:off
[  6434.186] -> hb:2111 sess=4 getdisp=4 relay=4 txn=245504 vic=live:off
[  6437.209] -> hb:2112 sess=4 getdisp=4 relay=4 txn=245504 vic=live:off
[  6440.236] -> hb:2113 sess=4 getdisp=4 relay=4 txn=245504 vic=live:off
[  6443.259] -> hb:2114 sess=4 getdisp=4 relay=4 txn=245504 vic=live:off
[  6446.290] -> hb:2115 sess=4 getdisp=4 relay=4 txn=245504 vic=live:off
[  6449.318] -> hb:2116 sess=4 getdisp=4 relay=4 txn=245504 vic=live:off
[  6452.340] -> hb:2117 sess=4 getdisp=4 relay=4 txn=245504 vic=live:off
[  6455.365] -> hb:2118 sess=4 getdisp=4 relay=4 txn=245504 vic=live:off
[  6458.388] -> hb:2119 sess=4 getdisp=4 relay=4 txn=245504 vic=live:off
[  6461.414] -> hb:2120 sess=4 getdisp=4 relay=4 txn=245504 vic=live:off
[  6464.442] -> hb:2121 sess=4 getdisp=4 relay=4 txn=245504 vic=live:off
[  6467.468] -> hb:2122 sess=4 getdisp=4 relay=4 txn=245504 vic=live:off
[  6470.491] -> hb:2123 sess=4 getdisp=4 relay=4 txn=245504 vic=live:off
[  6473.515] -> hb:2124 sess=4 getdisp=4 relay=4 txn=245504 vic=live:off
[  6476.538] -> hb:2125 sess=4 getdisp=4 relay=4 txn=245504 vic=live:off
[  6479.565] -> hb:2126 sess=4 getdisp=4 relay=4 txn=245504 vic=live:off
[  6482.592] -> hb:2127 sess=4 getdisp=4 relay=4 txn=245504 vic=live:off
[  6485.620] -> hb:2128 sess=4 getdisp=4 relay=4 txn=245504 vic=live:off
[  6488.642] -> hb:2129 sess=4 getdisp=4 relay=4 txn=245504 vic=live:off
[  6491.668] -> hb:2130 sess=4 getdisp=4 relay=4 txn=245504 vic=live:off
[  6494.691] -> hb:2131 sess=4 getdisp=4 relay=4 txn=245504 vic=live:off
[  6497.723] -> hb:2132 sess=4 getdisp=4 relay=4 txn=245504 vic=live:off
[  6500.748] -> hb:2133 sess=4 getdisp=4 relay=4 txn=245504 vic=live:off
[  6503.772] -> hb:2134 sess=4 getdisp=4 relay=4 txn=245504 vic=live:off
[  6506.815] -> hb:2135 sess=4 getdisp=4 relay=4 txn=245504 vic=live:off
[  6509.902] -> hb:2136 sess=4 getdisp=4 relay=4 txn=245504 vic=live:off
[  6512.957] -> hb:2137 sess=4 getdisp=4 relay=4 txn=245504 vic=live:off
[  6516.044] -> hb:2138 sess=4 getdisp=4 relay=4 txn=245504 vic=live:off
[  6519.100] -> hb:2139 sess=4 getdisp=4 relay=4 txn=245504 vic=live:off
[  6522.184] -> hb:2140 sess=4 getdisp=4 relay=4 txn=245504 vic=live:off
[  6525.236] -> hb:2141 sess=4 getdisp=4 relay=4 txn=245504 vic=live:off
[  6528.258] -> hb:2142 sess=4 getdisp=4 relay=4 txn=245504 vic=live:off
[  6531.281] -> hb:2143 sess=4 getdisp=4 relay=4 txn=245504 vic=live:off
[  6534.308] -> hb:2144 sess=4 getdisp=4 relay=4 txn=245504 vic=live:off
[  6537.331] -> hb:2145 sess=4 getdisp=4 relay=4 txn=245504 vic=live:off
[  6540.356] -> hb:2146 sess=4 getdisp=4 relay=4 txn=245504 vic=live:off
[  6543.379] -> hb:2147 sess=4 getdisp=4 relay=4 txn=245504 vic=live:off
[  6546.405] -> hb:2148 sess=4 getdisp=4 relay=4 txn=245504 vic=live:off
[  6549.426] -> hb:2149 sess=4 getdisp=4 relay=4 txn=245504 vic=live:off
[  6552.458] -> hb:2150 sess=4 getdisp=4 relay=4 txn=245504 vic=live:off
[  6555.481] -> hb:2151 sess=4 getdisp=4 relay=4 txn=245504 vic=live:off
[  6558.505] -> hb:2152 sess=4 getdisp=4 relay=4 txn=245504 vic=live:off
[  6561.526] -> hb:2153 sess=4 getdisp=4 relay=4 txn=245504 vic=live:off
[  6564.552] -> hb:2154 sess=4 getdisp=4 relay=4 txn=245504 vic=live:off
[  6567.573] -> hb:2155 sess=4 getdisp=4 relay=4 txn=245504 vic=live:off
[  6570.602] -> hb:2156 sess=4 getdisp=4 relay=4 txn=245504 vic=live:off
[  6573.622] -> hb:2157 sess=4 getdisp=4 relay=4 txn=245504 vic=live:off
[  6576.658] -> hb:2158 sess=4 getdisp=4 relay=4 txn=245504 vic=live:off
[  6579.681] -> hb:2159 sess=4 getdisp=4 relay=4 txn=245504 vic=live:off
[  6582.705] -> hb:2160 sess=4 getdisp=4 relay=4 txn=245504 vic=live:off
[  6585.726] -> hb:2161 sess=4 getdisp=4 relay=4 txn=245504 vic=live:off
[  6588.752] -> hb:2162 sess=4 getdisp=4 relay=4 txn=245504 vic=live:off
[  6591.773] -> hb:2163 sess=4 getdisp=4 relay=4 txn=245504 vic=live:off
[  6594.798] -> hb:2164 sess=4 getdisp=4 relay=4 txn=245504 vic=live:off
[  6597.819] -> hb:2165 sess=4 getdisp=4 relay=4 txn=245504 vic=live:off
[  6600.844] -> hb:2166 sess=4 getdisp=4 relay=4 txn=245504 vic=live:off
[  6603.865] -> hb:2167 sess=4 getdisp=4 relay=4 txn=245504 vic=live:off
[  6606.888] -> hb:2168 sess=4 getdisp=4 relay=4 txn=245504 vic=live:off
[  6609.910] -> hb:2169 sess=4 getdisp=4 relay=4 txn=245504 vic=live:off
[  6612.935] -> hb:2170 sess=4 getdisp=4 relay=4 txn=245504 vic=live:off
[  6615.956] -> hb:2171 sess=4 getdisp=4 relay=4 txn=245504 vic=live:off
[  6618.984] -> hb:2172 sess=4 getdisp=4 relay=4 txn=245504 vic=live:off
[  6622.006] -> hb:2173 sess=4 getdisp=4 relay=4 txn=245504 vic=live:off
[  6625.032] -> hb:2174 sess=4 getdisp=4 relay=4 txn=245504 vic=live:off
[  6628.054] -> hb:2175 sess=4 getdisp=4 relay=4 txn=245504 vic=live:off
[  6631.078] -> hb:2176 sess=4 getdisp=4 relay=4 txn=245504 vic=live:off
[  6634.103] -> hb:2177 sess=4 getdisp=4 relay=4 txn=245504 vic=live:off
[  6637.127] -> hb:2178 sess=4 getdisp=4 relay=4 txn=245504 vic=live:off
[  6640.148] -> hb:2179 sess=4 getdisp=4 relay=4 txn=245504 vic=live:off
[  6643.171] -> hb:2180 sess=4 getdisp=4 relay=4 txn=245504 vic=live:off
[  6646.192] -> hb:2181 sess=4 getdisp=4 relay=4 txn=245504 vic=live:off
[  6649.225] -> hb:2182 sess=4 getdisp=4 relay=4 txn=245504 vic=live:off
[  6652.248] -> hb:2183 sess=4 getdisp=4 relay=4 txn=245504 vic=live:off
[  6655.272] -> hb:2184 sess=4 getdisp=4 relay=4 txn=245504 vic=live:off
[  6658.292] -> hb:2185 sess=4 getdisp=4 relay=4 txn=245504 vic=live:off
[  6661.319] -> hb:2186 sess=4 getdisp=4 relay=4 txn=245504 vic=live:off
[  6664.340] -> hb:2187 sess=4 getdisp=4 relay=4 txn=245504 vic=live:off
[  6667.368] -> hb:2188 sess=4 getdisp=4 relay=4 txn=245504 vic=live:off
[  6670.398] -> hb:2189 sess=4 getdisp=4 relay=4 txn=245504 vic=live:off
[  6673.421] -> hb:2190 sess=4 getdisp=4 relay=4 txn=245504 vic=live:off
[  6676.443] -> hb:2191 sess=4 getdisp=4 relay=4 txn=245504 vic=live:off
[  6679.469] -> hb:2192 sess=4 getdisp=4 relay=4 txn=245504 vic=live:off
[  6682.489] -> hb:2193 sess=4 getdisp=4 relay=4 txn=245504 vic=live:off
[  6685.515] -> hb:2194 sess=4 getdisp=4 relay=4 txn=245504 vic=live:off
[  6688.536] -> hb:2195 sess=4 getdisp=4 relay=4 txn=245504 vic=live:off
[  6691.559] -> hb:2196 sess=4 getdisp=4 relay=4 txn=245504 vic=live:off
[  6694.582] -> hb:2197 sess=4 getdisp=4 relay=4 txn=245504 vic=live:off
[  6697.608] -> hb:2198 sess=4 getdisp=4 relay=4 txn=245504 vic=live:off
[  6700.631] -> hb:2199 sess=4 getdisp=4 relay=4 txn=245504 vic=live:off
[  6703.655] -> hb:2200 sess=4 getdisp=4 relay=4 txn=245504 vic=live:off
[  6706.676] -> hb:2201 sess=4 getdisp=4 relay=4 txn=245504 vic=live:off
[  6709.702] -> hb:2202 sess=4 getdisp=4 relay=4 txn=245504 vic=live:off
[  6712.723] -> hb:2203 sess=4 getdisp=4 relay=4 txn=245504 vic=live:off
[  6715.749] -> hb:2204 sess=4 getdisp=4 relay=4 txn=245504 vic=live:off
[  6718.770] -> hb:2205 sess=4 getdisp=4 relay=4 txn=245504 vic=live:off
[  6721.794] -> hb:2206 sess=4 getdisp=4 relay=4 txn=245504 vic=live:off
[  6724.819] -> hb:2207 sess=4 getdisp=4 relay=4 txn=245504 vic=live:off
[  6727.849] -> hb:2208 sess=4 getdisp=4 relay=4 txn=245504 vic=live:off
[  6730.870] -> hb:2209 sess=4 getdisp=4 relay=4 txn=245504 vic=live:off
[  6733.894] -> hb:2210 sess=4 getdisp=4 relay=4 txn=245504 vic=live:off
[  6736.915] -> hb:2211 sess=4 getdisp=4 relay=4 txn=245504 vic=live:off
[  6739.941] -> hb:2212 sess=4 getdisp=4 relay=4 txn=245504 vic=live:off
[  6742.964] -> hb:2213 sess=4 getdisp=4 relay=4 txn=245504 vic=live:off
[  6746.045] -> hb:2214 sess=4 getdisp=4 relay=4 txn=245504 vic=live:off
[  6749.103] -> hb:2215 sess=4 getdisp=4 relay=4 txn=245504 vic=live:off
[  6752.185] -> hb:2216 sess=4 getdisp=4 relay=4 txn=245504 vic=live:off
[  6755.238] -> hb:2217 sess=4 getdisp=4 relay=4 txn=245504 vic=live:off
[  6758.318] -> hb:2218 sess=4 getdisp=4 relay=4 txn=245504 vic=live:off
[  6761.375] -> hb:2219 sess=4 getdisp=4 relay=4 txn=245504 vic=live:off
[  6764.419] -> hb:2220 sess=4 getdisp=4 relay=4 txn=245504 vic=live:off
[  6767.439] -> hb:2221 sess=4 getdisp=4 relay=4 txn=245504 vic=live:off
[  6770.467] -> hb:2222 sess=4 getdisp=4 relay=4 txn=245504 vic=live:off
[  6773.489] -> hb:2223 sess=4 getdisp=4 relay=4 txn=245504 vic=live:off
[  6776.516] -> hb:2224 sess=4 getdisp=4 relay=4 txn=245504 vic=live:off
[  6779.537] -> hb:2225 sess=4 getdisp=4 relay=4 txn=245504 vic=live:off
[  6782.561] -> hb:2226 sess=4 getdisp=4 relay=4 txn=245504 vic=live:off
[  6785.584] -> hb:2227 sess=4 getdisp=4 relay=4 txn=245504 vic=live:off
[  6788.631] -> hb:2228 sess=4 getdisp=4 relay=4 txn=245504 vic=live:off
[  6791.653] -> hb:2229 sess=4 getdisp=4 relay=4 txn=245504 vic=live:off
[  6794.675] -> hb:2230 sess=4 getdisp=4 relay=4 txn=245504 vic=live:off
[  6797.698] -> hb:2231 sess=4 getdisp=4 relay=4 txn=245504 vic=live:off
[  6800.721] -> hb:2232 sess=4 getdisp=4 relay=4 txn=245504 vic=live:off
[  6803.742] -> hb:2233 sess=4 getdisp=4 relay=4 txn=245504 vic=live:off
[  6806.769] -> hb:2234 sess=4 getdisp=4 relay=4 txn=245504 vic=live:off
[  6809.798] -> hb:2235 sess=4 getdisp=4 relay=4 txn=245504 vic=live:off
[  6812.822] -> hb:2236 sess=4 getdisp=4 relay=4 txn=245504 vic=live:off
[  6815.842] -> hb:2237 sess=4 getdisp=4 relay=4 txn=245504 vic=live:off
[  6818.868] -> hb:2238 sess=4 getdisp=4 relay=4 txn=245504 vic=live:off
[  6821.889] -> hb:2239 sess=4 getdisp=4 relay=4 txn=245504 vic=live:off
[  6824.918] -> hb:2240 sess=4 getdisp=4 relay=4 txn=245504 vic=live:off
[  6827.939] -> hb:2241 sess=4 getdisp=4 relay=4 txn=245504 vic=live:off
[  6830.966] -> hb:2242 sess=4 getdisp=4 relay=4 txn=245504 vic=live:off
[  6833.987] -> hb:2243 sess=4 getdisp=4 relay=4 txn=245504 vic=live:off
[  6837.016] -> hb:2244 sess=4 getdisp=4 relay=4 txn=245504 vic=live:off
[  6840.038] -> hb:2245 sess=4 getdisp=4 relay=4 txn=245504 vic=live:off
[  6843.065] -> hb:2246 sess=4 getdisp=4 relay=4 txn=245504 vic=live:off
[  6846.086] -> hb:2247 sess=4 getdisp=4 relay=4 txn=245504 vic=live:off
[  6849.108] -> hb:2248 sess=4 getdisp=4 relay=4 txn=245504 vic=live:off
[  6852.134] -> hb:2249 sess=4 getdisp=4 relay=4 txn=245504 vic=live:off
[  6855.158] -> hb:2250 sess=4 getdisp=4 relay=4 txn=245504 vic=live:off
[  6858.181] -> hb:2251 sess=4 getdisp=4 relay=4 txn=245504 vic=live:off
[  6861.205] -> hb:2252 sess=4 getdisp=4 relay=4 txn=245504 vic=live:off
[  6864.226] -> hb:2253 sess=4 getdisp=4 relay=4 txn=245504 vic=live:off
[  6867.252] -> hb:2254 sess=4 getdisp=4 relay=4 txn=245504 vic=live:off
[  6870.274] -> hb:2255 sess=4 getdisp=4 relay=4 txn=245504 vic=live:off
[  6873.301] -> hb:2256 sess=4 getdisp=4 relay=4 txn=245504 vic=live:off
[  6876.323] -> hb:2257 sess=4 getdisp=4 relay=4 txn=245504 vic=live:off
[  6879.351] -> hb:2258 sess=4 getdisp=4 relay=4 txn=245504 vic=live:off
[  6882.373] -> hb:2259 sess=4 getdisp=4 relay=4 txn=245504 vic=live:off
[  6885.401] -> hb:2260 sess=4 getdisp=4 relay=4 txn=245504 vic=live:off
[  6888.425] -> hb:2261 sess=4 getdisp=4 relay=4 txn=245504 vic=live:off
[  6891.451] -> hb:2262 sess=4 getdisp=4 relay=4 txn=245504 vic=live:off
[  6894.473] -> hb:2263 sess=4 getdisp=4 relay=4 txn=245504 vic=live:off
[  6897.501] -> hb:2264 sess=4 getdisp=4 relay=4 txn=245504 vic=live:off
[  6900.523] -> hb:2265 sess=4 getdisp=4 relay=4 txn=245504 vic=live:off
[  6903.548] -> hb:2266 sess=4 getdisp=4 relay=4 txn=245504 vic=live:off
[  6906.570] -> hb:2267 sess=4 getdisp=4 relay=4 txn=245504 vic=live:off
[  6909.594] -> hb:2268 sess=4 getdisp=4 relay=4 txn=245504 vic=live:off
[  6912.617] -> hb:2269 sess=4 getdisp=4 relay=4 txn=245504 vic=live:off
[  6915.641] -> hb:2270 sess=4 getdisp=4 relay=4 txn=245504 vic=live:off
[  6918.664] -> hb:2271 sess=4 getdisp=4 relay=4 txn=245504 vic=live:off
[  6921.688] -> hb:2272 sess=4 getdisp=4 relay=4 txn=245504 vic=live:off
[  6924.709] -> hb:2273 sess=4 getdisp=4 relay=4 txn=245504 vic=live:off
[  6927.735] -> hb:2274 sess=4 getdisp=4 relay=4 txn=245504 vic=live:off
[  6930.757] -> hb:2275 sess=4 getdisp=4 relay=4 txn=245504 vic=live:off
[  6933.784] -> hb:2276 sess=4 getdisp=4 relay=4 txn=245504 vic=live:off
[  6936.806] -> hb:2277 sess=4 getdisp=4 relay=4 txn=245504 vic=live:off
[  6939.834] -> hb:2278 sess=4 getdisp=4 relay=4 txn=245504 vic=live:off
[  6942.856] -> hb:2279 sess=4 getdisp=4 relay=4 txn=245504 vic=live:off
[  6945.882] -> hb:2280 sess=4 getdisp=4 relay=4 txn=245504 vic=live:off
[  6948.904] -> hb:2281 sess=4 getdisp=4 relay=4 txn=245504 vic=live:off
[  6951.929] -> hb:2282 sess=4 getdisp=4 relay=4 txn=245504 vic=live:off
[  6954.953] -> hb:2283 sess=4 getdisp=4 relay=4 txn=245504 vic=live:off
[  6957.977] -> hb:2284 sess=4 getdisp=4 relay=4 txn=245504 vic=live:off
[  6961.897] -> hb:2285 sess=4 getdisp=4 relay=4 txn=245504 vic=live:off
[  6964.921] -> hb:2286 sess=4 getdisp=4 relay=4 txn=245504 vic=live:off
[  6967.939] -> hb:2287 sess=4 getdisp=4 relay=4 txn=245504 vic=live:off
[  6970.960] -> hb:2288 sess=4 getdisp=4 relay=4 txn=245504 vic=live:off
[  6973.980] -> hb:2289 sess=4 getdisp=4 relay=4 txn=245504 vic=live:off
[  6977.035] -> hb:2290 sess=4 getdisp=4 relay=4 txn=245504 vic=live:off
[  6980.103] -> hb:2291 sess=4 getdisp=4 relay=4 txn=245504 vic=live:off
[  6983.180] -> hb:2292 sess=4 getdisp=4 relay=4 txn=245504 vic=live:off
[  6986.235] -> hb:2293 sess=4 getdisp=4 relay=4 txn=245504 vic=live:off
[  6989.313] -> hb:2294 sess=4 getdisp=4 relay=4 txn=245504 vic=live:off
[  6992.373] -> hb:2295 sess=4 getdisp=4 relay=4 txn=245504 vic=live:off
[  6995.410] -> hb:2296 sess=4 getdisp=4 relay=4 txn=245504 vic=live:off
[  7008.917] -> hb:2297 sess=4 getdisp=4 relay=4 txn=245504 vic=live:off
[  7011.937] -> hb:2298 sess=4 getdisp=4 relay=4 txn=245504 vic=live:off
[  7014.957] -> hb:2299 sess=4 getdisp=4 relay=4 txn=245504 vic=live:off
[  7017.978] -> hb:2300 sess=4 getdisp=4 relay=4 txn=245504 vic=live:off
[  7020.998] -> hb:2301 sess=4 getdisp=4 relay=4 txn=245504 vic=live:off
[  7024.019] -> hb:2302 sess=4 getdisp=4 relay=4 txn=245504 vic=live:off
[  7027.039] -> hb:2303 sess=4 getdisp=4 relay=4 txn=245504 vic=live:off
[  7030.065] -> hb:2304 sess=4 getdisp=4 relay=4 txn=245504 vic=live:off
[  7033.086] -> hb:2305 sess=4 getdisp=4 relay=4 txn=245504 vic=live:off
[  7036.108] -> hb:2306 sess=4 getdisp=4 relay=4 txn=245504 vic=live:off
[  7039.126] -> hb:2307 sess=4 getdisp=4 relay=4 txn=245504 vic=live:off
[  7042.149] -> hb:2308 sess=4 getdisp=4 relay=4 txn=245504 vic=live:off
[  7045.168] -> hb:2309 sess=4 getdisp=4 relay=4 txn=245504 vic=live:off
[  7048.190] -> hb:2310 sess=4 getdisp=4 relay=4 txn=245504 vic=live:off
[  7051.209] -> hb:2311 sess=4 getdisp=4 relay=4 txn=245504 vic=live:off
[  7054.231] -> hb:2312 sess=4 getdisp=4 relay=4 txn=245504 vic=live:off
[  7057.250] -> hb:2313 sess=4 getdisp=4 relay=4 txn=245504 vic=live:off
[  7060.272] -> hb:2314 sess=4 getdisp=4 relay=4 txn=245504 vic=live:off
[  7090.418] -> hb:2315 sess=4 getdisp=4 relay=4 txn=245504 vic=live:off
[  7093.441] -> hb:2316 sess=4 getdisp=4 relay=4 txn=245504 vic=live:off
[  7096.461] -> hb:2317 sess=4 getdisp=4 relay=4 txn=245504 vic=live:off
[  7099.483] -> hb:2318 sess=4 getdisp=4 relay=4 txn=245504 vic=live:off
[  7102.502] -> hb:2319 sess=4 getdisp=4 relay=4 txn=245504 vic=live:off
[  7105.524] -> hb:2320 sess=4 getdisp=4 relay=4 txn=245504 vic=live:off
[  7108.543] -> hb:2321 sess=4 getdisp=4 relay=4 txn=245504 vic=live:off
[  7111.566] -> hb:2322 sess=4 getdisp=4 relay=4 txn=245504 vic=live:off
[  7114.585] -> hb:2323 sess=4 getdisp=4 relay=4 txn=245504 vic=live:off
[  7117.612] -> hb:2324 sess=4 getdisp=4 relay=4 txn=245504 vic=live:off
[  7120.631] -> hb:2325 sess=4 getdisp=4 relay=4 txn=245504 vic=live:off
[  7123.655] -> hb:2326 sess=4 getdisp=4 relay=4 txn=245504 vic=live:off
[  7126.674] -> hb:2327 sess=4 getdisp=4 relay=4 txn=245504 vic=live:off
[  7129.696] -> hb:2328 sess=4 getdisp=4 relay=4 txn=245504 vic=live:off
[  7132.715] -> hb:2329 sess=4 getdisp=4 relay=4 txn=245504 vic=live:off
[  7135.737] -> hb:2330 sess=4 getdisp=4 relay=4 txn=245504 vic=live:off
[  7138.756] -> hb:2331 sess=4 getdisp=4 relay=4 txn=245504 vic=live:off
[  7141.778] -> hb:2332 sess=4 getdisp=4 relay=4 txn=245504 vic=live:off
[  7278.189] -> hb:2333 sess=4 getdisp=4 relay=4 txn=245504 vic=live:off
[  7281.212] -> hb:2334 sess=4 getdisp=4 relay=4 txn=245504 vic=live:off
[  7284.231] -> hb:2335 sess=4 getdisp=4 relay=4 txn=245504 vic=live:off
[  7287.253] -> hb:2336 sess=4 getdisp=4 relay=4 txn=245504 vic=live:off
[  7290.272] -> hb:2337 sess=4 getdisp=4 relay=4 txn=245504 vic=live:off
[  7293.293] -> hb:2338 sess=4 getdisp=4 relay=4 txn=245504 vic=live:off
[  7304.813] -> hb:2339 sess=4 getdisp=4 relay=4 txn=245504 vic=live:off
[  7571.923] -> hb:2340 sess=4 getdisp=4 relay=4 txn=245504 vic=live:off
[  7574.954] -> hb:2341 sess=4 getdisp=4 relay=4 txn=245504 vic=live:off
[  7577.983] -> hb:2342 sess=4 getdisp=4 relay=4 txn=245504 vic=live:off
[  7581.013] -> hb:2343 sess=4 getdisp=4 relay=4 txn=245504 vic=live:off
[  7584.045] -> hb:2344 sess=4 getdisp=4 relay=4 txn=245504 vic=live:off
[  7587.079] -> hb:2345 sess=4 getdisp=4 relay=4 txn=245504 vic=live:off
