Atmosphère Crash Report (v1.7):
Result:                          0xCA8 (2168-0006)

Process Info:
    Process Name:                Application
    Program ID:                  0100152000022000
    Process ID:                  000000000000008f
    Process Flags:               00000077
    User Exception Address:      0000005217cd5000
Exception Info:
    Type:                        User Break
    Address:                     000000140d4fe5d8 (nnSdk + 0xb15d8)
    Break Reason:                0x0
    Break Address:               0000000000000000
    Break Size:                  0x0
Crashed Thread Info:
    Thread ID:                   00000000000002ab
    Thread Name:                 ControllerAppletThread
    Stack Region:                0000001b0eade000-0000001b0eae0000
    Registers:
        X[00]:                   0000000000000000
        X[01]:                   0000000000000000
        X[02]:                   0000000000000000
        X[03]:                   0000000000000000
        X[04]:                   0000000000000000
        X[05]:                   0000000000000000
        X[06]:                   0000000000000000
        X[07]:                   0000000000000000
        X[08]:                   0000000000000000
        X[09]:                   0000000000000000
        X[10]:                   0000000000000000
        X[11]:                   0000000000000000
        X[12]:                   0000000000000000
        X[13]:                   0000000000000000
        X[14]:                   0000000000000000
        X[15]:                   0000000000000000
        X[16]:                   0000000000000000
        X[17]:                   0000000000000000
        X[18]:                   0000000000000000
        X[19]:                   0000000000000000
        X[20]:                   0000000000000000
        X[21]:                   0000000000000000
        X[22]:                   0000000000000000
        X[23]:                   0000000000000000
        X[24]:                   0000000000000000
        X[25]:                   0000000000000000
        X[26]:                   0000000000000000
        X[27]:                   0000000000000000
        X[28]:                   0000000000000000
        FP:                      0000001b0eadfcd0
        LR:                      000000140d4926dc (nnSdk + 0x456dc) (_ZN2nn4diag6detail5AbortEv + 0x18)
        SP:                      0000001b0eadfcd0
        PC:                      000000140d4fe5d4 (nnSdk + 0xb15d4)
    Stack Trace:
        ReturnAddress[00]:       000000140d4914a8 (nnSdk + 0x444a8) (_ZN2nn4diag6detail9AbortImplEPKcS3_S3_iPKNS_6ResultEPKNS_2os17UserExceptionInfoES3_z + 0x0)
        ReturnAddress[01]:       000000140d491560 (nnSdk + 0x44560) (_ZN2nn4diag6detail9AbortImplEPKcS3_S3_iS3_z + 0x0)
        ReturnAddress[02]:       000000140d4915f0 (nnSdk + 0x445f0) (_ZN2nn4diag6detail18OnAssertionFailureENS0_13AssertionTypeEPKcS4_S4_iS4_z + 0x0)
        ReturnAddress[03]:       000000140d601a00 (nnSdk + 0x1b4a00) (_ZN2nn2la22StartLibraryAppletEasyENS_6applet8AppletIdERKNS0_21CommonArgumentsWriterEPKvmPvmPmb + 0x0)
        ReturnAddress[04]:       000000140d69bf70 (nnSdk + 0x24ef70) (_ZN2nn3hid6detail25ShowControllerSupportCoreEPNS0_27ControllerSupportResultInfoERKNS0_20ControllerSupportArgERKNS0_6system27Con + 0xc0)
        ReturnAddress[05]:       000000140d69c1dc (nnSdk + 0x24f1dc) (_ZN2nn3hid21ShowControllerSupportEPNS0_27ControllerSupportResultInfoERKNS0_20ControllerSupportArgE + 0x48)
        ReturnAddress[06]:       000000140c271bec (TurboS.nss + 0x86dbec)
        ReturnAddress[07]:       000000140c029b34 (TurboS.nss + 0x625b34)
        ReturnAddress[08]:       000000140c0293cc (TurboS.nss + 0x6253cc)
        ReturnAddress[09]:       000000140d4deb48 (nnSdk + 0x91b48)
        ReturnAddress[10]:       000000140d4e2b24 (nnSdk + 0x95b24)
        ReturnAddress[11]:       0000000000000000
    Stack Dump:                               00 01 02 03 04 05 06 07 08 09 0a 0b 0c 0d 0e 0f
                                 001b0eadfcd0 70 fd ad 0e 1b 00 00 00 a8 14 49 0d 14 00 00 00
                                 001b0eadfce0 03 00 00 00 14 00 00 00 50 fd ad 0e 1b 00 00 00
                                 001b0eadfcf0 c0 46 be 0d 14 00 00 00 c0 46 be 0d 14 00 00 00
                                 001b0eadfd00 c0 46 be 0d 14 00 00 00 00 00 00 00 00 00 00 00
                                 001b0eadfd10 00 00 00 00 00 00 00 00 00 00 00 00 00 00 00 00
                                 001b0eadfd20 03 00 00 00 14 00 00 00 50 fd ad 0e 1b 00 00 00
                                 001b0eadfd30 c0 46 be 0d 14 00 00 00 c0 46 be 0d 14 00 00 00
                                 001b0eadfd40 c0 46 be 0d 14 00 00 00 00 00 00 00 00 00 00 00
                                 001b0eadfd50 c0 46 be 0d 14 00 00 00 10 fe ad 0e 1b 00 00 00
                                 001b0eadfd60 a5 11 ec 62 27 00 00 00 20 c7 df 0d 14 00 00 00
                                 001b0eadfd70 30 fe ad 0e 1b 00 00 00 60 15 49 0d 14 00 00 00
                                 001b0eadfd80 00 00 00 00 00 00 00 00 00 00 00 00 00 00 00 00
                                 001b0eadfd90 00 00 00 00 00 00 00 00 00 00 00 00 00 00 00 00
                                 001b0eadfda0 00 00 00 00 00 00 00 00 00 00 00 00 00 00 00 00
                                 001b0eadfdb0 00 00 00 00 00 00 00 00 00 00 00 00 00 00 00 00
                                 001b0eadfdc0 00 00 00 00 00 00 00 00 00 00 00 00 00 00 00 00
    TLS Address:                 00000051d6e5ca00
    TLS Dump:                                 00 01 02 03 04 05 06 07 08 09 0a 0b 0c 0d 0e 0f
                                 0051d6e5ca00 00 00 00 00 0c 00 00 00 00 00 00 00 00 00 00 00
                                 0051d6e5ca10 00 00 00 00 00 00 00 00 00 00 00 00 00 00 00 00
                                 0051d6e5ca20 53 46 43 4f 00 00 00 00 00 00 00 00 0e 61 f9 21
                                 0051d6e5ca30 00 00 00 00 00 00 00 00 0a 00 00 00 00 00 00 00
                                 0051d6e5ca40 00 00 00 00 00 00 00 00 00 00 00 00 00 00 00 00
                                 0051d6e5ca50 00 00 00 00 00 00 00 00 00 00 00 00 00 00 00 00
                                 0051d6e5ca60 00 00 00 00 00 00 00 00 00 00 00 00 00 00 00 00
                                 0051d6e5ca70 00 00 00 00 00 00 00 00 00 00 00 00 00 00 00 00
                                 0051d6e5ca80 00 00 00 00 00 00 00 00 00 00 00 00 00 00 00 00
                                 0051d6e5ca90 00 00 00 00 00 00 00 00 00 00 00 00 00 00 00 00
                                 0051d6e5caa0 00 00 00 00 00 00 00 00 00 00 00 00 00 00 00 00
                                 0051d6e5cab0 00 00 00 00 00 00 00 00 00 00 00 00 00 00 00 00
                                 0051d6e5cac0 00 00 00 00 00 00 00 00 00 00 00 00 00 00 00 00
                                 0051d6e5cad0 00 00 00 00 00 00 00 00 00 00 00 00 00 00 00 00
                                 0051d6e5cae0 00 00 00 00 00 00 00 00 00 00 00 00 00 00 00 00
                                 0051d6e5caf0 00 00 00 00 00 00 00 00 00 00 00 00 00 00 00 00
Module Info:
    Number of Modules:           05
    Module 00:
        Address:                 000000140ba00000-000000140ba02000
        Name:                    nnrtld
        Module Id:               D33817C0C763D8FAF97D9A6534C19DB231FF7271000000000000000000000000
    Module 01:
        Address:                 000000140ba04000-000000140c556000
        Name:                    TurboS.nss
        Module Id:               FE941ED5BA14BE5D505698DA1BBF4FE753444B204D572B4E696E74656E646F2B
    Module 02:
        Address:                 000000140cd67000-000000140d072000
        Name:                    multimedia
        Module Id:               D9DE423EFC1512328C3C05378C7CB03173FACDE353444B204D572B4E696E7465
    Module 03:
        Address:                 000000140d44d000-000000140d85c000
        Name:                    nnSdk
        Module Id:               BA520906609C503227871A314A94FB5F6CCBE44453444B204D572B4E696E7465
    Module 04:
        Address:                 000000140b800000-000000140b819000
        Name:                    saltynx_core
        Module Id:               FCECC093A394F462B3EC65369D7B4F5D84F47EC1000000000000000000000000
Thread Report:
Number of Threads:               47
Threads[00]:
    Thread ID:                   000000000000028c
    Thread Name:                 MainThread
    Stack Region:                0000001b51aa5000-0000001b51ba5000
    Registers:
        X[00]:                   0000001b51ba4c38
        X[01]:                   0000001b51ba4c3c
        X[02]:                   0000000000000001
        X[03]:                   ffffffffffffffff
        X[04]:                   0000000000000000
        X[05]:                   0000000000000000
        X[06]:                   0000000000000000
        X[07]:                   0000000000000000
        X[08]:                   0000000000000000
        X[09]:                   0000000000000000
        X[10]:                   0000000000000000
        X[11]:                   0000000000000000
        X[12]:                   0000000000000000
        X[13]:                   0000000000000000
        X[14]:                   0000000000000000
        X[15]:                   0000000000000000
        X[16]:                   0000000000000000
        X[17]:                   0000000000000000
        X[18]:                   0000000000000000
        X[19]:                   0000000000000000
        X[20]:                   0000000000000000
        X[21]:                   0000000000000000
        X[22]:                   0000000000000000
        X[23]:                   0000000000000000
        X[24]:                   0000000000000000
        X[25]:                   0000000000000000
        X[26]:                   0000000000000000
        X[27]:                   0000000000000000
        X[28]:                   0000000000000000
        FP:                      0000001b51ba4c50
        LR:                      000000140d4e34f0 (nnSdk + 0x964f0) (_ZN2nn2os6detail30InterProcessEventImplByHorizon4WaitEjb + 0x34)
        SP:                      0000001b51ba4c20
        PC:                      000000140d4fe540 (nnSdk + 0xb1540)
    Stack Trace:
        ReturnAddress[00]:       000000140d6b05f4 (nnSdk + 0x2635f4) (NvOsEventWait + 0x80)
        ReturnAddress[01]:       000000140d6b9a28 (nnSdk + 0x26ca28)
        ReturnAddress[02]:       000000140d72f728 (nnSdk + 0x2e2728)
        ReturnAddress[03]:       000000140d73523c (nnSdk + 0x2e823c)
        ReturnAddress[04]:       000000140c4843bc (TurboS.nss + 0xa803bc)
        ReturnAddress[05]:       000000140c483dd4 (TurboS.nss + 0xa7fdd4)
        ReturnAddress[06]:       000000140c483d38 (TurboS.nss + 0xa7fd38)
        ReturnAddress[07]:       000000140c035134 (TurboS.nss + 0x631134)
        ReturnAddress[08]:       000000140c1f4378 (TurboS.nss + 0x7f0378)
        ReturnAddress[09]:       000000140d4bbdfc (nnSdk + 0x6edfc) (_ZN2nn4init5StartEmmPFvvES2_ + 0x4c)
        ReturnAddress[10]:       000000140ba000ac (nnrtld + 0xac)
        ReturnAddress[11]:       0000001b51ba4ec8
        ReturnAddress[12]:       0000001400000001
    Stack Dump:                               00 01 02 03 04 05 06 07 08 09 0a 0b 0c 0d 0e 0f
                                 001b51ba4c20 38 4c ba 51 1b 00 00 00 5c 4c ba 51 1b 00 00 00
                                 001b51ba4c30 80 4c ba 51 1b 00 00 00 10 00 00 00 b8 81 30 00
                                 001b51ba4c40 00 4d ba 51 1b 00 00 00 ff ff ff ff 00 00 00 00
                                 001b51ba4c50 60 4c ba 51 1b 00 00 00 f4 05 6b 0d 14 00 00 00
                                 001b51ba4c60 f0 4c ba 51 1b 00 00 00 28 9a 6b 0d 14 00 00 00
                                 001b51ba4c70 07 00 00 00 00 00 00 00 38 31 29 6a 1f 00 04 c0
                                 001b51ba4c80 63 00 00 00 c1 2d 00 00 ff ff ff ff 30 06 00 00
                                 001b51ba4c90 60 d1 91 6b 27 00 00 00 01 00 00 00 00 00 00 00
                                 001b51ba4ca0 00 00 00 00 00 00 00 00 00 00 00 00 00 00 00 00
                                 001b51ba4cb0 00 00 00 00 00 00 00 00 02 00 00 00 00 00 00 00
                                 001b51ba4cc0 ff ff ff ff ff ff ff ff 00 e2 0b 4e 27 00 00 00
                                 001b51ba4cd0 20 4d ba 51 1b 00 00 00 d0 62 d3 4d 27 00 00 00
                                 001b51ba4ce0 00 00 00 00 00 00 00 00 ff ff ff ff ff ff ff ff
                                 001b51ba4cf0 60 4d ba 51 1b 00 00 00 28 f7 72 0d 14 00 00 00
                                 001b51ba4d00 02 00 00 00 00 00 00 00 50 c1 da 0d 14 00 00 00
                                 001b51ba4d10 01 00 00 00 63 00 00 00 c1 2d 00 00 27 00 00 00
    TLS Address:                 0000005217cd5200
    TLS Dump:                                 00 01 02 03 04 05 06 07 08 09 0a 0b 0c 0d 0e 0f
                                 005217cd5200 00 00 01 00 09 08 e0 03 40 b0 10 00 80 4c ba 51
                                 005217cd5210 53 46 43 4f 00 00 00 00 00 00 00 00 99 5d e2 a4
                                 005217cd5220 05 00 00 00 00 00 00 00 00 00 00 00 00 00 00 00
                                 005217cd5230 00 00 00 00 00 00 00 00 01 00 00 00 00 00 00 00
                                 005217cd5240 04 00 71 01 1e 00 10 c0 50 61 70 75 78 32 30 30
                                 005217cd5250 10 00 00 00 80 4c ba 51 1b 00 10 00 00 00 00 00
                                 005217cd5260 00 00 00 00 00 00 00 00 00 00 00 00 00 00 00 00
                                 005217cd5270 8f 00 00 00 00 00 00 00 03 0d 08 00 00 04 0a 03
                                 005217cd5280 08 03 09 00 04 02 14 00 01 00 00 00 00 00 00 00
                                 005217cd5290 00 00 00 00 00 00 00 00 00 00 00 00 00 00 00 00
                                 005217cd52a0 00 00 00 00 00 00 00 00 00 00 00 00 00 00 00 00
                                 005217cd52b0 00 00 00 00 00 00 00 00 00 00 00 00 00 00 00 00
                                 005217cd52c0 00 00 00 00 00 00 00 00 00 00 00 00 00 00 00 00
                                 005217cd52d0 00 00 00 00 00 00 00 00 00 00 00 00 00 00 00 00
                                 005217cd52e0 00 00 00 00 00 00 00 00 00 00 00 00 00 00 00 00
                                 005217cd52f0 00 00 00 00 00 00 00 00 00 00 00 00 00 00 00 00
Threads[01]:
    Thread ID:                   00000000000002a0
    Thread Name:                 Presentation Thread
    Stack Region:                0000001b36be8000-0000001b36bec000
    Registers:
        X[00]:                   000000274e0b9138
        X[01]:                   000000274e0b9140
        X[02]:                   00000000000c81eb
        X[03]:                   ffffffffffffffff
        X[04]:                   0000000000000000
        X[05]:                   0000000000000000
        X[06]:                   0000000000000000
        X[07]:                   0000000000000000
        X[08]:                   0000000000000000
        X[09]:                   0000000000000000
        X[10]:                   0000000000000000
        X[11]:                   0000000000000000
        X[12]:                   0000000000000000
        X[13]:                   0000000000000000
        X[14]:                   0000000000000000
        X[15]:                   0000000000000000
        X[16]:                   0000000000000000
        X[17]:                   0000000000000000
        X[18]:                   0000000000000000
        X[19]:                   0000000000000000
        X[20]:                   0000000000000000
        X[21]:                   0000000000000000
        X[22]:                   0000000000000000
        X[23]:                   0000000000000000
        X[24]:                   0000000000000000
        X[25]:                   0000000000000000
        X[26]:                   0000000000000000
        X[27]:                   0000000000000000
        X[28]:                   0000000000000000
        FP:                      0000001b36bebee0
        LR:                      000000140d4e39e8 (nnSdk + 0x969e8) (_ZN2nn2os6detail38InternalConditionVariableImplByHorizon4WaitEPNS1_23InternalCriticalSectionE + 0x30)
        SP:                      0000001b36bebec0
        PC:                      000000140d4fe56c (nnSdk + 0xb156c)
    Stack Trace:
        ReturnAddress[00]:       000000140d4dbd38 (nnSdk + 0x8ed38) (_ZN2nn2os19ReceiveMessageQueueEPmPNS0_16MessageQueueTypeE + 0x3c)
        ReturnAddress[01]:       000000140c029098 (TurboS.nss + 0x625098)
        ReturnAddress[02]:       000000140c029b40 (TurboS.nss + 0x625b40)
        ReturnAddress[03]:       000000140c0293cc (TurboS.nss + 0x6253cc)
        ReturnAddress[04]:       000000140d4deb48 (nnSdk + 0x91b48)
        ReturnAddress[05]:       000000140d4e2b24 (nnSdk + 0x95b24)
        ReturnAddress[06]:       0000000000000000
    Stack Dump:                               00 01 02 03 04 05 06 07 08 09 0a 0b 0c 0d 0e 0f
                                 001b36bebec0 00 00 00 00 00 00 00 00 00 00 00 00 00 00 00 00
                                 001b36bebed0 38 91 0b 4e 27 00 00 00 00 91 0b 4e 27 00 00 00
                                 001b36bebee0 10 bf be 36 1b 00 00 00 38 bd 4d 0d 14 00 00 00
                                 001b36bebef0 00 00 00 00 00 00 00 00 d4 e1 0b 4e 27 00 00 00
                                 001b36bebf00 00 91 0b 4e 27 00 00 00 d0 90 0b 4e 27 00 00 00
                                 001b36bebf10 30 bf be 36 1b 00 00 00 98 90 02 0c 14 00 00 00
                                 001b36bebf20 00 91 0b 4e 27 00 00 00 d0 90 0b 4e 27 00 00 00
                                 001b36bebf30 50 bf be 36 1b 00 00 00 40 9b 02 0c 14 00 00 00
                                 001b36bebf40 00 00 00 00 00 00 00 00 d0 90 0b 4e 27 00 00 00
                                 001b36bebf50 70 bf be 36 1b 00 00 00 cc 93 02 0c 14 00 00 00
                                 001b36bebf60 d0 e1 0b 4e 27 00 00 00 20 e0 0b 4e 27 00 00 00
                                 001b36bebf70 a0 bf be 36 1b 00 00 00 48 eb 4d 0d 14 00 00 00
                                 001b36bebf80 00 00 00 00 00 00 00 00 00 00 00 00 00 00 00 00
                                 001b36bebf90 00 00 00 00 00 00 00 00 20 e0 0b 4e 27 00 00 00
                                 001b36bebfa0 d0 bf be 36 1b 00 00 00 24 2b 4e 0d 14 00 00 00
                                 001b36bebfb0 00 00 00 00 00 00 00 00 00 00 00 00 00 00 00 00
    TLS Address:                 0000005217cd5400
    TLS Dump:                                 00 01 02 03 04 05 06 07 08 09 0a 0b 0c 0d 0e 0f
                                 005217cd5400 00 00 01 00 09 08 e0 03 40 b0 10 00 20 be be 36
                                 005217cd5410 53 46 43 4f 00 00 00 00 00 00 00 00 99 5d e2 a4
                                 005217cd5420 00 00 00 00 00 00 00 00 00 00 00 00 00 00 00 00
                                 005217cd5430 00 00 00 00 00 00 00 00 01 00 00 00 00 00 00 00
                                 005217cd5440 04 00 71 01 1e 00 10 c0 00 00 00 00 00 00 00 00
                                 005217cd5450 10 00 71 01 20 be be 36 1b 00 10 00 00 00 00 00
                                 005217cd5460 00 00 00 00 18 00 00 00 20 bc be 36 1b 00 18 00
                                 005217cd5470 00 00 00 00 00 00 00 00 00 00 00 00 00 00 00 00
                                 005217cd5480 00 00 00 00 00 00 00 00 00 00 00 00 00 00 00 00
                                 005217cd5490 00 00 00 00 00 00 00 00 00 00 00 00 00 00 00 00
                                 005217cd54a0 00 00 00 00 00 00 00 00 00 00 00 00 00 00 00 00
                                 005217cd54b0 00 00 00 00 00 00 00 00 00 00 00 00 00 00 00 00
                                 005217cd54c0 00 00 00 00 00 00 00 00 00 00 00 00 00 00 00 00
                                 005217cd54d0 00 00 00 00 00 00 00 00 00 00 00 00 00 00 00 00
                                 005217cd54e0 00 00 00 00 00 00 00 00 00 00 00 00 00 00 00 00
                                 005217cd54f0 00 00 00 00 00 00 00 00 00 00 00 00 00 00 00 00
Threads[02]:
    Thread ID:                   00000000000002a1
    Thread Name:                 Prepare Thread
    Stack Region:                0000001b23b50000-0000001b23b70000
    Registers:
        X[00]:                   000000274e0bec08
        X[01]:                   000000274e0bec10
        X[02]:                   00000000000d01ea
        X[03]:                   ffffffffffffffff
        X[04]:                   0000000000000000
        X[05]:                   0000000000000000
        X[06]:                   0000000000000000
        X[07]:                   0000000000000000
        X[08]:                   0000000000000000
        X[09]:                   0000000000000000
        X[10]:                   0000000000000000
        X[11]:                   0000000000000000
        X[12]:                   0000000000000000
        X[13]:                   0000000000000000
        X[14]:                   0000000000000000
        X[15]:                   0000000000000000
        X[16]:                   0000000000000000
        X[17]:                   0000000000000000
        X[18]:                   0000000000000000
        X[19]:                   0000000000000000
        X[20]:                   0000000000000000
        X[21]:                   0000000000000000
        X[22]:                   0000000000000000
        X[23]:                   0000000000000000
        X[24]:                   0000000000000000
        X[25]:                   0000000000000000
        X[26]:                   0000000000000000
        X[27]:                   0000000000000000
        X[28]:                   0000000000000000
        FP:                      0000001b23b6fee0
        LR:                      000000140d4e39e8 (nnSdk + 0x969e8) (_ZN2nn2os6detail38InternalConditionVariableImplByHorizon4WaitEPNS1_23InternalCriticalSectionE + 0x30)
        SP:                      0000001b23b6fec0
        PC:                      000000140d4fe56c (nnSdk + 0xb156c)
    Stack Trace:
        ReturnAddress[00]:       000000140d4dbd38 (nnSdk + 0x8ed38) (_ZN2nn2os19ReceiveMessageQueueEPmPNS0_16MessageQueueTypeE + 0x3c)
        ReturnAddress[01]:       000000140c029098 (TurboS.nss + 0x625098)
        ReturnAddress[02]:       000000140c029b40 (TurboS.nss + 0x625b40)
        ReturnAddress[03]:       000000140c0293cc (TurboS.nss + 0x6253cc)
        ReturnAddress[04]:       000000140d4deb48 (nnSdk + 0x91b48)
        ReturnAddress[05]:       000000140d4e2b24 (nnSdk + 0x95b24)
        ReturnAddress[06]:       0000000000000000
    Stack Dump:                               00 01 02 03 04 05 06 07 08 09 0a 0b 0c 0d 0e 0f
                                 001b23b6fec0 00 00 00 00 00 00 00 00 00 00 00 00 00 00 00 00
                                 001b23b6fed0 08 ec 0b 4e 27 00 00 00 d0 eb 0b 4e 27 00 00 00
                                 001b23b6fee0 10 ff b6 23 1b 00 00 00 38 bd 4d 0d 14 00 00 00
                                 001b23b6fef0 00 00 00 00 00 00 00 00 d4 f1 0d 4e 27 00 00 00
                                 001b23b6ff00 d0 eb 0b 4e 27 00 00 00 a0 eb 0b 4e 27 00 00 00
                                 001b23b6ff10 30 ff b6 23 1b 00 00 00 98 90 02 0c 14 00 00 00
                                 001b23b6ff20 d0 eb 0b 4e 27 00 00 00 a0 eb 0b 4e 27 00 00 00
                                 001b23b6ff30 50 ff b6 23 1b 00 00 00 40 9b 02 0c 14 00 00 00
                                 001b23b6ff40 00 00 00 00 00 00 00 00 a0 eb 0b 4e 27 00 00 00
                                 001b23b6ff50 70 ff b6 23 1b 00 00 00 cc 93 02 0c 14 00 00 00
                                 001b23b6ff60 d0 f1 0d 4e 27 00 00 00 20 f0 0d 4e 27 00 00 00
                                 001b23b6ff70 a0 ff b6 23 1b 00 00 00 48 eb 4d 0d 14 00 00 00
                                 001b23b6ff80 00 00 00 00 00 00 00 00 00 00 00 00 00 00 00 00
                                 001b23b6ff90 00 00 00 00 00 00 00 00 20 f0 0d 4e 27 00 00 00
                                 001b23b6ffa0 d0 ff b6 23 1b 00 00 00 24 2b 4e 0d 14 00 00 00
                                 001b23b6ffb0 00 00 00 00 00 00 00 00 00 00 00 00 00 00 00 00
    TLS Address:                 0000005217cd5600
    TLS Dump:                                 00 01 02 03 04 05 06 07 08 09 0a 0b 0c 0d 0e 0f
                                 005217cd5600 00 00 01 00 09 08 e0 03 40 b0 28 00 88 f8 b6 23
                                 005217cd5610 53 46 43 4f 00 00 00 00 00 00 00 00 99 5d e2 a4
                                 005217cd5620 00 00 00 00 00 00 00 00 00 00 00 00 00 00 00 00
                                 005217cd5630 00 00 00 00 00 00 00 00 01 00 00 00 00 00 00 00
                                 005217cd5640 01 00 71 01 06 41 28 c0 a6 0b 00 00 00 00 00 00
                                 005217cd5650 28 00 00 00 88 f8 b6 23 1b 00 28 00 00 00 00 00
                                 005217cd5660 06 0c 07 01 11 0c 04 03 04 02 0d 03 07 04 03 07
                                 005217cd5670 02 0b 0b 03 0a 1b 17 04 03 0e 07 00 00 04 0b 00
                                 005217cd5680 08 04 0b 00 04 02 14 00 00 00 00 00 00 00 00 00
                                 005217cd5690 00 00 00 00 00 00 00 00 00 00 00 00 00 00 00 00
                                 005217cd56a0 00 00 00 00 00 00 00 00 00 00 00 00 00 00 00 00
                                 005217cd56b0 00 00 00 00 00 00 00 00 00 00 00 00 00 00 00 00
                                 005217cd56c0 00 00 00 00 00 00 00 00 00 00 00 00 00 00 00 00
                                 005217cd56d0 00 00 00 00 00 00 00 00 00 00 00 00 00 00 00 00
                                 005217cd56e0 00 00 00 00 00 00 00 00 00 00 00 00 00 00 00 00
                                 005217cd56f0 00 00 00 00 00 00 00 00 00 00 00 00 00 00 00 00
Threads[03]:
    Thread ID:                   00000000000002a2
    Thread Name:                 VibrationThread
    Stack Region:                0000001b578cf000-0000001b578d0000
    Registers:
        X[00]:                   000000274e0ebf20
        X[01]:                   000000274e0ebf28
        X[02]:                   00000000000f01e6
        X[03]:                   ffffffffffffffff
        X[04]:                   0000000000000000
        X[05]:                   0000000000000000
        X[06]:                   0000000000000000
        X[07]:                   0000000000000000
        X[08]:                   0000000000000000
        X[09]:                   0000000000000000
        X[10]:                   0000000000000000
        X[11]:                   0000000000000000
        X[12]:                   0000000000000000
        X[13]:                   0000000000000000
        X[14]:                   0000000000000000
        X[15]:                   0000000000000000
        X[16]:                   0000000000000000
        X[17]:                   0000000000000000
        X[18]:                   0000000000000000
        X[19]:                   0000000000000000
        X[20]:                   0000000000000000
        X[21]:                   0000000000000000
        X[22]:                   0000000000000000
        X[23]:                   0000000000000000
        X[24]:                   0000000000000000
        X[25]:                   0000000000000000
        X[26]:                   0000000000000000
        X[27]:                   0000000000000000
        X[28]:                   0000000000000000
        FP:                      0000001b578cfee0
        LR:                      000000140d4e39e8 (nnSdk + 0x969e8) (_ZN2nn2os6detail38InternalConditionVariableImplByHorizon4WaitEPNS1_23InternalCriticalSectionE + 0x30)
        SP:                      0000001b578cfec0
        PC:                      000000140d4fe56c (nnSdk + 0xb156c)
    Stack Trace:
        ReturnAddress[00]:       000000140d4dbd38 (nnSdk + 0x8ed38) (_ZN2nn2os19ReceiveMessageQueueEPmPNS0_16MessageQueueTypeE + 0x3c)
        ReturnAddress[01]:       000000140c029098 (TurboS.nss + 0x625098)
        ReturnAddress[02]:       000000140c029b40 (TurboS.nss + 0x625b40)
        ReturnAddress[03]:       000000140c0293cc (TurboS.nss + 0x6253cc)
        ReturnAddress[04]:       000000140d4deb48 (nnSdk + 0x91b48)
        ReturnAddress[05]:       000000140d4e2b24 (nnSdk + 0x95b24)
        ReturnAddress[06]:       0000000000000000
    Stack Dump:                               00 01 02 03 04 05 06 07 08 09 0a 0b 0c 0d 0e 0f
                                 001b578cfec0 00 00 00 00 00 00 00 00 00 00 00 00 00 00 00 00
                                 001b578cfed0 20 bf 0e 4e 27 00 00 00 e8 be 0e 4e 27 00 00 00
                                 001b578cfee0 10 ff 8c 57 1b 00 00 00 38 bd 4d 0d 14 00 00 00
                                 001b578cfef0 00 00 00 00 00 00 00 00 d4 e1 0e 4e 27 00 00 00
                                 001b578cff00 e8 be 0e 4e 27 00 00 00 b8 be 0e 4e 27 00 00 00
                                 001b578cff10 30 ff 8c 57 1b 00 00 00 98 90 02 0c 14 00 00 00
                                 001b578cff20 00 00 00 00 00 00 00 00 00 00 00 00 00 00 00 00
                                 001b578cff30 50 ff 8c 57 1b 00 00 00 40 9b 02 0c 14 00 00 00
                                 001b578cff40 00 00 00 00 00 00 00 00 b8 be 0e 4e 27 00 00 00
                                 001b578cff50 70 ff 8c 57 1b 00 00 00 cc 93 02 0c 14 00 00 00
                                 001b578cff60 d0 e1 0e 4e 27 00 00 00 20 e0 0e 4e 27 00 00 00
                                 001b578cff70 a0 ff 8c 57 1b 00 00 00 48 eb 4d 0d 14 00 00 00
                                 001b578cff80 00 00 00 00 00 00 00 00 00 00 00 00 00 00 00 00
                                 001b578cff90 00 00 00 00 00 00 00 00 20 e0 0e 4e 27 00 00 00
                                 001b578cffa0 d0 ff 8c 57 1b 00 00 00 24 2b 4e 0d 14 00 00 00
                                 001b578cffb0 00 00 00 00 00 00 00 00 00 00 00 00 00 00 00 00
    TLS Address:                 0000005217cd5800
    TLS Dump:                                 00 01 02 03 04 05 06 07 08 09 0a 0b 0c 0d 0e 0f
                                 005217cd5800 00 00 00 00 00 00 00 00 00 00 00 00 00 00 00 00
                                 005217cd5810 00 00 00 00 00 00 00 00 00 00 00 00 00 00 00 00
                                 005217cd5820 00 00 00 00 00 00 00 00 00 00 00 00 00 00 00 00
                                 005217cd5830 00 00 00 00 00 00 00 00 00 00 00 00 00 00 00 00
                                 005217cd5840 00 00 00 00 00 00 00 00 00 00 00 00 00 00 00 00
                                 005217cd5850 00 00 00 00 00 00 00 00 00 00 00 00 00 00 00 00
                                 005217cd5860 00 00 00 00 00 00 00 00 00 00 00 00 00 00 00 00
                                 005217cd5870 00 00 00 00 00 00 00 00 00 00 00 00 00 00 00 00
                                 005217cd5880 00 00 00 00 00 00 00 00 00 00 00 00 00 00 00 00
                                 005217cd5890 00 00 00 00 00 00 00 00 00 00 00 00 00 00 00 00
                                 005217cd58a0 00 00 00 00 00 00 00 00 00 00 00 00 00 00 00 00
                                 005217cd58b0 00 00 00 00 00 00 00 00 00 00 00 00 00 00 00 00
                                 005217cd58c0 00 00 00 00 00 00 00 00 00 00 00 00 00 00 00 00
                                 005217cd58d0 00 00 00 00 00 00 00 00 00 00 00 00 00 00 00 00
                                 005217cd58e0 00 00 00 00 00 00 00 00 00 00 00 00 00 00 00 00
                                 005217cd58f0 00 00 00 00 00 00 00 00 00 00 00 00 00 00 00 00
Threads[04]:
    Thread ID:                   00000000000002a3
    Stack Region:                0000001b1045a000-0000001b1055a000
    Registers:
        X[00]:                   000000274e1f4020
        X[01]:                   0000000000000000
        X[02]:                   0000000000000000
        X[03]:                   0000000000000000
        X[04]:                   0000000000000000
        X[05]:                   0000000000000000
        X[06]:                   0000000000000000
        X[07]:                   0000000000000000
        X[08]:                   0000000000000000
        X[09]:                   0000000000000000
        X[10]:                   0000000000000000
        X[11]:                   0000000000000000
        X[12]:                   0000000000000000
        X[13]:                   0000000000000000
        X[14]:                   0000000000000000
        X[15]:                   0000000000000000
        X[16]:                   0000000000000000
        X[17]:                   0000000000000000
        X[18]:                   e606590ff053beb5
        X[19]:                   0000000000000000
        X[20]:                   0000000000000000
        X[21]:                   0000000000000000
        X[22]:                   0000000000000000
        X[23]:                   0000000000000000
        X[24]:                   0000000000000000
        X[25]:                   0000000000000000
        X[26]:                   0000000000000000
        X[27]:                   0000000000000000
        X[28]:                   0000000000000000
        FP:                      0000000000000000
        LR:                      0000000000000000
        SP:                      0000001b10559fe0
        PC:                      000000140d4e2aac (nnSdk + 0x95aac)
    Stack Dump:                               00 01 02 03 04 05 06 07 08 09 0a 0b 0c 0d 0e 0f
                                 001b10559f00 00 00 00 00 00 00 00 00 00 00 00 00 00 00 00 00
                                 001b10559f10 00 00 00 00 00 00 00 00 00 00 00 00 00 00 00 00
                                 001b10559f20 00 00 00 00 00 00 00 00 00 00 00 00 00 00 00 00
                                 001b10559f30 00 00 00 00 00 00 00 00 00 00 00 00 00 00 00 00
                                 001b10559f40 00 00 00 00 00 00 00 00 00 00 00 00 00 00 00 00
                                 001b10559f50 00 00 00 00 00 00 00 00 00 00 00 00 00 00 00 00
                                 001b10559f60 00 00 00 00 00 00 00 00 00 00 00 00 00 00 00 00
                                 001b10559f70 00 00 00 00 00 00 00 00 00 00 00 00 00 00 00 00
                                 001b10559f80 00 00 00 00 00 00 00 00 00 00 00 00 00 00 00 00
                                 001b10559f90 00 00 00 00 00 00 00 00 00 00 00 00 00 00 00 00
                                 001b10559fa0 00 00 00 00 00 00 00 00 00 00 00 00 00 00 00 00
                                 001b10559fb0 00 00 00 00 00 00 00 00 00 00 00 00 00 00 00 00
                                 001b10559fc0 00 00 00 00 00 00 00 00 00 00 00 00 00 00 00 00
                                 001b10559fd0 00 00 00 00 00 00 00 00 00 00 00 00 00 00 00 00
                                 001b10559fe0 e8 ea 4d 0d 14 00 00 00 00 00 00 00 00 00 00 00
                                 001b10559ff0 00 00 00 00 00 00 00 00 00 00 00 00 00 00 00 00
Threads[05]:
    Thread ID:                   00000000000002a4
    Thread Name:                 WorkerMgr/Worker1(?)
    Stack Region:                0000001b13d80000-0000001b13e80000
    Registers:
        X[00]:                   000000274e1f43f8
        X[01]:                   000000274e1f4400
        X[02]:                   00000000001001e4
        X[03]:                   ffffffffffffffff
        X[04]:                   000000276b91de5c
        X[05]:                   0000000000000000
        X[06]:                   000000276b91de10
        X[07]:                   0000000000000001
        X[08]:                   0000000000000000
        X[09]:                   0000000000000000
        X[10]:                   0000000000000000
        X[11]:                   0000000000000000
        X[12]:                   0000000000000000
        X[13]:                   0000000000000000
        X[14]:                   0000000000000000
        X[15]:                   0000000000000000
        X[16]:                   0000000000000000
        X[17]:                   0000000000000000
        X[18]:                   0000000000000000
        X[19]:                   0000000000000000
        X[20]:                   0000000000000000
        X[21]:                   0000000000000000
        X[22]:                   0000000000000000
        X[23]:                   0000000000000000
        X[24]:                   0000000000000000
        X[25]:                   0000000000000000
        X[26]:                   0000000000000000
        X[27]:                   0000000000000000
        X[28]:                   0000000000000000
        FP:                      0000001b13e7fee0
        LR:                      000000140d4e39e8 (nnSdk + 0x969e8) (_ZN2nn2os6detail38InternalConditionVariableImplByHorizon4WaitEPNS1_23InternalCriticalSectionE + 0x30)
        SP:                      0000001b13e7fec0
        PC:                      000000140d4fe56c (nnSdk + 0xb156c)
    Stack Trace:
        ReturnAddress[00]:       000000140d4dbd38 (nnSdk + 0x8ed38) (_ZN2nn2os19ReceiveMessageQueueEPmPNS0_16MessageQueueTypeE + 0x3c)
        ReturnAddress[01]:       000000140c029098 (TurboS.nss + 0x625098)
        ReturnAddress[02]:       000000140c029b40 (TurboS.nss + 0x625b40)
        ReturnAddress[03]:       000000140c0293cc (TurboS.nss + 0x6253cc)
        ReturnAddress[04]:       000000140d4deb48 (nnSdk + 0x91b48)
        ReturnAddress[05]:       000000140d4e2b24 (nnSdk + 0x95b24)
        ReturnAddress[06]:       0000000000000000
    Stack Dump:                               00 01 02 03 04 05 06 07 08 09 0a 0b 0c 0d 0e 0f
                                 001b13e7fec0 30 ff e7 13 1b 00 00 00 7c 72 03 0c 14 00 00 00
                                 001b13e7fed0 f8 43 1f 4e 27 00 00 00 c0 43 1f 4e 27 00 00 00
                                 001b13e7fee0 10 ff e7 13 1b 00 00 00 38 bd 4d 0d 14 00 00 00
                                 001b13e7fef0 00 00 00 00 00 00 00 00 d4 51 2f 4e 27 00 00 00
                                 001b13e7ff00 c0 43 1f 4e 27 00 00 00 90 43 1f 4e 27 00 00 00
                                 001b13e7ff10 30 ff e7 13 1b 00 00 00 98 90 02 0c 14 00 00 00
                                 001b13e7ff20 c0 43 1f 4e 27 00 00 00 90 43 1f 4e 27 00 00 00
                                 001b13e7ff30 50 ff e7 13 1b 00 00 00 40 9b 02 0c 14 00 00 00
                                 001b13e7ff40 00 00 00 00 00 00 00 00 90 43 1f 4e 27 00 00 00
                                 001b13e7ff50 70 ff e7 13 1b 00 00 00 cc 93 02 0c 14 00 00 00
                                 001b13e7ff60 d0 51 2f 4e 27 00 00 00 20 50 2f 4e 27 00 00 00
                                 001b13e7ff70 a0 ff e7 13 1b 00 00 00 48 eb 4d 0d 14 00 00 00
                                 001b13e7ff80 00 00 00 00 00 00 00 00 00 00 00 00 00 00 00 00
                                 001b13e7ff90 00 00 00 00 00 00 00 00 20 50 2f 4e 27 00 00 00
                                 001b13e7ffa0 d0 ff e7 13 1b 00 00 00 24 2b 4e 0d 14 00 00 00
                                 001b13e7ffb0 00 00 00 00 00 00 00 00 00 00 00 00 00 00 00 00
    TLS Address:                 0000005217cd5c00
    TLS Dump:                                 00 01 02 03 04 05 06 07 08 09 0a 0b 0c 0d 0e 0f
                                 005217cd5c00 00 00 00 00 00 00 00 00 00 00 00 00 00 00 00 00
                                 005217cd5c10 00 00 00 00 00 00 00 00 00 00 00 00 00 00 00 00
                                 005217cd5c20 00 00 00 00 00 00 00 00 00 00 00 00 00 00 00 00
                                 005217cd5c30 00 00 00 00 00 00 00 00 00 00 00 00 00 00 00 00
                                 005217cd5c40 00 00 00 00 00 00 00 00 00 00 00 00 00 00 00 00
                                 005217cd5c50 00 00 00 00 00 00 00 00 00 00 00 00 00 00 00 00
                                 005217cd5c60 00 00 00 00 00 00 00 00 00 00 00 00 00 00 00 00
                                 005217cd5c70 00 00 00 00 00 00 00 00 00 00 00 00 00 00 00 00
                                 005217cd5c80 00 00 00 00 00 00 00 00 00 00 00 00 00 00 00 00
                                 005217cd5c90 00 00 00 00 00 00 00 00 00 00 00 00 00 00 00 00
                                 005217cd5ca0 00 00 00 00 00 00 00 00 00 00 00 00 00 00 00 00
                                 005217cd5cb0 00 00 00 00 00 00 00 00 00 00 00 00 00 00 00 00
                                 005217cd5cc0 00 00 00 00 00 00 00 00 00 00 00 00 00 00 00 00
                                 005217cd5cd0 00 00 00 00 00 00 00 00 00 00 00 00 00 00 00 00
                                 005217cd5ce0 00 00 00 00 00 00 00 00 00 00 00 00 00 00 00 00
                                 005217cd5cf0 00 00 00 00 00 00 00 00 00 00 00 00 00 00 00 00
Threads[06]:
    Thread ID:                   00000000000002a5
    Thread Name:                 WorkerMgr/Worker2(?)
    Stack Region:                0000001b7661e000-0000001b7671e000
    Registers:
        X[00]:                   000000274e2f53f8
        X[01]:                   000000274e2f5400
        X[02]:                   00000000001081e3
        X[03]:                   ffffffffffffffff
        X[04]:                   0000000000000000
        X[05]:                   0000000000000000
        X[06]:                   0000000000000000
        X[07]:                   0000000000000000
        X[08]:                   0000000000000000
        X[09]:                   0000000000000000
        X[10]:                   0000000000000000
        X[11]:                   0000000000000000
        X[12]:                   0000000000000000
        X[13]:                   0000000000000000
        X[14]:                   0000000000000000
        X[15]:                   0000000000000000
        X[16]:                   0000000000000000
        X[17]:                   0000000000000000
        X[18]:                   0000000000000000
        X[19]:                   0000000000000000
        X[20]:                   0000000000000000
        X[21]:                   0000000000000000
        X[22]:                   0000000000000000
        X[23]:                   0000000000000000
        X[24]:                   0000000000000000
        X[25]:                   0000000000000000
        X[26]:                   0000000000000000
        X[27]:                   0000000000000000
        X[28]:                   0000000000000000
        FP:                      0000001b7671dee0
        LR:                      000000140d4e39e8 (nnSdk + 0x969e8) (_ZN2nn2os6detail38InternalConditionVariableImplByHorizon4WaitEPNS1_23InternalCriticalSectionE + 0x30)
        SP:                      0000001b7671dec0
        PC:                      000000140d4fe56c (nnSdk + 0xb156c)
    Stack Trace:
        ReturnAddress[00]:       000000140d4dbd38 (nnSdk + 0x8ed38) (_ZN2nn2os19ReceiveMessageQueueEPmPNS0_16MessageQueueTypeE + 0x3c)
        ReturnAddress[01]:       000000140c029098 (TurboS.nss + 0x625098)
        ReturnAddress[02]:       000000140c029b40 (TurboS.nss + 0x625b40)
        ReturnAddress[03]:       000000140c0293cc (TurboS.nss + 0x6253cc)
        ReturnAddress[04]:       000000140d4deb48 (nnSdk + 0x91b48)
        ReturnAddress[05]:       000000140d4e2b24 (nnSdk + 0x95b24)
        ReturnAddress[06]:       0000000000000000
    Stack Dump:                               00 01 02 03 04 05 06 07 08 09 0a 0b 0c 0d 0e 0f
                                 001b7671dec0 30 df 71 76 1b 00 00 00 7c 72 03 0c 14 00 00 00
                                 001b7671ded0 f8 53 2f 4e 27 00 00 00 c0 53 2f 4e 27 00 00 00
                                 001b7671dee0 10 df 71 76 1b 00 00 00 38 bd 4d 0d 14 00 00 00
                                 001b7671def0 00 00 00 00 00 00 00 00 d4 61 3f 4e 27 00 00 00
                                 001b7671df00 c0 53 2f 4e 27 00 00 00 90 53 2f 4e 27 00 00 00
                                 001b7671df10 30 df 71 76 1b 00 00 00 98 90 02 0c 14 00 00 00
                                 001b7671df20 c0 53 2f 4e 27 00 00 00 90 53 2f 4e 27 00 00 00
                                 001b7671df30 50 df 71 76 1b 00 00 00 40 9b 02 0c 14 00 00 00
                                 001b7671df40 00 00 00 00 00 00 00 00 90 53 2f 4e 27 00 00 00
                                 001b7671df50 70 df 71 76 1b 00 00 00 cc 93 02 0c 14 00 00 00
                                 001b7671df60 d0 61 3f 4e 27 00 00 00 20 60 3f 4e 27 00 00 00
                                 001b7671df70 a0 df 71 76 1b 00 00 00 48 eb 4d 0d 14 00 00 00
                                 001b7671df80 00 00 00 00 00 00 00 00 00 00 00 00 00 00 00 00
                                 001b7671df90 00 00 00 00 00 00 00 00 20 60 3f 4e 27 00 00 00
                                 001b7671dfa0 d0 df 71 76 1b 00 00 00 24 2b 4e 0d 14 00 00 00
                                 001b7671dfb0 00 00 00 00 00 00 00 00 00 00 00 00 00 00 00 00
    TLS Address:                 0000005217cd5e00
    TLS Dump:                                 00 01 02 03 04 05 06 07 08 09 0a 0b 0c 0d 0e 0f
                                 005217cd5e00 00 00 00 00 00 00 00 00 00 00 00 00 00 00 00 00
                                 005217cd5e10 00 00 00 00 00 00 00 00 00 00 00 00 00 00 00 00
                                 005217cd5e20 00 00 00 00 00 00 00 00 00 00 00 00 00 00 00 00
                                 005217cd5e30 00 00 00 00 00 00 00 00 00 00 00 00 00 00 00 00
                                 005217cd5e40 00 00 00 00 00 00 00 00 00 00 00 00 00 00 00 00
                                 005217cd5e50 00 00 00 00 00 00 00 00 00 00 00 00 00 00 00 00
                                 005217cd5e60 00 00 00 00 00 00 00 00 00 00 00 00 00 00 00 00
                                 005217cd5e70 00 00 00 00 00 00 00 00 00 00 00 00 00 00 00 00
                                 005217cd5e80 00 00 00 00 00 00 00 00 00 00 00 00 00 00 00 00
                                 005217cd5e90 00 00 00 00 00 00 00 00 00 00 00 00 00 00 00 00
                                 005217cd5ea0 00 00 00 00 00 00 00 00 00 00 00 00 00 00 00 00
                                 005217cd5eb0 00 00 00 00 00 00 00 00 00 00 00 00 00 00 00 00
                                 005217cd5ec0 00 00 00 00 00 00 00 00 00 00 00 00 00 00 00 00
                                 005217cd5ed0 00 00 00 00 00 00 00 00 00 00 00 00 00 00 00 00
                                 005217cd5ee0 00 00 00 00 00 00 00 00 00 00 00 00 00 00 00 00
                                 005217cd5ef0 00 00 00 00 00 00 00 00 00 00 00 00 00 00 00 00
Threads[07]:
    Thread ID:                   00000000000002a6
    Thread Name:                 TimeSyncThread
    Stack Region:                0000001b3ee80000-0000001b3ee84000
    Registers:
        X[00]:                   000000274e480f48
        X[01]:                   000000274e480f50
        X[02]:                   00000000001101e2
        X[03]:                   ffffffffffffffff
        X[04]:                   0000001b3ee83ed8
        X[05]:                   0000001b3ee83ed0
        X[06]:                   0000001b3ee83ec8
        X[07]:                   0000000000000000
        X[08]:                   0000000000000000
        X[09]:                   0000000000000000
        X[10]:                   0000000000000000
        X[11]:                   0000000000000000
        X[12]:                   0000000000000000
        X[13]:                   0000000000000000
        X[14]:                   0000000000000000
        X[15]:                   0000000000000000
        X[16]:                   0000000000000000
        X[17]:                   0000000000000000
        X[18]:                   0000000000000000
        X[19]:                   0000000000000000
        X[20]:                   0000000000000000
        X[21]:                   0000000000000000
        X[22]:                   0000000000000000
        X[23]:                   0000000000000000
        X[24]:                   0000000000000000
        X[25]:                   0000000000000000
        X[26]:                   0000000000000000
        X[27]:                   0000000000000000
        X[28]:                   0000000000000000
        FP:                      0000001b3ee83ee0
        LR:                      000000140d4e39e8 (nnSdk + 0x969e8) (_ZN2nn2os6detail38InternalConditionVariableImplByHorizon4WaitEPNS1_23InternalCriticalSectionE + 0x30)
        SP:                      0000001b3ee83ec0
        PC:                      000000140d4fe56c (nnSdk + 0xb156c)
    Stack Trace:
        ReturnAddress[00]:       000000140d4dbd38 (nnSdk + 0x8ed38) (_ZN2nn2os19ReceiveMessageQueueEPmPNS0_16MessageQueueTypeE + 0x3c)
        ReturnAddress[01]:       000000140c029098 (TurboS.nss + 0x625098)
        ReturnAddress[02]:       000000140c029b40 (TurboS.nss + 0x625b40)
        ReturnAddress[03]:       000000140c0293cc (TurboS.nss + 0x6253cc)
        ReturnAddress[04]:       000000140d4deb48 (nnSdk + 0x91b48)
        ReturnAddress[05]:       000000140d4e2b24 (nnSdk + 0x95b24)
        ReturnAddress[06]:       0000000000000000
    Stack Dump:                               00 01 02 03 04 05 06 07 08 09 0a 0b 0c 0d 0e 0f
                                 001b3ee83ec0 20 60 48 4e 27 00 00 00 0a 00 00 00 27 00 00 00
                                 001b3ee83ed0 48 0f 48 4e 27 00 00 00 10 0f 48 4e 27 00 00 00
                                 001b3ee83ee0 10 3f e8 3e 1b 00 00 00 38 bd 4d 0d 14 00 00 00
                                 001b3ee83ef0 00 00 00 00 00 00 00 00 d4 61 48 4e 27 00 00 00
                                 001b3ee83f00 10 0f 48 4e 27 00 00 00 e0 0e 48 4e 27 00 00 00
                                 001b3ee83f10 30 3f e8 3e 1b 00 00 00 98 90 02 0c 14 00 00 00
                                 001b3ee83f20 e0 0e 48 4e 27 00 00 00 e0 0e 48 4e 27 00 00 00
                                 001b3ee83f30 50 3f e8 3e 1b 00 00 00 40 9b 02 0c 14 00 00 00
                                 001b3ee83f40 00 00 00 00 00 00 00 00 e0 0e 48 4e 27 00 00 00
                                 001b3ee83f50 70 3f e8 3e 1b 00 00 00 cc 93 02 0c 14 00 00 00
                                 001b3ee83f60 d0 61 48 4e 27 00 00 00 20 60 48 4e 27 00 00 00
                                 001b3ee83f70 a0 3f e8 3e 1b 00 00 00 48 eb 4d 0d 14 00 00 00
                                 001b3ee83f80 00 00 00 00 00 00 00 00 00 00 00 00 00 00 00 00
                                 001b3ee83f90 00 00 00 00 00 00 00 00 20 60 48 4e 27 00 00 00
                                 001b3ee83fa0 d0 3f e8 3e 1b 00 00 00 24 2b 4e 0d 14 00 00 00
                                 001b3ee83fb0 00 00 00 00 00 00 00 00 00 00 00 00 00 00 00 00
    TLS Address:                 00000051d6e5c000
    TLS Dump:                                 00 01 02 03 04 05 06 07 08 09 0a 0b 0c 0d 0e 0f
                                 0051d6e5c000 00 00 00 00 14 08 e0 03 00 00 00 00 00 00 00 00
                                 0051d6e5c010 00 00 00 00 00 00 00 00 00 00 00 00 00 00 00 00
                                 0051d6e5c020 53 46 43 4f 00 00 00 00 00 00 00 00 95 c8 f5 88
                                 0051d6e5c030 ea 07 09 1d 0c 03 0a 00 02 00 00 00 0f 01 00 00
                                 0051d6e5c040 2d 30 35 00 00 00 00 00 00 00 00 00 b0 b9 ff ff
                                 0051d6e5c050 00 00 00 00 00 00 00 00 00 00 00 00 00 00 00 00
                                 0051d6e5c060 00 00 00 00 00 00 00 00 00 00 00 00 00 00 00 00
                                 0051d6e5c070 00 00 00 00 00 00 00 00 00 00 00 00 00 00 00 00
                                 0051d6e5c080 00 00 00 00 00 00 00 00 00 00 00 00 00 00 00 00
                                 0051d6e5c090 00 00 00 00 00 00 00 00 00 00 00 00 00 00 00 00
                                 0051d6e5c0a0 00 00 00 00 00 00 00 00 00 00 00 00 00 00 00 00
                                 0051d6e5c0b0 00 00 00 00 00 00 00 00 00 00 00 00 00 00 00 00
                                 0051d6e5c0c0 00 00 00 00 00 00 00 00 00 00 00 00 00 00 00 00
                                 0051d6e5c0d0 00 00 00 00 00 00 00 00 00 00 00 00 00 00 00 00
                                 0051d6e5c0e0 00 00 00 00 00 00 00 00 00 00 00 00 00 00 00 00
                                 0051d6e5c0f0 00 00 00 00 00 00 00 00 00 00 00 00 00 00 00 00
Threads[08]:
    Thread ID:                   00000000000002a7
    Thread Name:                 BackgroundLoad
    Stack Region:                0000001b1e7d2000-0000001b1e812000
    Registers:
        X[00]:                   000000274e486a50
        X[01]:                   000000274e486a58
        X[02]:                   00000000001281df
        X[03]:                   ffffffffffffffff
        X[04]:                   0000000000000000
        X[05]:                   0000000000000000
        X[06]:                   0000000000000040
        X[07]:                   0000000000000004
        X[08]:                   0000000000000000
        X[09]:                   0000000000000000
        X[10]:                   0000000000000000
        X[11]:                   0000000000000000
        X[12]:                   0000000000000000
        X[13]:                   0000000000000000
        X[14]:                   0000000000000000
        X[15]:                   0000000000000000
        X[16]:                   0000000000000000
        X[17]:                   0000000000000000
        X[18]:                   0000000000000000
        X[19]:                   0000000000000000
        X[20]:                   0000000000000000
        X[21]:                   0000000000000000
        X[22]:                   0000000000000000
        X[23]:                   0000000000000000
        X[24]:                   0000000000000000
        X[25]:                   0000000000000000
        X[26]:                   0000000000000000
        X[27]:                   0000000000000000
        X[28]:                   0000000000000000
        FP:                      0000001b1e811ee0
        LR:                      000000140d4e39e8 (nnSdk + 0x969e8) (_ZN2nn2os6detail38InternalConditionVariableImplByHorizon4WaitEPNS1_23InternalCriticalSectionE + 0x30)
        SP:                      0000001b1e811ec0
        PC:                      000000140d4fe56c (nnSdk + 0xb156c)
    Stack Trace:
        ReturnAddress[00]:       000000140d4dbd38 (nnSdk + 0x8ed38) (_ZN2nn2os19ReceiveMessageQueueEPmPNS0_16MessageQueueTypeE + 0x3c)
        ReturnAddress[01]:       000000140c029098 (TurboS.nss + 0x625098)
        ReturnAddress[02]:       000000140c029b40 (TurboS.nss + 0x625b40)
        ReturnAddress[03]:       000000140c0293cc (TurboS.nss + 0x6253cc)
        ReturnAddress[04]:       000000140d4deb48 (nnSdk + 0x91b48)
        ReturnAddress[05]:       000000140d4e2b24 (nnSdk + 0x95b24)
        ReturnAddress[06]:       0000000000000000
    Stack Dump:                               00 01 02 03 04 05 06 07 08 09 0a 0b 0c 0d 0e 0f
                                 001b1e811ec0 20 ba 48 4e 27 00 00 00 01 01 01 01 00 00 00 00
                                 001b1e811ed0 50 6a 48 4e 27 00 00 00 18 6a 48 4e 27 00 00 00
                                 001b1e811ee0 10 1f 81 1e 1b 00 00 00 38 bd 4d 0d 14 00 00 00
                                 001b1e811ef0 00 00 00 00 00 00 00 00 d4 11 4d 4e 27 00 00 00
                                 001b1e811f00 18 6a 48 4e 27 00 00 00 e8 69 48 4e 27 00 00 00
                                 001b1e811f10 30 1f 81 1e 1b 00 00 00 98 90 02 0c 14 00 00 00
                                 001b1e811f20 18 6a 48 4e 27 00 00 00 e8 69 48 4e 27 00 00 00
                                 001b1e811f30 50 1f 81 1e 1b 00 00 00 40 9b 02 0c 14 00 00 00
                                 001b1e811f40 00 00 00 00 00 00 00 00 e8 69 48 4e 27 00 00 00
                                 001b1e811f50 70 1f 81 1e 1b 00 00 00 cc 93 02 0c 14 00 00 00
                                 001b1e811f60 d0 11 4d 4e 27 00 00 00 20 10 4d 4e 27 00 00 00
                                 001b1e811f70 a0 1f 81 1e 1b 00 00 00 48 eb 4d 0d 14 00 00 00
                                 001b1e811f80 00 00 00 00 00 00 00 00 00 00 00 00 00 00 00 00
                                 001b1e811f90 00 00 00 00 00 00 00 00 20 10 4d 4e 27 00 00 00
                                 001b1e811fa0 d0 1f 81 1e 1b 00 00 00 24 2b 4e 0d 14 00 00 00
                                 001b1e811fb0 00 00 00 00 00 00 00 00 00 00 00 00 00 00 00 00
    TLS Address:                 00000051d6e5c200
    TLS Dump:                                 00 01 02 03 04 05 06 07 08 09 0a 0b 0c 0d 0e 0f
                                 0051d6e5c200 00 00 01 00 09 08 e0 03 40 b0 28 00 48 f1 80 1e
                                 0051d6e5c210 53 46 43 4f 00 00 00 00 00 00 00 00 99 5d e2 a4
                                 0051d6e5c220 00 00 00 00 00 00 00 00 00 00 00 00 00 00 00 00
                                 0051d6e5c230 00 00 00 00 00 00 00 00 01 00 00 00 00 00 00 00
                                 0051d6e5c240 01 00 71 01 06 41 28 c0 17 21 02 00 00 00 00 00
                                 0051d6e5c250 28 00 00 00 48 f1 80 1e 1b 00 28 00 00 00 00 00
                                 0051d6e5c260 00 00 00 00 00 00 00 00 00 00 00 00 00 00 00 00
                                 0051d6e5c270 00 00 00 00 00 00 00 00 00 00 00 00 00 00 00 00
                                 0051d6e5c280 00 00 00 00 00 00 00 00 00 00 00 00 00 00 00 00
                                 0051d6e5c290 00 00 00 00 00 00 00 00 00 00 00 00 00 00 00 00
                                 0051d6e5c2a0 00 00 00 00 00 00 00 00 00 00 00 00 00 00 00 00
                                 0051d6e5c2b0 00 00 00 00 00 00 00 00 00 00 00 00 00 00 00 00
                                 0051d6e5c2c0 00 00 00 00 00 00 00 00 00 00 00 00 00 00 00 00
                                 0051d6e5c2d0 00 00 00 00 00 00 00 00 00 00 00 00 00 00 00 00
                                 0051d6e5c2e0 00 00 00 00 00 00 00 00 00 00 00 00 00 00 00 00
                                 0051d6e5c2f0 00 00 00 00 00 00 00 00 00 00 00 00 00 00 00 00
Threads[09]:
    Thread ID:                   00000000000002a8
    Thread Name:                 CourseDecomp
    Stack Region:                0000001b43e64000-0000001b43e7d000
    Registers:
        X[00]:                   000000274e48b970
        X[01]:                   000000274e48b978
        X[02]:                   00000000001301de
        X[03]:                   ffffffffffffffff
        X[04]:                   0000000000000000
        X[05]:                   0000000000000000
        X[06]:                   0000000000000000
        X[07]:                   0000000000000000
        X[08]:                   0000000000000000
        X[09]:                   0000000000000000
        X[10]:                   0000000000000000
        X[11]:                   0000000000000000
        X[12]:                   0000000000000000
        X[13]:                   0000000000000000
        X[14]:                   0000000000000000
        X[15]:                   0000000000000000
        X[16]:                   0000000000000000
        X[17]:                   0000000000000000
        X[18]:                   0000000000000000
        X[19]:                   0000000000000000
        X[20]:                   0000000000000000
        X[21]:                   0000000000000000
        X[22]:                   0000000000000000
        X[23]:                   0000000000000000
        X[24]:                   0000000000000000
        X[25]:                   0000000000000000
        X[26]:                   0000000000000000
        X[27]:                   0000000000000000
        X[28]:                   0000000000000000
        FP:                      0000001b43e7cee0
        LR:                      000000140d4e39e8 (nnSdk + 0x969e8) (_ZN2nn2os6detail38InternalConditionVariableImplByHorizon4WaitEPNS1_23InternalCriticalSectionE + 0x30)
        SP:                      0000001b43e7cec0
        PC:                      000000140d4fe56c (nnSdk + 0xb156c)
    Stack Trace:
        ReturnAddress[00]:       000000140d4dbd38 (nnSdk + 0x8ed38) (_ZN2nn2os19ReceiveMessageQueueEPmPNS0_16MessageQueueTypeE + 0x3c)
        ReturnAddress[01]:       000000140c029098 (TurboS.nss + 0x625098)
        ReturnAddress[02]:       000000140c029b40 (TurboS.nss + 0x625b40)
        ReturnAddress[03]:       000000140c0293cc (TurboS.nss + 0x6253cc)
        ReturnAddress[04]:       000000140d4deb48 (nnSdk + 0x91b48)
        ReturnAddress[05]:       000000140d4e2b24 (nnSdk + 0x95b24)
        ReturnAddress[06]:       0000000000000000
    Stack Dump:                               00 01 02 03 04 05 06 07 08 09 0a 0b 0c 0d 0e 0f
                                 001b43e7cec0 00 00 00 00 00 00 00 00 00 00 00 00 00 00 00 00
                                 001b43e7ced0 70 b9 48 4e 27 00 00 00 38 b9 48 4e 27 00 00 00
                                 001b43e7cee0 10 cf e7 43 1b 00 00 00 38 bd 4d 0d 14 00 00 00
                                 001b43e7cef0 00 00 00 00 00 00 00 00 d4 b1 4e 4e 27 00 00 00
                                 001b43e7cf00 38 b9 48 4e 27 00 00 00 08 b9 48 4e 27 00 00 00
                                 001b43e7cf10 30 cf e7 43 1b 00 00 00 98 90 02 0c 14 00 00 00
                                 001b43e7cf20 08 b9 48 4e 27 00 00 00 01 00 00 00 00 00 00 00
                                 001b43e7cf30 50 cf e7 43 1b 00 00 00 40 9b 02 0c 14 00 00 00
                                 001b43e7cf40 00 00 00 00 00 00 00 00 08 b9 48 4e 27 00 00 00
                                 001b43e7cf50 70 cf e7 43 1b 00 00 00 cc 93 02 0c 14 00 00 00
                                 001b43e7cf60 d0 b1 4e 4e 27 00 00 00 20 b0 4e 4e 27 00 00 00
                                 001b43e7cf70 a0 cf e7 43 1b 00 00 00 48 eb 4d 0d 14 00 00 00
                                 001b43e7cf80 00 00 00 00 00 00 00 00 00 00 00 00 00 00 00 00
                                 001b43e7cf90 00 00 00 00 00 00 00 00 20 b0 4e 4e 27 00 00 00
                                 001b43e7cfa0 d0 cf e7 43 1b 00 00 00 24 2b 4e 0d 14 00 00 00
                                 001b43e7cfb0 00 00 00 00 00 00 00 00 00 00 00 00 00 00 00 00
    TLS Address:                 00000051d6e5c400
    TLS Dump:                                 00 01 02 03 04 05 06 07 08 09 0a 0b 0c 0d 0e 0f
                                 0051d6e5c400 00 00 00 00 00 00 00 00 00 00 00 00 00 00 00 00
                                 0051d6e5c410 00 00 00 00 00 00 00 00 00 00 00 00 00 00 00 00
                                 0051d6e5c420 00 00 00 00 00 00 00 00 00 00 00 00 00 00 00 00
                                 0051d6e5c430 00 00 00 00 00 00 00 00 00 00 00 00 00 00 00 00
                                 0051d6e5c440 00 00 00 00 00 00 00 00 00 00 00 00 00 00 00 00
                                 0051d6e5c450 00 00 00 00 00 00 00 00 00 00 00 00 00 00 00 00
                                 0051d6e5c460 00 00 00 00 00 00 00 00 00 00 00 00 00 00 00 00
                                 0051d6e5c470 00 00 00 00 00 00 00 00 00 00 00 00 00 00 00 00
                                 0051d6e5c480 00 00 00 00 00 00 00 00 00 00 00 00 00 00 00 00
                                 0051d6e5c490 00 00 00 00 00 00 00 00 00 00 00 00 00 00 00 00
                                 0051d6e5c4a0 00 00 00 00 00 00 00 00 00 00 00 00 00 00 00 00
                                 0051d6e5c4b0 00 00 00 00 00 00 00 00 00 00 00 00 00 00 00 00
                                 0051d6e5c4c0 00 00 00 00 00 00 00 00 00 00 00 00 00 00 00 00
                                 0051d6e5c4d0 00 00 00 00 00 00 00 00 00 00 00 00 00 00 00 00
                                 0051d6e5c4e0 00 00 00 00 00 00 00 00 00 00 00 00 00 00 00 00
                                 0051d6e5c4f0 00 00 00 00 00 00 00 00 00 00 00 00 00 00 00 00
Threads[10]:
    Thread ID:                   00000000000002a9
    Thread Name:                 SaveDataManager
    Stack Region:                0000001b7ae6c000-0000001b7ae85000
    Registers:
        X[00]:                   000000276200caa8
        X[01]:                   000000276200cab0
        X[02]:                   00000000001381dd
        X[03]:                   ffffffffffffffff
        X[04]:                   0000000000000000
        X[05]:                   0000000000000000
        X[06]:                   0000000000000000
        X[07]:                   0000000000000000
        X[08]:                   0000000000000000
        X[09]:                   0000000000000000
        X[10]:                   0000000000000000
        X[11]:                   0000000000000000
        X[12]:                   0000000000000000
        X[13]:                   0000000000000000
        X[14]:                   0000000000000000
        X[15]:                   0000000000000000
        X[16]:                   0000000000000000
        X[17]:                   0000000000000000
        X[18]:                   0000000000000000
        X[19]:                   0000000000000000
        X[20]:                   0000000000000000
        X[21]:                   0000000000000000
        X[22]:                   0000000000000000
        X[23]:                   0000000000000000
        X[24]:                   0000000000000000
        X[25]:                   0000000000000000
        X[26]:                   0000000000000000
        X[27]:                   0000000000000000
        X[28]:                   0000000000000000
        FP:                      0000001b7ae84ee0
        LR:                      000000140d4e39e8 (nnSdk + 0x969e8) (_ZN2nn2os6detail38InternalConditionVariableImplByHorizon4WaitEPNS1_23InternalCriticalSectionE + 0x30)
        SP:                      0000001b7ae84ec0
        PC:                      000000140d4fe56c (nnSdk + 0xb156c)
    Stack Trace:
        ReturnAddress[00]:       000000140d4dbd38 (nnSdk + 0x8ed38) (_ZN2nn2os19ReceiveMessageQueueEPmPNS0_16MessageQueueTypeE + 0x3c)
        ReturnAddress[01]:       000000140c029098 (TurboS.nss + 0x625098)
        ReturnAddress[02]:       000000140c029b40 (TurboS.nss + 0x625b40)
        ReturnAddress[03]:       000000140c0293cc (TurboS.nss + 0x6253cc)
        ReturnAddress[04]:       000000140d4deb48 (nnSdk + 0x91b48)
        ReturnAddress[05]:       000000140d4e2b24 (nnSdk + 0x95b24)
        ReturnAddress[06]:       0000000000000000
    Stack Dump:                               00 01 02 03 04 05 06 07 08 09 0a 0b 0c 0d 0e 0f
                                 001b7ae84ec0 00 00 00 00 00 00 00 00 20 94 e2 0d 14 00 00 00
                                 001b7ae84ed0 a8 ca 00 62 27 00 00 00 70 ca 00 62 27 00 00 00
                                 001b7ae84ee0 10 4f e8 7a 1b 00 00 00 38 bd 4d 0d 14 00 00 00
                                 001b7ae84ef0 00 00 00 00 00 00 00 00 d4 41 0f 62 27 00 00 00
                                 001b7ae84f00 70 ca 00 62 27 00 00 00 40 ca 00 62 27 00 00 00
                                 001b7ae84f10 30 4f e8 7a 1b 00 00 00 98 90 02 0c 14 00 00 00
                                 001b7ae84f20 70 ca 00 62 27 00 00 00 40 ca 00 62 27 00 00 00
                                 001b7ae84f30 50 4f e8 7a 1b 00 00 00 40 9b 02 0c 14 00 00 00
                                 001b7ae84f40 00 00 00 00 00 00 00 00 40 ca 00 62 27 00 00 00
                                 001b7ae84f50 70 4f e8 7a 1b 00 00 00 cc 93 02 0c 14 00 00 00
                                 001b7ae84f60 d0 41 0f 62 27 00 00 00 20 40 0f 62 27 00 00 00
                                 001b7ae84f70 a0 4f e8 7a 1b 00 00 00 48 eb 4d 0d 14 00 00 00
                                 001b7ae84f80 00 00 00 00 00 00 00 00 00 00 00 00 00 00 00 00
                                 001b7ae84f90 00 00 00 00 00 00 00 00 20 40 0f 62 27 00 00 00
                                 001b7ae84fa0 d0 4f e8 7a 1b 00 00 00 24 2b 4e 0d 14 00 00 00
                                 001b7ae84fb0 00 00 00 00 00 00 00 00 00 00 00 00 00 00 00 00
    TLS Address:                 00000051d6e5c600
    TLS Dump:                                 00 01 02 03 04 05 06 07 08 09 0a 0b 0c 0d 0e 0f
                                 0051d6e5c600 00 00 00 00 0c 00 00 00 00 00 00 00 00 00 00 00
                                 0051d6e5c610 00 00 00 00 00 00 00 00 00 00 00 00 00 00 00 00
                                 0051d6e5c620 53 46 43 4f 00 00 00 00 00 00 00 00 a1 ea ef 56
                                 0051d6e5c630 00 00 00 00 00 00 00 00 01 00 00 00 00 00 00 00
                                 0051d6e5c640 00 00 00 00 00 00 00 00 48 00 00 00 00 00 00 00
                                 0051d6e5c650 18 3b 01 00 00 00 00 00 00 00 00 00 00 00 00 00
                                 0051d6e5c660 00 00 00 00 00 00 00 00 00 00 00 00 00 00 00 00
                                 0051d6e5c670 00 00 00 00 00 00 00 00 00 00 00 00 00 00 00 00
                                 0051d6e5c680 00 00 00 00 00 00 00 00 00 00 00 00 00 00 00 00
                                 0051d6e5c690 00 00 00 00 00 00 00 00 00 00 00 00 00 00 00 00
                                 0051d6e5c6a0 00 00 00 00 00 00 00 00 00 00 00 00 00 00 00 00
                                 0051d6e5c6b0 00 00 00 00 00 00 00 00 00 00 00 00 00 00 00 00
                                 0051d6e5c6c0 00 00 00 00 00 00 00 00 00 00 00 00 00 00 00 00
                                 0051d6e5c6d0 00 00 00 00 00 00 00 00 00 00 00 00 00 00 00 00
                                 0051d6e5c6e0 00 00 00 00 00 00 00 00 00 00 00 00 00 00 00 00
                                 0051d6e5c6f0 00 00 00 00 00 00 00 00 00 00 00 00 00 00 00 00
Threads[11]:
    Thread ID:                   00000000000002aa
    Thread Name:                 ContentsThread
    Stack Region:                0000001b09821000-0000001b09829000
    Registers:
        X[00]:                   0000002762622e28
        X[01]:                   0000002762622e30
        X[02]:                   00000000001401dc
        X[03]:                   ffffffffffffffff
        X[04]:                   0000000000000000
        X[05]:                   0000000000000000
        X[06]:                   0000000000000000
        X[07]:                   0000000000000000
        X[08]:                   0000000000000000
        X[09]:                   0000000000000000
        X[10]:                   0000000000000000
        X[11]:                   0000000000000000
        X[12]:                   0000000000000000
        X[13]:                   0000000000000000
        X[14]:                   0000000000000000
        X[15]:                   0000000000000000
        X[16]:                   0000000000000000
        X[17]:                   0000000000000000
        X[18]:                   0000000000000000
        X[19]:                   0000000000000000
        X[20]:                   0000000000000000
        X[21]:                   0000000000000000
        X[22]:                   0000000000000000
        X[23]:                   0000000000000000
        X[24]:                   0000000000000000
        X[25]:                   0000000000000000
        X[26]:                   0000000000000000
        X[27]:                   0000000000000000
        X[28]:                   0000000000000000
        FP:                      0000001b09828ee0
        LR:                      000000140d4e39e8 (nnSdk + 0x969e8) (_ZN2nn2os6detail38InternalConditionVariableImplByHorizon4WaitEPNS1_23InternalCriticalSectionE + 0x30)
        SP:                      0000001b09828ec0
        PC:                      000000140d4fe56c (nnSdk + 0xb156c)
    Stack Trace:
        ReturnAddress[00]:       000000140d4dbd38 (nnSdk + 0x8ed38) (_ZN2nn2os19ReceiveMessageQueueEPmPNS0_16MessageQueueTypeE + 0x3c)
        ReturnAddress[01]:       000000140c029098 (TurboS.nss + 0x625098)
        ReturnAddress[02]:       000000140c029b40 (TurboS.nss + 0x625b40)
        ReturnAddress[03]:       000000140c0293cc (TurboS.nss + 0x6253cc)
        ReturnAddress[04]:       000000140d4deb48 (nnSdk + 0x91b48)
        ReturnAddress[05]:       000000140d4e2b24 (nnSdk + 0x95b24)
        ReturnAddress[06]:       0000000000000000
    Stack Dump:                               00 01 02 03 04 05 06 07 08 09 0a 0b 0c 0d 0e 0f
                                 001b09828ec0 00 00 00 00 00 00 00 00 00 00 00 00 00 00 00 00
                                 001b09828ed0 28 2e 62 62 27 00 00 00 f0 2d 62 62 27 00 00 00
                                 001b09828ee0 10 8f 82 09 1b 00 00 00 38 bd 4d 0d 14 00 00 00
                                 001b09828ef0 00 00 00 00 00 00 00 00 d4 d1 62 62 27 00 00 00
                                 001b09828f00 f0 2d 62 62 27 00 00 00 c0 2d 62 62 27 00 00 00
                                 001b09828f10 30 8f 82 09 1b 00 00 00 98 90 02 0c 14 00 00 00
                                 001b09828f20 c0 2d 62 62 27 00 00 00 c0 2d 62 62 27 00 00 00
                                 001b09828f30 50 8f 82 09 1b 00 00 00 40 9b 02 0c 14 00 00 00
                                 001b09828f40 00 00 00 00 00 00 00 00 c0 2d 62 62 27 00 00 00
                                 001b09828f50 70 8f 82 09 1b 00 00 00 cc 93 02 0c 14 00 00 00
                                 001b09828f60 d0 d1 62 62 27 00 00 00 20 d0 62 62 27 00 00 00
                                 001b09828f70 a0 8f 82 09 1b 00 00 00 48 eb 4d 0d 14 00 00 00
                                 001b09828f80 00 00 00 00 00 00 00 00 00 00 00 00 00 00 00 00
                                 001b09828f90 00 00 00 00 00 00 00 00 20 d0 62 62 27 00 00 00
                                 001b09828fa0 d0 8f 82 09 1b 00 00 00 24 2b 4e 0d 14 00 00 00
                                 001b09828fb0 00 00 00 00 00 00 00 00 00 00 00 00 00 00 00 00
    TLS Address:                 00000051d6e5c800
    TLS Dump:                                 00 01 02 03 04 05 06 07 08 09 0a 0b 0c 0d 0e 0f
                                 0051d6e5c800 04 00 00 00 08 00 00 00 00 00 00 00 00 00 00 00
                                 0051d6e5c810 02 00 00 00 a1 00 00 00 00 00 00 00 00 00 00 00
                                 0051d6e5c820 53 46 43 4f 00 00 00 00 00 00 00 00 3d f9 49 27
                                 0051d6e5c830 00 00 00 00 00 00 00 00 00 00 00 00 00 00 00 00
                                 0051d6e5c840 53 46 43 49 00 00 00 00 75 27 00 00 00 00 00 00
                                 0051d6e5c850 49 f4 4a 00 00 00 00 10 a2 bb 15 d1 90 7b 0b fc
                                 0051d6e5c860 00 00 00 00 00 00 00 00 00 00 00 00 00 00 00 00
                                 0051d6e5c870 00 00 00 00 00 00 00 00 00 00 00 00 00 00 00 00
                                 0051d6e5c880 00 00 00 00 00 00 00 00 00 00 00 00 00 00 00 00
                                 0051d6e5c890 00 00 00 00 00 00 00 00 00 00 00 00 00 00 00 00
                                 0051d6e5c8a0 00 00 00 00 00 00 00 00 00 00 00 00 00 00 00 00
                                 0051d6e5c8b0 00 00 00 00 00 00 00 00 00 00 00 00 00 00 00 00
                                 0051d6e5c8c0 00 00 00 00 00 00 00 00 00 00 00 00 00 00 00 00
                                 0051d6e5c8d0 00 00 00 00 00 00 00 00 00 00 00 00 00 00 00 00
                                 0051d6e5c8e0 00 00 00 00 00 00 00 00 00 00 00 00 00 00 00 00
                                 0051d6e5c8f0 00 00 00 00 00 00 00 00 00 00 00 00 00 00 00 00
Threads[12]:
    Thread ID:                   00000000000002ab
    Thread Name:                 ControllerAppletThread
    Stack Region:                0000001b0eade000-0000001b0eae0000
    Registers:
        X[00]:                   0000000000000000
        X[01]:                   0000000000000000
        X[02]:                   0000000000000000
        X[03]:                   0000000000000000
        X[04]:                   0000000000000000
        X[05]:                   0000000000000000
        X[06]:                   0000000000000000
        X[07]:                   0000000000000000
        X[08]:                   0000000000000000
        X[09]:                   0000000000000000
        X[10]:                   0000000000000000
        X[11]:                   0000000000000000
        X[12]:                   0000000000000000
        X[13]:                   0000000000000000
        X[14]:                   0000000000000000
        X[15]:                   0000000000000000
        X[16]:                   0000000000000000
        X[17]:                   0000000000000000
        X[18]:                   0000000000000000
        X[19]:                   0000000000000000
        X[20]:                   0000000000000000
        X[21]:                   0000000000000000
        X[22]:                   0000000000000000
        X[23]:                   0000000000000000
        X[24]:                   0000000000000000
        X[25]:                   0000000000000000
        X[26]:                   0000000000000000
        X[27]:                   0000000000000000
        X[28]:                   0000000000000000
        FP:                      0000001b0eadfcd0
        LR:                      000000140d4926dc (nnSdk + 0x456dc) (_ZN2nn4diag6detail5AbortEv + 0x18)
        SP:                      0000001b0eadfcd0
        PC:                      000000140d4fe5d4 (nnSdk + 0xb15d4)
    Stack Trace:
        ReturnAddress[00]:       000000140d4914a8 (nnSdk + 0x444a8) (_ZN2nn4diag6detail9AbortImplEPKcS3_S3_iPKNS_6ResultEPKNS_2os17UserExceptionInfoES3_z + 0x0)
        ReturnAddress[01]:       000000140d491560 (nnSdk + 0x44560) (_ZN2nn4diag6detail9AbortImplEPKcS3_S3_iS3_z + 0x0)
        ReturnAddress[02]:       000000140d4915f0 (nnSdk + 0x445f0) (_ZN2nn4diag6detail18OnAssertionFailureENS0_13AssertionTypeEPKcS4_S4_iS4_z + 0x0)
        ReturnAddress[03]:       000000140d601a00 (nnSdk + 0x1b4a00) (_ZN2nn2la22StartLibraryAppletEasyENS_6applet8AppletIdERKNS0_21CommonArgumentsWriterEPKvmPvmPmb + 0x0)
        ReturnAddress[04]:       000000140d69bf70 (nnSdk + 0x24ef70) (_ZN2nn3hid6detail25ShowControllerSupportCoreEPNS0_27ControllerSupportResultInfoERKNS0_20ControllerSupportArgERKNS0_6system27Con + 0xc0)
        ReturnAddress[05]:       000000140d69c1dc (nnSdk + 0x24f1dc) (_ZN2nn3hid21ShowControllerSupportEPNS0_27ControllerSupportResultInfoERKNS0_20ControllerSupportArgE + 0x48)
        ReturnAddress[06]:       000000140c271bec (TurboS.nss + 0x86dbec)
        ReturnAddress[07]:       000000140c029b34 (TurboS.nss + 0x625b34)
        ReturnAddress[08]:       000000140c0293cc (TurboS.nss + 0x6253cc)
        ReturnAddress[09]:       000000140d4deb48 (nnSdk + 0x91b48)
        ReturnAddress[10]:       000000140d4e2b24 (nnSdk + 0x95b24)
        ReturnAddress[11]:       0000000000000000
    Stack Dump:                               00 01 02 03 04 05 06 07 08 09 0a 0b 0c 0d 0e 0f
                                 001b0eadfcd0 70 fd ad 0e 1b 00 00 00 a8 14 49 0d 14 00 00 00
                                 001b0eadfce0 03 00 00 00 14 00 00 00 50 fd ad 0e 1b 00 00 00
                                 001b0eadfcf0 c0 46 be 0d 14 00 00 00 c0 46 be 0d 14 00 00 00
                                 001b0eadfd00 c0 46 be 0d 14 00 00 00 00 00 00 00 00 00 00 00
                                 001b0eadfd10 00 00 00 00 00 00 00 00 00 00 00 00 00 00 00 00
                                 001b0eadfd20 03 00 00 00 14 00 00 00 50 fd ad 0e 1b 00 00 00
                                 001b0eadfd30 c0 46 be 0d 14 00 00 00 c0 46 be 0d 14 00 00 00
                                 001b0eadfd40 c0 46 be 0d 14 00 00 00 00 00 00 00 00 00 00 00
                                 001b0eadfd50 c0 46 be 0d 14 00 00 00 10 fe ad 0e 1b 00 00 00
                                 001b0eadfd60 a5 11 ec 62 27 00 00 00 20 c7 df 0d 14 00 00 00
                                 001b0eadfd70 30 fe ad 0e 1b 00 00 00 60 15 49 0d 14 00 00 00
                                 001b0eadfd80 00 00 00 00 00 00 00 00 00 00 00 00 00 00 00 00
                                 001b0eadfd90 00 00 00 00 00 00 00 00 00 00 00 00 00 00 00 00
                                 001b0eadfda0 00 00 00 00 00 00 00 00 00 00 00 00 00 00 00 00
                                 001b0eadfdb0 00 00 00 00 00 00 00 00 00 00 00 00 00 00 00 00
                                 001b0eadfdc0 00 00 00 00 00 00 00 00 00 00 00 00 00 00 00 00
    TLS Address:                 00000051d6e5ca00
    TLS Dump:                                 00 01 02 03 04 05 06 07 08 09 0a 0b 0c 0d 0e 0f
                                 0051d6e5ca00 00 00 00 00 0c 00 00 00 00 00 00 00 00 00 00 00
                                 0051d6e5ca10 00 00 00 00 00 00 00 00 00 00 00 00 00 00 00 00
                                 0051d6e5ca20 53 46 43 4f 00 00 00 00 00 00 00 00 0e 61 f9 21
                                 0051d6e5ca30 00 00 00 00 00 00 00 00 0a 00 00 00 00 00 00 00
                                 0051d6e5ca40 00 00 00 00 00 00 00 00 00 00 00 00 00 00 00 00
                                 0051d6e5ca50 00 00 00 00 00 00 00 00 00 00 00 00 00 00 00 00
                                 0051d6e5ca60 00 00 00 00 00 00 00 00 00 00 00 00 00 00 00 00
                                 0051d6e5ca70 00 00 00 00 00 00 00 00 00 00 00 00 00 00 00 00
                                 0051d6e5ca80 00 00 00 00 00 00 00 00 00 00 00 00 00 00 00 00
                                 0051d6e5ca90 00 00 00 00 00 00 00 00 00 00 00 00 00 00 00 00
                                 0051d6e5caa0 00 00 00 00 00 00 00 00 00 00 00 00 00 00 00 00
                                 0051d6e5cab0 00 00 00 00 00 00 00 00 00 00 00 00 00 00 00 00
                                 0051d6e5cac0 00 00 00 00 00 00 00 00 00 00 00 00 00 00 00 00
                                 0051d6e5cad0 00 00 00 00 00 00 00 00 00 00 00 00 00 00 00 00
                                 0051d6e5cae0 00 00 00 00 00 00 00 00 00 00 00 00 00 00 00 00
                                 0051d6e5caf0 00 00 00 00 00 00 00 00 00 00 00 00 00 00 00 00
Threads[13]:
    Thread ID:                   00000000000002ac
    Thread Name:                 KeyboardAppletThread
    Stack Region:                0000001b0a820000-0000001b0a822000
    Registers:
        X[00]:                   0000002762ec1430
        X[01]:                   0000002762ec1438
        X[02]:                   00000000001501da
        X[03]:                   ffffffffffffffff
        X[04]:                   0000000000000000
        X[05]:                   0000000000000000
        X[06]:                   0000000000000000
        X[07]:                   0000000000000000
        X[08]:                   0000000000000000
        X[09]:                   0000000000000000
        X[10]:                   0000000000000000
        X[11]:                   0000000000000000
        X[12]:                   0000000000000000
        X[13]:                   0000000000000000
        X[14]:                   0000000000000000
        X[15]:                   0000000000000000
        X[16]:                   0000000000000000
        X[17]:                   0000000000000000
        X[18]:                   0000000000000000
        X[19]:                   0000000000000000
        X[20]:                   0000000000000000
        X[21]:                   0000000000000000
        X[22]:                   0000000000000000
        X[23]:                   0000000000000000
        X[24]:                   0000000000000000
        X[25]:                   0000000000000000
        X[26]:                   0000000000000000
        X[27]:                   0000000000000000
        X[28]:                   0000000000000000
        FP:                      0000001b0a821ee0
        LR:                      000000140d4e39e8 (nnSdk + 0x969e8) (_ZN2nn2os6detail38InternalConditionVariableImplByHorizon4WaitEPNS1_23InternalCriticalSectionE + 0x30)
        SP:                      0000001b0a821ec0
        PC:                      000000140d4fe56c (nnSdk + 0xb156c)
    Stack Trace:
        ReturnAddress[00]:       000000140d4dbd38 (nnSdk + 0x8ed38) (_ZN2nn2os19ReceiveMessageQueueEPmPNS0_16MessageQueueTypeE + 0x3c)
        ReturnAddress[01]:       000000140c029098 (TurboS.nss + 0x625098)
        ReturnAddress[02]:       000000140c029b40 (TurboS.nss + 0x625b40)
        ReturnAddress[03]:       000000140c0293cc (TurboS.nss + 0x6253cc)
        ReturnAddress[04]:       000000140d4deb48 (nnSdk + 0x91b48)
        ReturnAddress[05]:       000000140d4e2b24 (nnSdk + 0x95b24)
        ReturnAddress[06]:       0000000000000000
    Stack Dump:                               00 01 02 03 04 05 06 07 08 09 0a 0b 0c 0d 0e 0f
                                 001b0a821ec0 00 00 00 00 00 00 00 00 00 00 00 00 00 00 00 00
                                 001b0a821ed0 30 14 ec 62 27 00 00 00 f8 13 ec 62 27 00 00 00
                                 001b0a821ee0 10 1f 82 0a 1b 00 00 00 38 bd 4d 0d 14 00 00 00
                                 001b0a821ef0 00 00 00 00 00 00 00 00 d4 71 ec 62 27 00 00 00
                                 001b0a821f00 f8 13 ec 62 27 00 00 00 c8 13 ec 62 27 00 00 00
                                 001b0a821f10 30 1f 82 0a 1b 00 00 00 98 90 02 0c 14 00 00 00
                                 001b0a821f20 00 00 00 00 00 00 00 00 00 00 00 00 00 00 00 00
                                 001b0a821f30 50 1f 82 0a 1b 00 00 00 40 9b 02 0c 14 00 00 00
                                 001b0a821f40 00 00 00 00 00 00 00 00 c8 13 ec 62 27 00 00 00
                                 001b0a821f50 70 1f 82 0a 1b 00 00 00 cc 93 02 0c 14 00 00 00
                                 001b0a821f60 d0 71 ec 62 27 00 00 00 20 70 ec 62 27 00 00 00
                                 001b0a821f70 a0 1f 82 0a 1b 00 00 00 48 eb 4d 0d 14 00 00 00
                                 001b0a821f80 00 00 00 00 00 00 00 00 00 00 00 00 00 00 00 00
                                 001b0a821f90 00 00 00 00 00 00 00 00 20 70 ec 62 27 00 00 00
                                 001b0a821fa0 d0 1f 82 0a 1b 00 00 00 24 2b 4e 0d 14 00 00 00
                                 001b0a821fb0 00 00 00 00 00 00 00 00 00 00 00 00 00 00 00 00
    TLS Address:                 00000051d6e5cc00
    TLS Dump:                                 00 01 02 03 04 05 06 07 08 09 0a 0b 0c 0d 0e 0f
                                 0051d6e5cc00 00 00 00 00 00 00 00 00 00 00 00 00 00 00 00 00
                                 0051d6e5cc10 00 00 00 00 00 00 00 00 00 00 00 00 00 00 00 00
                                 0051d6e5cc20 00 00 00 00 00 00 00 00 00 00 00 00 00 00 00 00
                                 0051d6e5cc30 00 00 00 00 00 00 00 00 00 00 00 00 00 00 00 00
                                 0051d6e5cc40 00 00 00 00 00 00 00 00 00 00 00 00 00 00 00 00
                                 0051d6e5cc50 00 00 00 00 00 00 00 00 00 00 00 00 00 00 00 00
                                 0051d6e5cc60 00 00 00 00 00 00 00 00 00 00 00 00 00 00 00 00
                                 0051d6e5cc70 00 00 00 00 00 00 00 00 00 00 00 00 00 00 00 00
                                 0051d6e5cc80 00 00 00 00 00 00 00 00 00 00 00 00 00 00 00 00
                                 0051d6e5cc90 00 00 00 00 00 00 00 00 00 00 00 00 00 00 00 00
                                 0051d6e5cca0 00 00 00 00 00 00 00 00 00 00 00 00 00 00 00 00
                                 0051d6e5ccb0 00 00 00 00 00 00 00 00 00 00 00 00 00 00 00 00
                                 0051d6e5ccc0 00 00 00 00 00 00 00 00 00 00 00 00 00 00 00 00
                                 0051d6e5ccd0 00 00 00 00 00 00 00 00 00 00 00 00 00 00 00 00
                                 0051d6e5cce0 00 00 00 00 00 00 00 00 00 00 00 00 00 00 00 00
                                 0051d6e5ccf0 00 00 00 00 00 00 00 00 00 00 00 00 00 00 00 00
Threads[14]:
    Thread ID:                   00000000000002ad
    Thread Name:                 OfflineWebAppletThread
    Stack Region:                0000001b3d8c6000-0000001b3d8ca000
    Registers:
        X[00]:                   0000002762ec1978
        X[01]:                   0000002762ec1980
        X[02]:                   00000000001581d9
        X[03]:                   ffffffffffffffff
        X[04]:                   0000000000000000
        X[05]:                   0000000000000000
        X[06]:                   0000000000000000
        X[07]:                   0000000000000000
        X[08]:                   0000000000000000
        X[09]:                   0000000000000000
        X[10]:                   0000000000000000
        X[11]:                   0000000000000000
        X[12]:                   0000000000000000
        X[13]:                   0000000000000000
        X[14]:                   0000000000000000
        X[15]:                   0000000000000000
        X[16]:                   0000000000000000
        X[17]:                   0000000000000000
        X[18]:                   0000000000000000
        X[19]:                   0000000000000000
        X[20]:                   0000000000000000
        X[21]:                   0000000000000000
        X[22]:                   0000000000000000
        X[23]:                   0000000000000000
        X[24]:                   0000000000000000
        X[25]:                   0000000000000000
        X[26]:                   0000000000000000
        X[27]:                   0000000000000000
        X[28]:                   0000000000000000
        FP:                      0000001b3d8c9ee0
        LR:                      000000140d4e39e8 (nnSdk + 0x969e8) (_ZN2nn2os6detail38InternalConditionVariableImplByHorizon4WaitEPNS1_23InternalCriticalSectionE + 0x30)
        SP:                      0000001b3d8c9ec0
        PC:                      000000140d4fe56c (nnSdk + 0xb156c)
    Stack Trace:
        ReturnAddress[00]:       000000140d4dbd38 (nnSdk + 0x8ed38) (_ZN2nn2os19ReceiveMessageQueueEPmPNS0_16MessageQueueTypeE + 0x3c)
        ReturnAddress[01]:       000000140c029098 (TurboS.nss + 0x625098)
        ReturnAddress[02]:       000000140c029b40 (TurboS.nss + 0x625b40)
        ReturnAddress[03]:       000000140c0293cc (TurboS.nss + 0x6253cc)
        ReturnAddress[04]:       000000140d4deb48 (nnSdk + 0x91b48)
        ReturnAddress[05]:       000000140d4e2b24 (nnSdk + 0x95b24)
        ReturnAddress[06]:       0000000000000000
    Stack Dump:                               00 01 02 03 04 05 06 07 08 09 0a 0b 0c 0d 0e 0f
                                 001b3d8c9ec0 00 00 00 00 00 00 00 00 00 00 00 00 00 00 00 00
                                 001b3d8c9ed0 78 19 ec 62 27 00 00 00 40 19 ec 62 27 00 00 00
                                 001b3d8c9ee0 10 9f 8c 3d 1b 00 00 00 38 bd 4d 0d 14 00 00 00
                                 001b3d8c9ef0 00 00 00 00 00 00 00 00 d4 01 ed 62 27 00 00 00
                                 001b3d8c9f00 40 19 ec 62 27 00 00 00 10 19 ec 62 27 00 00 00
                                 001b3d8c9f10 30 9f 8c 3d 1b 00 00 00 98 90 02 0c 14 00 00 00
                                 001b3d8c9f20 00 00 00 00 00 00 00 00 00 00 00 00 00 00 00 00
                                 001b3d8c9f30 50 9f 8c 3d 1b 00 00 00 40 9b 02 0c 14 00 00 00
                                 001b3d8c9f40 00 00 00 00 00 00 00 00 10 19 ec 62 27 00 00 00
                                 001b3d8c9f50 70 9f 8c 3d 1b 00 00 00 cc 93 02 0c 14 00 00 00
                                 001b3d8c9f60 d0 01 ed 62 27 00 00 00 20 00 ed 62 27 00 00 00
                                 001b3d8c9f70 a0 9f 8c 3d 1b 00 00 00 48 eb 4d 0d 14 00 00 00
                                 001b3d8c9f80 00 00 00 00 00 00 00 00 00 00 00 00 00 00 00 00
                                 001b3d8c9f90 00 00 00 00 00 00 00 00 20 00 ed 62 27 00 00 00
                                 001b3d8c9fa0 d0 9f 8c 3d 1b 00 00 00 24 2b 4e 0d 14 00 00 00
                                 001b3d8c9fb0 00 00 00 00 00 00 00 00 00 00 00 00 00 00 00 00
    TLS Address:                 00000051d6e5ce00
    TLS Dump:                                 00 01 02 03 04 05 06 07 08 09 0a 0b 0c 0d 0e 0f
                                 0051d6e5ce00 00 00 00 00 00 00 00 00 00 00 00 00 00 00 00 00
                                 0051d6e5ce10 00 00 00 00 00 00 00 00 00 00 00 00 00 00 00 00
                                 0051d6e5ce20 00 00 00 00 00 00 00 00 00 00 00 00 00 00 00 00
                                 0051d6e5ce30 00 00 00 00 00 00 00 00 00 00 00 00 00 00 00 00
                                 0051d6e5ce40 00 00 00 00 00 00 00 00 00 00 00 00 00 00 00 00
                                 0051d6e5ce50 00 00 00 00 00 00 00 00 00 00 00 00 00 00 00 00
                                 0051d6e5ce60 00 00 00 00 00 00 00 00 00 00 00 00 00 00 00 00
                                 0051d6e5ce70 00 00 00 00 00 00 00 00 00 00 00 00 00 00 00 00
                                 0051d6e5ce80 00 00 00 00 00 00 00 00 00 00 00 00 00 00 00 00
                                 0051d6e5ce90 00 00 00 00 00 00 00 00 00 00 00 00 00 00 00 00
                                 0051d6e5cea0 00 00 00 00 00 00 00 00 00 00 00 00 00 00 00 00
                                 0051d6e5ceb0 00 00 00 00 00 00 00 00 00 00 00 00 00 00 00 00
                                 0051d6e5cec0 00 00 00 00 00 00 00 00 00 00 00 00 00 00 00 00
                                 0051d6e5ced0 00 00 00 00 00 00 00 00 00 00 00 00 00 00 00 00
                                 0051d6e5cee0 00 00 00 00 00 00 00 00 00 00 00 00 00 00 00 00
                                 0051d6e5cef0 00 00 00 00 00 00 00 00 00 00 00 00 00 00 00 00
Threads[15]:
    Thread ID:                   00000000000002ae
    Thread Name:                 MiiEditAppletThread
    Stack Region:                0000001b70d28000-0000001b70d29000
    Registers:
        X[00]:                   0000002762ec1a70
        X[01]:                   0000002762ec1a78
        X[02]:                   00000000001601d8
        X[03]:                   ffffffffffffffff
        X[04]:                   0000000000000000
        X[05]:                   0000000000000000
        X[06]:                   0000000000000000
        X[07]:                   0000000000000000
        X[08]:                   0000000000000000
        X[09]:                   0000000000000000
        X[10]:                   0000000000000000
        X[11]:                   0000000000000000
        X[12]:                   0000000000000000
        X[13]:                   0000000000000000
        X[14]:                   0000000000000000
        X[15]:                   0000000000000000
        X[16]:                   0000000000000000
        X[17]:                   0000000000000000
        X[18]:                   0000000000000000
        X[19]:                   0000000000000000
        X[20]:                   0000000000000000
        X[21]:                   0000000000000000
        X[22]:                   0000000000000000
        X[23]:                   0000000000000000
        X[24]:                   0000000000000000
        X[25]:                   0000000000000000
        X[26]:                   0000000000000000
        X[27]:                   0000000000000000
        X[28]:                   0000000000000000
        FP:                      0000001b70d28ee0
        LR:                      000000140d4e39e8 (nnSdk + 0x969e8) (_ZN2nn2os6detail38InternalConditionVariableImplByHorizon4WaitEPNS1_23InternalCriticalSectionE + 0x30)
        SP:                      0000001b70d28ec0
        PC:                      000000140d4fe56c (nnSdk + 0xb156c)
    Stack Trace:
        ReturnAddress[00]:       000000140d4dbd38 (nnSdk + 0x8ed38) (_ZN2nn2os19ReceiveMessageQueueEPmPNS0_16MessageQueueTypeE + 0x3c)
        ReturnAddress[01]:       000000140c029098 (TurboS.nss + 0x625098)
        ReturnAddress[02]:       000000140c029b40 (TurboS.nss + 0x625b40)
        ReturnAddress[03]:       000000140c0293cc (TurboS.nss + 0x6253cc)
        ReturnAddress[04]:       000000140d4deb48 (nnSdk + 0x91b48)
        ReturnAddress[05]:       000000140d4e2b24 (nnSdk + 0x95b24)
        ReturnAddress[06]:       0000000000000000
    Stack Dump:                               00 01 02 03 04 05 06 07 08 09 0a 0b 0c 0d 0e 0f
                                 001b70d28ec0 00 00 00 00 00 00 00 00 00 00 00 00 00 00 00 00
                                 001b70d28ed0 70 1a ec 62 27 00 00 00 38 1a ec 62 27 00 00 00
                                 001b70d28ee0 10 8f d2 70 1b 00 00 00 38 bd 4d 0d 14 00 00 00
                                 001b70d28ef0 00 00 00 00 00 00 00 00 d4 21 ed 62 27 00 00 00
                                 001b70d28f00 38 1a ec 62 27 00 00 00 08 1a ec 62 27 00 00 00
                                 001b70d28f10 30 8f d2 70 1b 00 00 00 98 90 02 0c 14 00 00 00
                                 001b70d28f20 00 00 00 00 00 00 00 00 00 00 00 00 00 00 00 00
                                 001b70d28f30 50 8f d2 70 1b 00 00 00 40 9b 02 0c 14 00 00 00
                                 001b70d28f40 00 00 00 00 00 00 00 00 08 1a ec 62 27 00 00 00
                                 001b70d28f50 70 8f d2 70 1b 00 00 00 cc 93 02 0c 14 00 00 00
                                 001b70d28f60 d0 21 ed 62 27 00 00 00 20 20 ed 62 27 00 00 00
                                 001b70d28f70 a0 8f d2 70 1b 00 00 00 48 eb 4d 0d 14 00 00 00
                                 001b70d28f80 00 00 00 00 00 00 00 00 00 00 00 00 00 00 00 00
                                 001b70d28f90 00 00 00 00 00 00 00 00 20 20 ed 62 27 00 00 00
                                 001b70d28fa0 d0 8f d2 70 1b 00 00 00 24 2b 4e 0d 14 00 00 00
                                 001b70d28fb0 00 00 00 00 00 00 00 00 00 00 00 00 00 00 00 00
    TLS Address:                 000000570bce0000
    TLS Dump:                                 00 01 02 03 04 05 06 07 08 09 0a 0b 0c 0d 0e 0f
                                 00570bce0000 00 00 00 00 00 00 00 00 00 00 00 00 00 00 00 00
                                 00570bce0010 00 00 00 00 00 00 00 00 00 00 00 00 00 00 00 00
                                 00570bce0020 00 00 00 00 00 00 00 00 00 00 00 00 00 00 00 00
                                 00570bce0030 00 00 00 00 00 00 00 00 00 00 00 00 00 00 00 00
                                 00570bce0040 00 00 00 00 00 00 00 00 00 00 00 00 00 00 00 00
                                 00570bce0050 00 00 00 00 00 00 00 00 00 00 00 00 00 00 00 00
                                 00570bce0060 00 00 00 00 00 00 00 00 00 00 00 00 00 00 00 00
                                 00570bce0070 00 00 00 00 00 00 00 00 00 00 00 00 00 00 00 00
                                 00570bce0080 00 00 00 00 00 00 00 00 00 00 00 00 00 00 00 00
                                 00570bce0090 00 00 00 00 00 00 00 00 00 00 00 00 00 00 00 00
                                 00570bce00a0 00 00 00 00 00 00 00 00 00 00 00 00 00 00 00 00
                                 00570bce00b0 00 00 00 00 00 00 00 00 00 00 00 00 00 00 00 00
                                 00570bce00c0 00 00 00 00 00 00 00 00 00 00 00 00 00 00 00 00
                                 00570bce00d0 00 00 00 00 00 00 00 00 00 00 00 00 00 00 00 00
                                 00570bce00e0 00 00 00 00 00 00 00 00 00 00 00 00 00 00 00 00
                                 00570bce00f0 00 00 00 00 00 00 00 00 00 00 00 00 00 00 00 00
Threads[16]:
    Thread ID:                   00000000000002af
    Thread Name:                 ErrorAppletThread
    Stack Region:                0000001b25d71000-0000001b25d72000
    Registers:
        X[00]:                   0000002762ec1b70
        X[01]:                   0000002762ec1b78
        X[02]:                   00000000001681d7
        X[03]:                   ffffffffffffffff
        X[04]:                   0000000000000000
        X[05]:                   0000000000000000
        X[06]:                   0000000000000000
        X[07]:                   0000000000000000
        X[08]:                   0000000000000000
        X[09]:                   0000000000000000
        X[10]:                   0000000000000000
        X[11]:                   0000000000000000
        X[12]:                   0000000000000000
        X[13]:                   0000000000000000
        X[14]:                   0000000000000000
        X[15]:                   0000000000000000
        X[16]:                   0000000000000000
        X[17]:                   0000000000000000
        X[18]:                   0000000000000000
        X[19]:                   0000000000000000
        X[20]:                   0000000000000000
        X[21]:                   0000000000000000
        X[22]:                   0000000000000000
        X[23]:                   0000000000000000
        X[24]:                   0000000000000000
        X[25]:                   0000000000000000
        X[26]:                   0000000000000000
        X[27]:                   0000000000000000
        X[28]:                   0000000000000000
        FP:                      0000001b25d71ee0
        LR:                      000000140d4e39e8 (nnSdk + 0x969e8) (_ZN2nn2os6detail38InternalConditionVariableImplByHorizon4WaitEPNS1_23InternalCriticalSectionE + 0x30)
        SP:                      0000001b25d71ec0
        PC:                      000000140d4fe56c (nnSdk + 0xb156c)
    Stack Trace:
        ReturnAddress[00]:       000000140d4dbd38 (nnSdk + 0x8ed38) (_ZN2nn2os19ReceiveMessageQueueEPmPNS0_16MessageQueueTypeE + 0x3c)
        ReturnAddress[01]:       000000140c029098 (TurboS.nss + 0x625098)
        ReturnAddress[02]:       000000140c029b40 (TurboS.nss + 0x625b40)
        ReturnAddress[03]:       000000140c0293cc (TurboS.nss + 0x6253cc)
        ReturnAddress[04]:       000000140d4deb48 (nnSdk + 0x91b48)
        ReturnAddress[05]:       000000140d4e2b24 (nnSdk + 0x95b24)
        ReturnAddress[06]:       0000000000000000
    Stack Dump:                               00 01 02 03 04 05 06 07 08 09 0a 0b 0c 0d 0e 0f
                                 001b25d71ec0 00 00 00 00 00 00 00 00 00 00 00 00 00 00 00 00
                                 001b25d71ed0 70 1b ec 62 27 00 00 00 38 1b ec 62 27 00 00 00
                                 001b25d71ee0 10 1f d7 25 1b 00 00 00 38 bd 4d 0d 14 00 00 00
                                 001b25d71ef0 00 00 00 00 00 00 00 00 d4 41 ed 62 27 00 00 00
                                 001b25d71f00 38 1b ec 62 27 00 00 00 08 1b ec 62 27 00 00 00
                                 001b25d71f10 30 1f d7 25 1b 00 00 00 98 90 02 0c 14 00 00 00
                                 001b25d71f20 00 00 00 00 00 00 00 00 00 00 00 00 00 00 00 00
                                 001b25d71f30 50 1f d7 25 1b 00 00 00 40 9b 02 0c 14 00 00 00
                                 001b25d71f40 00 00 00 00 00 00 00 00 08 1b ec 62 27 00 00 00
                                 001b25d71f50 70 1f d7 25 1b 00 00 00 cc 93 02 0c 14 00 00 00
                                 001b25d71f60 d0 41 ed 62 27 00 00 00 20 40 ed 62 27 00 00 00
                                 001b25d71f70 a0 1f d7 25 1b 00 00 00 48 eb 4d 0d 14 00 00 00
                                 001b25d71f80 00 00 00 00 00 00 00 00 00 00 00 00 00 00 00 00
                                 001b25d71f90 00 00 00 00 00 00 00 00 20 40 ed 62 27 00 00 00
                                 001b25d71fa0 d0 1f d7 25 1b 00 00 00 24 2b 4e 0d 14 00 00 00
                                 001b25d71fb0 00 00 00 00 00 00 00 00 00 00 00 00 00 00 00 00
    TLS Address:                 000000570bce0200
    TLS Dump:                                 00 01 02 03 04 05 06 07 08 09 0a 0b 0c 0d 0e 0f
                                 00570bce0200 00 00 00 00 00 00 00 00 00 00 00 00 00 00 00 00
                                 00570bce0210 00 00 00 00 00 00 00 00 00 00 00 00 00 00 00 00
                                 00570bce0220 00 00 00 00 00 00 00 00 00 00 00 00 00 00 00 00
                                 00570bce0230 00 00 00 00 00 00 00 00 00 00 00 00 00 00 00 00
                                 00570bce0240 00 00 00 00 00 00 00 00 00 00 00 00 00 00 00 00
                                 00570bce0250 00 00 00 00 00 00 00 00 00 00 00 00 00 00 00 00
                                 00570bce0260 00 00 00 00 00 00 00 00 00 00 00 00 00 00 00 00
                                 00570bce0270 00 00 00 00 00 00 00 00 00 00 00 00 00 00 00 00
                                 00570bce0280 00 00 00 00 00 00 00 00 00 00 00 00 00 00 00 00
                                 00570bce0290 00 00 00 00 00 00 00 00 00 00 00 00 00 00 00 00
                                 00570bce02a0 00 00 00 00 00 00 00 00 00 00 00 00 00 00 00 00
                                 00570bce02b0 00 00 00 00 00 00 00 00 00 00 00 00 00 00 00 00
                                 00570bce02c0 00 00 00 00 00 00 00 00 00 00 00 00 00 00 00 00
                                 00570bce02d0 00 00 00 00 00 00 00 00 00 00 00 00 00 00 00 00
                                 00570bce02e0 00 00 00 00 00 00 00 00 00 00 00 00 00 00 00 00
                                 00570bce02f0 00 00 00 00 00 00 00 00 00 00 00 00 00 00 00 00
Threads[17]:
    Thread ID:                   00000000000002b0
    Thread Name:                 NifmAppletThread
    Stack Region:                0000001b29b08000-0000001b29b0a000
    Registers:
        X[00]:                   0000002762ec1c88
        X[01]:                   0000002762ec1c90
        X[02]:                   00000000001701d6
        X[03]:                   ffffffffffffffff
        X[04]:                   0000000000000000
        X[05]:                   0000000000000000
        X[06]:                   0000000000000000
        X[07]:                   0000000000000000
        X[08]:                   0000000000000000
        X[09]:                   0000000000000000
        X[10]:                   0000000000000000
        X[11]:                   0000000000000000
        X[12]:                   0000000000000000
        X[13]:                   0000000000000000
        X[14]:                   0000000000000000
        X[15]:                   0000000000000000
        X[16]:                   0000000000000000
        X[17]:                   0000000000000000
        X[18]:                   0000000000000000
        X[19]:                   0000000000000000
        X[20]:                   0000000000000000
        X[21]:                   0000000000000000
        X[22]:                   0000000000000000
        X[23]:                   0000000000000000
        X[24]:                   0000000000000000
        X[25]:                   0000000000000000
        X[26]:                   0000000000000000
        X[27]:                   0000000000000000
        X[28]:                   0000000000000000
        FP:                      0000001b29b09ee0
        LR:                      000000140d4e39e8 (nnSdk + 0x969e8) (_ZN2nn2os6detail38InternalConditionVariableImplByHorizon4WaitEPNS1_23InternalCriticalSectionE + 0x30)
        SP:                      0000001b29b09ec0
        PC:                      000000140d4fe56c (nnSdk + 0xb156c)
    Stack Trace:
        ReturnAddress[00]:       000000140d4dbd38 (nnSdk + 0x8ed38) (_ZN2nn2os19ReceiveMessageQueueEPmPNS0_16MessageQueueTypeE + 0x3c)
        ReturnAddress[01]:       000000140c029098 (TurboS.nss + 0x625098)
        ReturnAddress[02]:       000000140c029b40 (TurboS.nss + 0x625b40)
        ReturnAddress[03]:       000000140c0293cc (TurboS.nss + 0x6253cc)
        ReturnAddress[04]:       000000140d4deb48 (nnSdk + 0x91b48)
        ReturnAddress[05]:       000000140d4e2b24 (nnSdk + 0x95b24)
        ReturnAddress[06]:       0000000000000000
    Stack Dump:                               00 01 02 03 04 05 06 07 08 09 0a 0b 0c 0d 0e 0f
                                 001b29b09ec0 00 00 00 00 00 00 00 00 00 00 00 00 00 00 00 00
                                 001b29b09ed0 88 1c ec 62 27 00 00 00 50 1c ec 62 27 00 00 00
                                 001b29b09ee0 10 9f b0 29 1b 00 00 00 38 bd 4d 0d 14 00 00 00
                                 001b29b09ef0 00 00 00 00 00 00 00 00 d4 71 ed 62 27 00 00 00
                                 001b29b09f00 50 1c ec 62 27 00 00 00 20 1c ec 62 27 00 00 00
                                 001b29b09f10 30 9f b0 29 1b 00 00 00 98 90 02 0c 14 00 00 00
                                 001b29b09f20 00 00 00 00 00 00 00 00 00 00 00 00 00 00 00 00
                                 001b29b09f30 50 9f b0 29 1b 00 00 00 40 9b 02 0c 14 00 00 00
                                 001b29b09f40 00 00 00 00 00 00 00 00 20 1c ec 62 27 00 00 00
                                 001b29b09f50 70 9f b0 29 1b 00 00 00 cc 93 02 0c 14 00 00 00
                                 001b29b09f60 d0 71 ed 62 27 00 00 00 20 70 ed 62 27 00 00 00
                                 001b29b09f70 a0 9f b0 29 1b 00 00 00 48 eb 4d 0d 14 00 00 00
                                 001b29b09f80 00 00 00 00 00 00 00 00 00 00 00 00 00 00 00 00
                                 001b29b09f90 00 00 00 00 00 00 00 00 20 70 ed 62 27 00 00 00
                                 001b29b09fa0 d0 9f b0 29 1b 00 00 00 24 2b 4e 0d 14 00 00 00
                                 001b29b09fb0 00 00 00 00 00 00 00 00 00 00 00 00 00 00 00 00
    TLS Address:                 000000570bce0400
    TLS Dump:                                 00 01 02 03 04 05 06 07 08 09 0a 0b 0c 0d 0e 0f
                                 00570bce0400 00 00 00 00 00 00 00 00 00 00 00 00 00 00 00 00
                                 00570bce0410 00 00 00 00 00 00 00 00 00 00 00 00 00 00 00 00
                                 00570bce0420 00 00 00 00 00 00 00 00 00 00 00 00 00 00 00 00
                                 00570bce0430 00 00 00 00 00 00 00 00 00 00 00 00 00 00 00 00
                                 00570bce0440 00 00 00 00 00 00 00 00 00 00 00 00 00 00 00 00
                                 00570bce0450 00 00 00 00 00 00 00 00 00 00 00 00 00 00 00 00
                                 00570bce0460 00 00 00 00 00 00 00 00 00 00 00 00 00 00 00 00
                                 00570bce0470 00 00 00 00 00 00 00 00 00 00 00 00 00 00 00 00
                                 00570bce0480 00 00 00 00 00 00 00 00 00 00 00 00 00 00 00 00
                                 00570bce0490 00 00 00 00 00 00 00 00 00 00 00 00 00 00 00 00
                                 00570bce04a0 00 00 00 00 00 00 00 00 00 00 00 00 00 00 00 00
                                 00570bce04b0 00 00 00 00 00 00 00 00 00 00 00 00 00 00 00 00
                                 00570bce04c0 00 00 00 00 00 00 00 00 00 00 00 00 00 00 00 00
                                 00570bce04d0 00 00 00 00 00 00 00 00 00 00 00 00 00 00 00 00
                                 00570bce04e0 00 00 00 00 00 00 00 00 00 00 00 00 00 00 00 00
                                 00570bce04f0 00 00 00 00 00 00 00 00 00 00 00 00 00 00 00 00
Threads[18]:
    Thread ID:                   00000000000002b1
    Thread Name:                 NSAAppletThread
    Stack Region:                0000001b46e8f000-0000001b46e91000
    Registers:
        X[00]:                   0000002762ec1d88
        X[01]:                   0000002762ec1d90
        X[02]:                   00000000001781d5
        X[03]:                   ffffffffffffffff
        X[04]:                   0000000000000000
        X[05]:                   0000000000000000
        X[06]:                   0000000000000000
        X[07]:                   0000000000000000
        X[08]:                   0000000000000000
        X[09]:                   0000000000000000
        X[10]:                   0000000000000000
        X[11]:                   0000000000000000
        X[12]:                   0000000000000000
        X[13]:                   0000000000000000
        X[14]:                   0000000000000000
        X[15]:                   0000000000000000
        X[16]:                   0000000000000000
        X[17]:                   0000000000000000
        X[18]:                   0000000000000000
        X[19]:                   0000000000000000
        X[20]:                   0000000000000000
        X[21]:                   0000000000000000
        X[22]:                   0000000000000000
        X[23]:                   0000000000000000
        X[24]:                   0000000000000000
        X[25]:                   0000000000000000
        X[26]:                   0000000000000000
        X[27]:                   0000000000000000
        X[28]:                   0000000000000000
        FP:                      0000001b46e90ee0
        LR:                      000000140d4e39e8 (nnSdk + 0x969e8) (_ZN2nn2os6detail38InternalConditionVariableImplByHorizon4WaitEPNS1_23InternalCriticalSectionE + 0x30)
        SP:                      0000001b46e90ec0
        PC:                      000000140d4fe56c (nnSdk + 0xb156c)
    Stack Trace:
        ReturnAddress[00]:       000000140d4dbd38 (nnSdk + 0x8ed38) (_ZN2nn2os19ReceiveMessageQueueEPmPNS0_16MessageQueueTypeE + 0x3c)
        ReturnAddress[01]:       000000140c029098 (TurboS.nss + 0x625098)
        ReturnAddress[02]:       000000140c029b40 (TurboS.nss + 0x625b40)
        ReturnAddress[03]:       000000140c0293cc (TurboS.nss + 0x6253cc)
        ReturnAddress[04]:       000000140d4deb48 (nnSdk + 0x91b48)
        ReturnAddress[05]:       000000140d4e2b24 (nnSdk + 0x95b24)
        ReturnAddress[06]:       0000000000000000
    Stack Dump:                               00 01 02 03 04 05 06 07 08 09 0a 0b 0c 0d 0e 0f
                                 001b46e90ec0 00 00 00 00 00 00 00 00 00 00 00 00 00 00 00 00
                                 001b46e90ed0 88 1d ec 62 27 00 00 00 50 1d ec 62 27 00 00 00
                                 001b46e90ee0 10 0f e9 46 1b 00 00 00 38 bd 4d 0d 14 00 00 00
                                 001b46e90ef0 00 00 00 00 00 00 00 00 d4 a1 ed 62 27 00 00 00
                                 001b46e90f00 50 1d ec 62 27 00 00 00 20 1d ec 62 27 00 00 00
                                 001b46e90f10 30 0f e9 46 1b 00 00 00 98 90 02 0c 14 00 00 00
                                 001b46e90f20 00 00 00 00 00 00 00 00 00 00 00 00 00 00 00 00
                                 001b46e90f30 50 0f e9 46 1b 00 00 00 40 9b 02 0c 14 00 00 00
                                 001b46e90f40 00 00 00 00 00 00 00 00 20 1d ec 62 27 00 00 00
                                 001b46e90f50 70 0f e9 46 1b 00 00 00 cc 93 02 0c 14 00 00 00
                                 001b46e90f60 d0 a1 ed 62 27 00 00 00 20 a0 ed 62 27 00 00 00
                                 001b46e90f70 a0 0f e9 46 1b 00 00 00 48 eb 4d 0d 14 00 00 00
                                 001b46e90f80 00 00 00 00 00 00 00 00 00 00 00 00 00 00 00 00
                                 001b46e90f90 00 00 00 00 00 00 00 00 20 a0 ed 62 27 00 00 00
                                 001b46e90fa0 d0 0f e9 46 1b 00 00 00 24 2b 4e 0d 14 00 00 00
                                 001b46e90fb0 00 00 00 00 00 00 00 00 00 00 00 00 00 00 00 00
    TLS Address:                 000000570bce0600
    TLS Dump:                                 00 01 02 03 04 05 06 07 08 09 0a 0b 0c 0d 0e 0f
                                 00570bce0600 00 00 00 00 00 00 00 00 00 00 00 00 00 00 00 00
                                 00570bce0610 00 00 00 00 00 00 00 00 00 00 00 00 00 00 00 00
                                 00570bce0620 00 00 00 00 00 00 00 00 00 00 00 00 00 00 00 00
                                 00570bce0630 00 00 00 00 00 00 00 00 00 00 00 00 00 00 00 00
                                 00570bce0640 00 00 00 00 00 00 00 00 00 00 00 00 00 00 00 00
                                 00570bce0650 00 00 00 00 00 00 00 00 00 00 00 00 00 00 00 00
                                 00570bce0660 00 00 00 00 00 00 00 00 00 00 00 00 00 00 00 00
                                 00570bce0670 00 00 00 00 00 00 00 00 00 00 00 00 00 00 00 00
                                 00570bce0680 00 00 00 00 00 00 00 00 00 00 00 00 00 00 00 00
                                 00570bce0690 00 00 00 00 00 00 00 00 00 00 00 00 00 00 00 00
                                 00570bce06a0 00 00 00 00 00 00 00 00 00 00 00 00 00 00 00 00
                                 00570bce06b0 00 00 00 00 00 00 00 00 00 00 00 00 00 00 00 00
                                 00570bce06c0 00 00 00 00 00 00 00 00 00 00 00 00 00 00 00 00
                                 00570bce06d0 00 00 00 00 00 00 00 00 00 00 00 00 00 00 00 00
                                 00570bce06e0 00 00 00 00 00 00 00 00 00 00 00 00 00 00 00 00
                                 00570bce06f0 00 00 00 00 00 00 00 00 00 00 00 00 00 00 00 00
Threads[19]:
    Thread ID:                   00000000000002b2
    Thread Name:                 OeMessageDispatchThread
    Stack Region:                0000001b69ad6000-0000001b69ad8000
    Registers:
        X[00]:                   00000000000f4240
        X[01]:                   0000001b69ad7eac
        X[02]:                   0000001b69ad7ea8
        X[03]:                   0000000000000000
        X[04]:                   0000000000000000
        X[05]:                   0000000000000000
        X[06]:                   0000000000000000
        X[07]:                   0000000000000000
        X[08]:                   0000000000000000
        X[09]:                   0000000000000000
        X[10]:                   0000000000000000
        X[11]:                   0000000000000000
        X[12]:                   0000000000000000
        X[13]:                   0000000000000000
        X[14]:                   0000000000000000
        X[15]:                   0000000000000000
        X[16]:                   0000000000000000
        X[17]:                   0000000000000000
        X[18]:                   0000000000000000
        X[19]:                   0000000000000000
        X[20]:                   0000000000000000
        X[21]:                   0000000000000000
        X[22]:                   0000000000000000
        X[23]:                   0000000000000000
        X[24]:                   0000000000000000
        X[25]:                   0000000000000000
        X[26]:                   0000000000000000
        X[27]:                   0000000000000000
        X[28]:                   0000000000000000
        FP:                      0000001b69ad7ef0
        LR:                      000000140b803b88 (saltynx_core + 0x3b88)
        SP:                      0000001b69ad7ef0
        PC:                      000000140b80da28 (saltynx_core + 0xda28)
    Stack Trace:
        ReturnAddress[00]:       000000140c2ea384 (TurboS.nss + 0x8e6384)
        ReturnAddress[01]:       000000140c029b34 (TurboS.nss + 0x625b34)
        ReturnAddress[02]:       000000140c0293cc (TurboS.nss + 0x6253cc)
        ReturnAddress[03]:       000000140d4deb48 (nnSdk + 0x91b48)
        ReturnAddress[04]:       000000140d4e2b24 (nnSdk + 0x95b24)
        ReturnAddress[05]:       0000000000000000
    Stack Dump:                               00 01 02 03 04 05 06 07 08 09 0a 0b 0c 0d 0e 0f
                                 001b69ad7ef0 30 7f ad 69 1b 00 00 00 84 a3 2e 0c 14 00 00 00
                                 001b69ad7f00 d8 a2 0d 63 27 00 00 00 d8 a2 0d 63 27 00 00 00
                                 001b69ad7f10 30 7f ad 69 1b 00 00 00 80 90 02 0c 00 00 00 00
                                 001b69ad7f20 d8 a2 0d 63 27 00 00 00 00 00 00 00 00 00 00 00
                                 001b69ad7f30 50 7f ad 69 1b 00 00 00 34 9b 02 0c 14 00 00 00
                                 001b69ad7f40 00 00 00 00 00 00 00 00 d8 a2 0d 63 27 00 00 00
                                 001b69ad7f50 70 7f ad 69 1b 00 00 00 cc 93 02 0c 14 00 00 00
                                 001b69ad7f60 d0 d1 0d 63 27 00 00 00 20 d0 0d 63 27 00 00 00
                                 001b69ad7f70 a0 7f ad 69 1b 00 00 00 48 eb 4d 0d 14 00 00 00
                                 001b69ad7f80 00 00 00 00 00 00 00 00 00 00 00 00 00 00 00 00
                                 001b69ad7f90 00 00 00 00 00 00 00 00 20 d0 0d 63 27 00 00 00
                                 001b69ad7fa0 d0 7f ad 69 1b 00 00 00 24 2b 4e 0d 14 00 00 00
                                 001b69ad7fb0 00 00 00 00 00 00 00 00 00 00 00 00 00 00 00 00
                                 001b69ad7fc0 00 00 00 00 00 00 00 00 b2 02 00 00 00 00 00 00
                                 001b69ad7fd0 00 00 00 00 00 00 00 00 00 00 00 00 00 00 00 00
                                 001b69ad7fe0 e8 ea 4d 0d 14 00 00 00 00 00 00 00 00 00 00 00
    TLS Address:                 000000570bce0800
    TLS Dump:                                 00 01 02 03 04 05 06 07 08 09 0a 0b 0c 0d 0e 0f
                                 00570bce0800 00 00 00 00 0d 00 00 00 00 00 00 00 00 00 00 00
                                 00570bce0810 00 00 00 00 00 00 00 00 00 00 00 00 00 00 00 00
                                 00570bce0820 53 46 43 4f 00 00 00 00 00 00 00 00 77 7d f2 32
                                 00570bce0830 00 00 00 00 00 00 00 00 00 00 00 00 00 00 00 00
                                 00570bce0840 00 00 00 00 00 00 00 00 00 00 00 00 00 00 00 00
                                 00570bce0850 00 00 00 00 00 00 00 00 00 00 00 00 00 00 00 00
                                 00570bce0860 00 00 00 00 00 00 00 00 00 00 00 00 00 00 00 00
                                 00570bce0870 00 00 00 00 00 00 00 00 00 00 00 00 00 00 00 00
                                 00570bce0880 00 00 00 00 00 00 00 00 00 00 00 00 00 00 00 00
                                 00570bce0890 00 00 00 00 00 00 00 00 00 00 00 00 00 00 00 00
                                 00570bce08a0 00 00 00 00 00 00 00 00 00 00 00 00 00 00 00 00
                                 00570bce08b0 00 00 00 00 00 00 00 00 00 00 00 00 00 00 00 00
                                 00570bce08c0 00 00 00 00 00 00 00 00 00 00 00 00 00 00 00 00
                                 00570bce08d0 00 00 00 00 00 00 00 00 00 00 00 00 00 00 00 00
                                 00570bce08e0 00 00 00 00 00 00 00 00 00 00 00 00 00 00 00 00
                                 00570bce08f0 00 00 00 00 00 00 00 00 00 00 00 00 00 00 00 00
Threads[20]:
    Thread ID:                   00000000000002b3
    Thread Name:                 gear::VibrationThread
    Stack Region:                0000001b5dce1000-0000001b5dd31000
    Registers:
        X[00]:                   00000000004c4b40
        X[01]:                   0000000000017700
        X[02]:                   0000000000000000
        X[03]:                   000000140c1db388 (TurboS.nss + 0x7d7388)
        X[04]:                   0000000000000000
        X[05]:                   0000000000000000
        X[06]:                   0000000000000000
        X[07]:                   0000000000000000
        X[08]:                   0000000000000000
        X[09]:                   0000000000000000
        X[10]:                   0000000000000000
        X[11]:                   0000000000000000
        X[12]:                   0000000000000000
        X[13]:                   0000000000000000
        X[14]:                   0000000000000000
        X[15]:                   0000000000000000
        X[16]:                   0000000000000000
        X[17]:                   0000000000000000
        X[18]:                   0000000000000000
        X[19]:                   0000000000000000
        X[20]:                   0000000000000000
        X[21]:                   0000000000000000
        X[22]:                   0000000000000000
        X[23]:                   0000000000000000
        X[24]:                   0000000000000000
        X[25]:                   0000000000000000
        X[26]:                   0000000000000000
        X[27]:                   0000000000000000
        X[28]:                   0000000000000000
        FP:                      0000001b5dd30f50
        LR:                      000000140c029b34 (TurboS.nss + 0x625b34)
        SP:                      0000001b5dd30f40
        PC:                      000000140d4fe49c (nnSdk + 0xb149c)
    Stack Trace:
        ReturnAddress[00]:       000000140c0293cc (TurboS.nss + 0x6253cc)
        ReturnAddress[01]:       000000140d4deb48 (nnSdk + 0x91b48)
        ReturnAddress[02]:       000000140d4e2b24 (nnSdk + 0x95b24)
        ReturnAddress[03]:       0000000000000000
    Stack Dump:                               00 01 02 03 04 05 06 07 08 09 0a 0b 0c 0d 0e 0f
                                 001b5dd30f00 00 00 00 00 00 00 00 00 00 00 00 00 00 00 00 00
                                 001b5dd30f10 00 00 00 00 00 00 00 00 d4 71 18 63 27 00 00 00
                                 001b5dd30f20 90 6a 13 63 27 00 00 00 60 6a 13 63 27 00 00 00
                                 001b5dd30f30 50 0f d3 5d 1b 00 00 00 34 9b 02 0c 14 00 00 00
                                 001b5dd30f40 00 00 00 00 00 00 00 00 60 6a 13 63 27 00 00 00
                                 001b5dd30f50 70 0f d3 5d 1b 00 00 00 cc 93 02 0c 14 00 00 00
                                 001b5dd30f60 d0 71 18 63 27 00 00 00 20 70 18 63 27 00 00 00
                                 001b5dd30f70 a0 0f d3 5d 1b 00 00 00 48 eb 4d 0d 14 00 00 00
                                 001b5dd30f80 00 00 00 00 00 00 00 00 00 00 00 00 00 00 00 00
                                 001b5dd30f90 00 00 00 00 00 00 00 00 20 70 18 63 27 00 00 00
                                 001b5dd30fa0 d0 0f d3 5d 1b 00 00 00 24 2b 4e 0d 14 00 00 00
                                 001b5dd30fb0 00 00 00 00 00 00 00 00 00 00 00 00 00 00 00 00
                                 001b5dd30fc0 00 00 00 00 00 00 00 00 b3 02 00 00 00 00 00 00
                                 001b5dd30fd0 00 00 00 00 00 00 00 00 00 00 00 00 00 00 00 00
                                 001b5dd30fe0 e8 ea 4d 0d 14 00 00 00 00 00 00 00 00 00 00 00
                                 001b5dd30ff0 00 00 00 00 00 00 00 00 00 00 00 00 00 00 00 00
    TLS Address:                 000000570bce0a00
    TLS Dump:                                 00 01 02 03 04 05 06 07 08 09 0a 0b 0c 0d 0e 0f
                                 00570bce0a00 00 00 00 00 00 00 00 00 00 00 00 00 00 00 00 00
                                 00570bce0a10 00 00 00 00 00 00 00 00 00 00 00 00 00 00 00 00
                                 00570bce0a20 00 00 00 00 00 00 00 00 00 00 00 00 00 00 00 00
                                 00570bce0a30 00 00 00 00 00 00 00 00 00 00 00 00 00 00 00 00
                                 00570bce0a40 00 00 00 00 00 00 00 00 00 00 00 00 00 00 00 00
                                 00570bce0a50 00 00 00 00 00 00 00 00 00 00 00 00 00 00 00 00
                                 00570bce0a60 00 00 00 00 00 00 00 00 00 00 00 00 00 00 00 00
                                 00570bce0a70 00 00 00 00 00 00 00 00 00 00 00 00 00 00 00 00
                                 00570bce0a80 00 00 00 00 00 00 00 00 00 00 00 00 00 00 00 00
                                 00570bce0a90 00 00 00 00 00 00 00 00 00 00 00 00 00 00 00 00
                                 00570bce0aa0 00 00 00 00 00 00 00 00 00 00 00 00 00 00 00 00
                                 00570bce0ab0 00 00 00 00 00 00 00 00 00 00 00 00 00 00 00 00
                                 00570bce0ac0 00 00 00 00 00 00 00 00 00 00 00 00 00 00 00 00
                                 00570bce0ad0 00 00 00 00 00 00 00 00 00 00 00 00 00 00 00 00
                                 00570bce0ae0 00 00 00 00 00 00 00 00 00 00 00 00 00 00 00 00
                                 00570bce0af0 00 00 00 00 00 00 00 00 00 00 00 00 00 00 00 00
Threads[21]:
    Thread ID:                   00000000000002b4
    Thread Name:                 MiiDirectorDelegateThread
    Stack Region:                0000001b6283d000-0000001b6284d000
    Registers:
        X[00]:                   0000000002dc6c00
        X[01]:                   00000000000e1000
        X[02]:                   0000000000000000
        X[03]:                   000000140c21f3c0 (TurboS.nss + 0x81b3c0)
        X[04]:                   0000000000000000
        X[05]:                   0000000000000000
        X[06]:                   0000000000000000
        X[07]:                   0000000000000000
        X[08]:                   0000000000000000
        X[09]:                   0000000000000000
        X[10]:                   0000000000000000
        X[11]:                   0000000000000000
        X[12]:                   0000000000000000
        X[13]:                   0000000000000000
        X[14]:                   0000000000000000
        X[15]:                   0000000000000000
        X[16]:                   0000000000000000
        X[17]:                   0000000000000000
        X[18]:                   0000000000000000
        X[19]:                   0000000000000000
        X[20]:                   0000000000000000
        X[21]:                   0000000000000000
        X[22]:                   0000000000000000
        X[23]:                   0000000000000000
        X[24]:                   0000000000000000
        X[25]:                   0000000000000000
        X[26]:                   0000000000000000
        X[27]:                   0000000000000000
        X[28]:                   0000000000000000
        FP:                      0000001b6284cf50
        LR:                      000000140c029b34 (TurboS.nss + 0x625b34)
        SP:                      0000001b6284cf40
        PC:                      000000140d4fe49c (nnSdk + 0xb149c)
    Stack Trace:
        ReturnAddress[00]:       000000140c0293cc (TurboS.nss + 0x6253cc)
        ReturnAddress[01]:       000000140d4deb48 (nnSdk + 0x91b48)
        ReturnAddress[02]:       000000140d4e2b24 (nnSdk + 0x95b24)
        ReturnAddress[03]:       0000000000000000
    Stack Dump:                               00 01 02 03 04 05 06 07 08 09 0a 0b 0c 0d 0e 0f
                                 001b6284cf00 30 cf 84 62 1b 00 00 00 e0 f3 21 0c 14 00 00 00
                                 001b6284cf10 d4 81 f0 73 27 00 00 00 80 90 02 0c 14 00 00 00
                                 001b6284cf20 50 74 ef 73 27 00 00 00 20 74 ef 73 27 00 00 00
                                 001b6284cf30 50 cf 84 62 1b 00 00 00 34 9b 02 0c 14 00 00 00
                                 001b6284cf40 00 00 00 00 00 00 00 00 20 74 ef 73 27 00 00 00
                                 001b6284cf50 70 cf 84 62 1b 00 00 00 cc 93 02 0c 14 00 00 00
                                 001b6284cf60 d0 81 f0 73 27 00 00 00 20 80 f0 73 27 00 00 00
                                 001b6284cf70 a0 cf 84 62 1b 00 00 00 48 eb 4d 0d 14 00 00 00
                                 001b6284cf80 00 00 00 00 00 00 00 00 00 00 00 00 00 00 00 00
                                 001b6284cf90 00 00 00 00 00 00 00 00 20 80 f0 73 27 00 00 00
                                 001b6284cfa0 d0 cf 84 62 1b 00 00 00 24 2b 4e 0d 14 00 00 00
                                 001b6284cfb0 00 00 00 00 00 00 00 00 00 00 00 00 00 00 00 00
                                 001b6284cfc0 00 00 00 00 00 00 00 00 b4 02 00 00 00 00 00 00
                                 001b6284cfd0 00 00 00 00 00 00 00 00 00 00 00 00 00 00 00 00
                                 001b6284cfe0 e8 ea 4d 0d 14 00 00 00 00 00 00 00 00 00 00 00
                                 001b6284cff0 00 00 00 00 00 00 00 00 00 00 00 00 00 00 00 00
    TLS Address:                 000000570bce0c00
    TLS Dump:                                 00 01 02 03 04 05 06 07 08 09 0a 0b 0c 0d 0e 0f
                                 00570bce0c00 00 00 01 00 09 08 e0 03 40 b0 28 00 d8 be 84 62
                                 00570bce0c10 53 46 43 4f 00 00 00 00 00 00 00 00 99 5d e2 a4
                                 00570bce0c20 00 00 00 00 00 00 00 00 00 00 00 00 00 00 00 00
                                 00570bce0c30 00 00 00 00 00 00 00 00 01 00 00 00 00 00 00 00
                                 00570bce0c40 01 00 71 01 06 41 28 c0 00 00 00 00 00 00 00 00
                                 00570bce0c50 28 00 00 00 d8 be 84 62 1b 00 28 00 00 00 00 00
                                 00570bce0c60 00 00 00 00 00 00 00 00 00 00 00 00 00 00 00 00
                                 00570bce0c70 00 00 00 00 00 00 00 00 00 00 00 00 00 00 00 00
                                 00570bce0c80 00 00 00 00 00 00 00 00 00 00 00 00 00 00 00 00
                                 00570bce0c90 00 00 00 00 00 00 00 00 00 00 00 00 00 00 00 00
                                 00570bce0ca0 00 00 00 00 00 00 00 00 00 00 00 00 00 00 00 00
                                 00570bce0cb0 00 00 00 00 00 00 00 00 00 00 00 00 00 00 00 00
                                 00570bce0cc0 00 00 00 00 00 00 00 00 00 00 00 00 00 00 00 00
                                 00570bce0cd0 00 00 00 00 00 00 00 00 00 00 00 00 00 00 00 00
                                 00570bce0ce0 00 00 00 00 00 00 00 00 00 00 00 00 00 00 00 00
                                 00570bce0cf0 00 00 00 00 00 00 00 00 00 00 00 00 00 00 00 00
Threads[22]:
    Thread ID:                   00000000000002b5
    Thread Name:                 gsys::MiiResource
    Stack Region:                0000001b26c9f000-0000001b26cbf000
    Registers:
        X[00]:                   0000000000f42400
        X[01]:                   000000000004b000
        X[02]:                   0000000000000000
        X[03]:                   000000140c2226ec (TurboS.nss + 0x81e6ec)
        X[04]:                   0000000000000000
        X[05]:                   0000000000000000
        X[06]:                   0000000000000000
        X[07]:                   0000000000000000
        X[08]:                   0000000000000000
        X[09]:                   0000000000000000
        X[10]:                   0000000000000000
        X[11]:                   0000000000000000
        X[12]:                   0000000000000000
        X[13]:                   0000000000000000
        X[14]:                   0000000000000000
        X[15]:                   0000000000000000
        X[16]:                   0000000000000000
        X[17]:                   0000000000000000
        X[18]:                   0000000000000000
        X[19]:                   0000000000000000
        X[20]:                   0000000000000000
        X[21]:                   0000000000000000
        X[22]:                   0000000000000000
        X[23]:                   0000000000000000
        X[24]:                   0000000000000000
        X[25]:                   0000000000000000
        X[26]:                   0000000000000000
        X[27]:                   0000000000000000
        X[28]:                   0000000000000000
        FP:                      0000001b26cbef50
        LR:                      000000140c029b34 (TurboS.nss + 0x625b34)
        SP:                      0000001b26cbef40
        PC:                      000000140d4fe49c (nnSdk + 0xb149c)
    Stack Trace:
        ReturnAddress[00]:       000000140c0293cc (TurboS.nss + 0x6253cc)
        ReturnAddress[01]:       000000140d4deb48 (nnSdk + 0x91b48)
        ReturnAddress[02]:       000000140d4e2b24 (nnSdk + 0x95b24)
        ReturnAddress[03]:       0000000000000000
    Stack Dump:                               00 01 02 03 04 05 06 07 08 09 0a 0b 0c 0d 0e 0f
                                 001b26cbef00 30 ef cb 26 1b 00 00 00 0c 27 22 0c 14 00 00 00
                                 001b26cbef10 d4 81 16 74 27 00 00 00 80 90 02 0c 14 00 00 00
                                 001b26cbef20 b8 73 14 74 27 00 00 00 88 73 14 74 27 00 00 00
                                 001b26cbef30 50 ef cb 26 1b 00 00 00 34 9b 02 0c 14 00 00 00
                                 001b26cbef40 00 00 00 00 00 00 00 00 88 73 14 74 27 00 00 00
                                 001b26cbef50 70 ef cb 26 1b 00 00 00 cc 93 02 0c 14 00 00 00
                                 001b26cbef60 d0 81 16 74 27 00 00 00 20 80 16 74 27 00 00 00
                                 001b26cbef70 a0 ef cb 26 1b 00 00 00 48 eb 4d 0d 14 00 00 00
                                 001b26cbef80 00 00 00 00 00 00 00 00 00 00 00 00 00 00 00 00
                                 001b26cbef90 00 00 00 00 00 00 00 00 20 80 16 74 27 00 00 00
                                 001b26cbefa0 d0 ef cb 26 1b 00 00 00 24 2b 4e 0d 14 00 00 00
                                 001b26cbefb0 00 00 00 00 00 00 00 00 00 00 00 00 00 00 00 00
                                 001b26cbefc0 00 00 00 00 00 00 00 00 b5 02 00 00 00 00 00 00
                                 001b26cbefd0 00 00 00 00 00 00 00 00 00 00 00 00 00 00 00 00
                                 001b26cbefe0 e8 ea 4d 0d 14 00 00 00 00 00 00 00 00 00 00 00
                                 001b26cbeff0 00 00 00 00 00 00 00 00 00 00 00 00 00 00 00 00
    TLS Address:                 000000570bce0e00
    TLS Dump:                                 00 01 02 03 04 05 06 07 08 09 0a 0b 0c 0d 0e 0f
                                 00570bce0e00 00 00 01 00 09 08 e0 03 40 b0 18 00 98 ed cb 26
                                 00570bce0e10 53 46 43 4f 00 00 00 00 00 00 00 00 99 5d e2 a4
                                 00570bce0e20 00 00 00 00 00 00 00 00 00 00 00 00 00 00 00 00
                                 00570bce0e30 00 00 00 00 00 00 00 00 01 00 00 00 00 00 00 00
                                 00570bce0e40 02 00 71 01 05 01 18 c0 00 00 00 00 00 00 00 00
                                 00570bce0e50 18 00 00 00 98 ed cb 26 1b 00 18 00 00 00 00 00
                                 00570bce0e60 00 00 00 00 00 00 00 00 00 00 00 00 00 00 00 00
                                 00570bce0e70 00 00 00 00 00 00 00 00 00 00 00 00 00 00 00 00
                                 00570bce0e80 00 00 00 00 00 00 00 00 00 00 00 00 00 00 00 00
                                 00570bce0e90 00 00 00 00 00 00 00 00 00 00 00 00 00 00 00 00
                                 00570bce0ea0 00 00 00 00 00 00 00 00 00 00 00 00 00 00 00 00
                                 00570bce0eb0 00 00 00 00 00 00 00 00 00 00 00 00 00 00 00 00
                                 00570bce0ec0 00 00 00 00 00 00 00 00 00 00 00 00 00 00 00 00
                                 00570bce0ed0 00 00 00 00 00 00 00 00 00 00 00 00 00 00 00 00
                                 00570bce0ee0 00 00 00 00 00 00 00 00 00 00 00 00 00 00 00 00
                                 00570bce0ef0 00 00 00 00 00 00 00 00 00 00 00 00 00 00 00 00
Threads[23]:
    Thread ID:                   00000000000002b6
    Stack Region:                0000001b213d4000-0000001b213e4000
    Registers:
        X[00]:                   000000277b42e020
        X[01]:                   0000000000000000
        X[02]:                   0000000000000000
        X[03]:                   0000000000000000
        X[04]:                   0000000000000000
        X[05]:                   0000000000000000
        X[06]:                   0000000000000000
        X[07]:                   0000000000000000
        X[08]:                   0000000000000000
        X[09]:                   0000000000000000
        X[10]:                   0000000000000000
        X[11]:                   0000000000000000
        X[12]:                   0000000000000000
        X[13]:                   0000000000000000
        X[14]:                   0000000000000000
        X[15]:                   0000000000000000
        X[16]:                   0000000000000000
        X[17]:                   0000000000000000
        X[18]:                   6023416a29af6f93
        X[19]:                   0000000000000000
        X[20]:                   0000000000000000
        X[21]:                   0000000000000000
        X[22]:                   0000000000000000
        X[23]:                   0000000000000000
        X[24]:                   0000000000000000
        X[25]:                   0000000000000000
        X[26]:                   0000000000000000
        X[27]:                   0000000000000000
        X[28]:                   0000000000000000
        FP:                      0000000000000000
        LR:                      0000000000000000
        SP:                      0000001b213e3fe0
        PC:                      000000140d4e2aac (nnSdk + 0x95aac)
    Stack Dump:                               00 01 02 03 04 05 06 07 08 09 0a 0b 0c 0d 0e 0f
                                 001b213e3f00 00 00 00 00 00 00 00 00 00 00 00 00 00 00 00 00
                                 001b213e3f10 00 00 00 00 00 00 00 00 00 00 00 00 00 00 00 00
                                 001b213e3f20 00 00 00 00 00 00 00 00 00 00 00 00 00 00 00 00
                                 001b213e3f30 00 00 00 00 00 00 00 00 00 00 00 00 00 00 00 00
                                 001b213e3f40 00 00 00 00 00 00 00 00 00 00 00 00 00 00 00 00
                                 001b213e3f50 00 00 00 00 00 00 00 00 00 00 00 00 00 00 00 00
                                 001b213e3f60 00 00 00 00 00 00 00 00 00 00 00 00 00 00 00 00
                                 001b213e3f70 00 00 00 00 00 00 00 00 00 00 00 00 00 00 00 00
                                 001b213e3f80 00 00 00 00 00 00 00 00 00 00 00 00 00 00 00 00
                                 001b213e3f90 00 00 00 00 00 00 00 00 00 00 00 00 00 00 00 00
                                 001b213e3fa0 00 00 00 00 00 00 00 00 00 00 00 00 00 00 00 00
                                 001b213e3fb0 00 00 00 00 00 00 00 00 00 00 00 00 00 00 00 00
                                 001b213e3fc0 00 00 00 00 00 00 00 00 00 00 00 00 00 00 00 00
                                 001b213e3fd0 00 00 00 00 00 00 00 00 00 00 00 00 00 00 00 00
                                 001b213e3fe0 e8 ea 4d 0d 14 00 00 00 00 00 00 00 00 00 00 00
                                 001b213e3ff0 00 00 00 00 00 00 00 00 00 00 00 00 00 00 00 00
Threads[24]:
    Thread ID:                   00000000000002b7
    Thread Name:                 enl::TaskThread
    Stack Region:                0000001b5af69000-0000001b5af79000
    Registers:
        X[00]:                   000000277c8d3b08
        X[01]:                   0000000000000002
        X[02]:                   0000000000000001
        X[03]:                   000000000bebc12f
        X[04]:                   0000000000000000
        X[05]:                   0000000000000000
        X[06]:                   0000000000000000
        X[07]:                   0000000000000000
        X[08]:                   0000000000000000
        X[09]:                   0000000000000000
        X[10]:                   0000000000000000
        X[11]:                   0000000000000000
        X[12]:                   0000000000000000
        X[13]:                   0000000000000000
        X[14]:                   0000000000000000
        X[15]:                   0000000000000000
        X[16]:                   0000000000000000
        X[17]:                   0000000000000000
        X[18]:                   0000000000000000
        X[19]:                   0000000000000000
        X[20]:                   0000000000000000
        X[21]:                   0000000000000000
        X[22]:                   0000000000000000
        X[23]:                   0000000000000000
        X[24]:                   0000000000000000
        X[25]:                   0000000000000000
        X[26]:                   0000000000000000
        X[27]:                   0000000000000000
        X[28]:                   0000000000000000
        FP:                      0000001b5af78ef0
        LR:                      000000140d4da9f8 (nnSdk + 0x8d9f8) (_ZN2nn2os6detail23TimedWaitLightEventImplEPNS0_14LightEventTypeENS_8TimeSpanE + 0xc8)
        SP:                      0000001b5af78eb0
        PC:                      000000140d4fe664 (nnSdk + 0xb1664)
    Stack Trace:
        ReturnAddress[00]:       000000140bf587b0 (TurboS.nss + 0x5547b0)
        ReturnAddress[01]:       000000140c029b34 (TurboS.nss + 0x625b34)
        ReturnAddress[02]:       000000140c0293cc (TurboS.nss + 0x6253cc)
        ReturnAddress[03]:       000000140d4deb48 (nnSdk + 0x91b48)
        ReturnAddress[04]:       000000140d4e2b24 (nnSdk + 0x95b24)
        ReturnAddress[05]:       0000000000000000
    Stack Dump:                               00 01 02 03 04 05 06 07 08 09 0a 0b 0c 0d 0e 0f
                                 001b5af78eb0 20 b0 ec 7b 27 00 00 00 e8 97 0d 13 01 00 00 00
                                 001b5af78ec0 00 00 00 00 00 00 00 00 00 00 00 00 00 00 00 00
                                 001b5af78ed0 00 00 00 00 00 00 00 00 d4 b1 ec 7b 27 00 00 00
                                 001b5af78ee0 00 00 00 00 00 00 00 00 70 38 8d 7c 27 00 00 00
                                 001b5af78ef0 30 8f f7 5a 1b 00 00 00 b0 87 f5 0b 14 00 00 00
                                 001b5af78f00 a0 38 8d 7c 27 00 00 00 70 38 8d 7c 27 00 00 00
                                 001b5af78f10 00 00 00 00 00 00 00 00 d4 b1 ec 7b 27 00 00 00
                                 001b5af78f20 a0 38 8d 7c 27 00 00 00 70 38 8d 7c 27 00 00 00
                                 001b5af78f30 50 8f f7 5a 1b 00 00 00 34 9b 02 0c 14 00 00 00
                                 001b5af78f40 00 00 00 00 00 00 00 00 70 38 8d 7c 27 00 00 00
                                 001b5af78f50 70 8f f7 5a 1b 00 00 00 cc 93 02 0c 14 00 00 00
                                 001b5af78f60 d0 b1 ec 7b 27 00 00 00 20 b0 ec 7b 27 00 00 00
                                 001b5af78f70 a0 8f f7 5a 1b 00 00 00 48 eb 4d 0d 14 00 00 00
                                 001b5af78f80 00 00 00 00 00 00 00 00 00 00 00 00 00 00 00 00
                                 001b5af78f90 00 00 00 00 00 00 00 00 20 b0 ec 7b 27 00 00 00
                                 001b5af78fa0 d0 8f f7 5a 1b 00 00 00 24 2b 4e 0d 14 00 00 00
    TLS Address:                 0000005161a7c200
    TLS Dump:                                 00 01 02 03 04 05 06 07 08 09 0a 0b 0c 0d 0e 0f
                                 005161a7c200 00 00 00 00 00 00 00 00 00 00 00 00 00 00 00 00
                                 005161a7c210 00 00 00 00 00 00 00 00 00 00 00 00 00 00 00 00
                                 005161a7c220 00 00 00 00 00 00 00 00 00 00 00 00 00 00 00 00
                                 005161a7c230 00 00 00 00 00 00 00 00 00 00 00 00 00 00 00 00
                                 005161a7c240 00 00 00 00 00 00 00 00 00 00 00 00 00 00 00 00
                                 005161a7c250 00 00 00 00 00 00 00 00 00 00 00 00 00 00 00 00
                                 005161a7c260 00 00 00 00 00 00 00 00 00 00 00 00 00 00 00 00
                                 005161a7c270 00 00 00 00 00 00 00 00 00 00 00 00 00 00 00 00
                                 005161a7c280 00 00 00 00 00 00 00 00 00 00 00 00 00 00 00 00
                                 005161a7c290 00 00 00 00 00 00 00 00 00 00 00 00 00 00 00 00
                                 005161a7c2a0 00 00 00 00 00 00 00 00 00 00 00 00 00 00 00 00
                                 005161a7c2b0 00 00 00 00 00 00 00 00 00 00 00 00 00 00 00 00
                                 005161a7c2c0 00 00 00 00 00 00 00 00 00 00 00 00 00 00 00 00
                                 005161a7c2d0 00 00 00 00 00 00 00 00 00 00 00 00 00 00 00 00
                                 005161a7c2e0 00 00 00 00 00 00 00 00 00 00 00 00 00 00 00 00
                                 005161a7c2f0 00 00 00 00 00 00 00 00 00 00 00 00 00 00 00 00
Threads[25]:
    Thread ID:                   00000000000002b8
    Thread Name:                 Pia BackgroundScheduler
    Stack Region:                0000001b141ef000-0000001b141f4000
    Registers:
        X[00]:                   000000277c294574
        X[01]:                   000000277c294578
        X[02]:                   00000000001d01cb
        X[03]:                   ffffffffffffffff
        X[04]:                   0000000000000000
        X[05]:                   0000000000000000
        X[06]:                   0000000000000000
        X[07]:                   0000000000000000
        X[08]:                   0000000000000000
        X[09]:                   0000000000000000
        X[10]:                   0000000000000000
        X[11]:                   0000000000000000
        X[12]:                   0000000000000000
        X[13]:                   0000000000000000
        X[14]:                   0000000000000000
        X[15]:                   0000000000000000
        X[16]:                   0000000000000000
        X[17]:                   0000000000000000
        X[18]:                   0000000000000000
        X[19]:                   0000000000000000
        X[20]:                   0000000000000000
        X[21]:                   0000000000000000
        X[22]:                   0000000000000000
        X[23]:                   0000000000000000
        X[24]:                   0000000000000000
        X[25]:                   0000000000000000
        X[26]:                   0000000000000000
        X[27]:                   0000000000000000
        X[28]:                   0000000000000000
        FP:                      0000001b141f3eb0
        LR:                      000000140d4e39e8 (nnSdk + 0x969e8) (_ZN2nn2os6detail38InternalConditionVariableImplByHorizon4WaitEPNS1_23InternalCriticalSectionE + 0x30)
        SP:                      0000001b141f3e90
        PC:                      000000140d4fe56c (nnSdk + 0xb156c)
    Stack Trace:
        ReturnAddress[00]:       000000140d4da424 (nnSdk + 0x8d424) (_ZN2nn2os9WaitEventEPNS0_9EventTypeE + 0x48)
        ReturnAddress[01]:       000000140bf68188 (TurboS.nss + 0x564188)
        ReturnAddress[02]:       000000140bf72cf0 (TurboS.nss + 0x56ecf0)
        ReturnAddress[03]:       000000140bf73614 (TurboS.nss + 0x56f614)
        ReturnAddress[04]:       000000140d4deb48 (nnSdk + 0x91b48)
        ReturnAddress[05]:       000000140d4e2b24 (nnSdk + 0x95b24)
        ReturnAddress[06]:       0000000000000000
    Stack Dump:                               00 01 02 03 04 05 06 07 08 09 0a 0b 0c 0d 0e 0f
                                 001b141f3e90 58 45 29 7c 27 00 00 00 38 44 29 7c 27 00 00 00
                                 001b141f3ea0 58 45 29 7c 27 00 00 00 74 45 29 7c 27 00 00 00
                                 001b141f3eb0 e0 3e 1f 14 1b 00 00 00 24 a4 4d 0d 14 00 00 00
                                 001b141f3ec0 88 45 29 7c 27 00 00 00 18 44 29 7c 27 00 00 00
                                 001b141f3ed0 38 44 29 7c 27 00 00 00 d0 43 29 7c 27 00 00 00
                                 001b141f3ee0 30 3f 1f 14 1b 00 00 00 88 81 f6 0b 14 00 00 00
                                 001b141f3ef0 00 00 00 00 00 00 00 00 00 00 00 00 00 00 00 00
                                 001b141f3f00 00 00 00 00 00 00 00 00 00 00 00 00 00 00 00 00
                                 001b141f3f10 00 00 00 00 00 00 00 00 d4 a1 29 7c 27 00 00 00
                                 001b141f3f20 68 44 29 7c 27 00 00 00 38 44 29 7c 27 00 00 00
                                 001b141f3f30 50 3f 1f 14 1b 00 00 00 f0 2c f7 0b 14 00 00 00
                                 001b141f3f40 1e 00 00 00 00 00 00 00 38 44 29 7c 27 00 00 00
                                 001b141f3f50 70 3f 1f 14 1b 00 00 00 14 36 f7 0b 14 00 00 00
                                 001b141f3f60 d0 a1 29 7c 27 00 00 00 20 a0 29 7c 27 00 00 00
                                 001b141f3f70 a0 3f 1f 14 1b 00 00 00 48 eb 4d 0d 14 00 00 00
                                 001b141f3f80 00 00 00 00 00 00 00 00 00 00 00 00 00 00 00 00
    TLS Address:                 0000005161a7c400
    TLS Dump:                                 00 01 02 03 04 05 06 07 08 09 0a 0b 0c 0d 0e 0f
                                 005161a7c400 00 00 00 00 00 00 00 00 00 00 00 00 00 00 00 00
                                 005161a7c410 00 00 00 00 00 00 00 00 00 00 00 00 00 00 00 00
                                 005161a7c420 00 00 00 00 00 00 00 00 00 00 00 00 00 00 00 00
                                 005161a7c430 00 00 00 00 00 00 00 00 00 00 00 00 00 00 00 00
                                 005161a7c440 00 00 00 00 00 00 00 00 00 00 00 00 00 00 00 00
                                 005161a7c450 00 00 00 00 00 00 00 00 00 00 00 00 00 00 00 00
                                 005161a7c460 00 00 00 00 00 00 00 00 00 00 00 00 00 00 00 00
                                 005161a7c470 00 00 00 00 00 00 00 00 00 00 00 00 00 00 00 00
                                 005161a7c480 00 00 00 00 00 00 00 00 00 00 00 00 00 00 00 00
                                 005161a7c490 00 00 00 00 00 00 00 00 00 00 00 00 00 00 00 00
                                 005161a7c4a0 00 00 00 00 00 00 00 00 00 00 00 00 00 00 00 00
                                 005161a7c4b0 00 00 00 00 00 00 00 00 00 00 00 00 00 00 00 00
                                 005161a7c4c0 00 00 00 00 00 00 00 00 00 00 00 00 00 00 00 00
                                 005161a7c4d0 00 00 00 00 00 00 00 00 00 00 00 00 00 00 00 00
                                 005161a7c4e0 00 00 00 00 00 00 00 00 00 00 00 00 00 00 00 00
                                 005161a7c4f0 00 00 00 00 00 00 00 00 00 00 00 00 00 00 00 00
Threads[26]:
    Thread ID:                   00000000000002b9
    Thread Name:                 Network::Send
    Stack Region:                0000001b4fb23000-0000001b4fb2b000
    Registers:
        X[00]:                   000000277b5b4fa8
        X[01]:                   000000277b5b4fb0
        X[02]:                   00000000001e01c9
        X[03]:                   ffffffffffffffff
        X[04]:                   0000000000000000
        X[05]:                   0000000000000000
        X[06]:                   0000000000000000
        X[07]:                   0000000000000000
        X[08]:                   0000000000000000
        X[09]:                   0000000000000000
        X[10]:                   0000000000000000
        X[11]:                   0000000000000000
        X[12]:                   0000000000000000
        X[13]:                   0000000000000000
        X[14]:                   0000000000000000
        X[15]:                   0000000000000000
        X[16]:                   0000000000000000
        X[17]:                   0000000000000000
        X[18]:                   0000000000000000
        X[19]:                   0000000000000000
        X[20]:                   0000000000000000
        X[21]:                   0000000000000000
        X[22]:                   0000000000000000
        X[23]:                   0000000000000000
        X[24]:                   0000000000000000
        X[25]:                   0000000000000000
        X[26]:                   0000000000000000
        X[27]:                   0000000000000000
        X[28]:                   0000000000000000
        FP:                      0000001b4fb2aee0
        LR:                      000000140d4e39e8 (nnSdk + 0x969e8) (_ZN2nn2os6detail38InternalConditionVariableImplByHorizon4WaitEPNS1_23InternalCriticalSectionE + 0x30)
        SP:                      0000001b4fb2aec0
        PC:                      000000140d4fe56c (nnSdk + 0xb156c)
    Stack Trace:
        ReturnAddress[00]:       000000140d4dbd38 (nnSdk + 0x8ed38) (_ZN2nn2os19ReceiveMessageQueueEPmPNS0_16MessageQueueTypeE + 0x3c)
        ReturnAddress[01]:       000000140c029098 (TurboS.nss + 0x625098)
        ReturnAddress[02]:       000000140c029b40 (TurboS.nss + 0x625b40)
        ReturnAddress[03]:       000000140c0293cc (TurboS.nss + 0x6253cc)
        ReturnAddress[04]:       000000140d4deb48 (nnSdk + 0x91b48)
        ReturnAddress[05]:       000000140d4e2b24 (nnSdk + 0x95b24)
        ReturnAddress[06]:       0000000000000000
    Stack Dump:                               00 01 02 03 04 05 06 07 08 09 0a 0b 0c 0d 0e 0f
                                 001b4fb2aec0 20 20 cd 7c 27 00 00 00 c0 71 3f 7b 27 00 00 00
                                 001b4fb2aed0 a8 4f 5b 7b 27 00 00 00 70 4f 5b 7b 27 00 00 00
                                 001b4fb2aee0 10 af b2 4f 1b 00 00 00 38 bd 4d 0d 14 00 00 00
                                 001b4fb2aef0 00 00 00 00 00 00 00 00 d4 21 cd 7c 27 00 00 00
                                 001b4fb2af00 70 4f 5b 7b 27 00 00 00 40 4f 5b 7b 27 00 00 00
                                 001b4fb2af10 30 af b2 4f 1b 00 00 00 98 90 02 0c 14 00 00 00
                                 001b4fb2af20 70 4f 5b 7b 27 00 00 00 40 4f 5b 7b 27 00 00 00
                                 001b4fb2af30 50 af b2 4f 1b 00 00 00 40 9b 02 0c 14 00 00 00
                                 001b4fb2af40 00 00 00 00 00 00 00 00 40 4f 5b 7b 27 00 00 00
                                 001b4fb2af50 70 af b2 4f 1b 00 00 00 cc 93 02 0c 14 00 00 00
                                 001b4fb2af60 d0 21 cd 7c 27 00 00 00 20 20 cd 7c 27 00 00 00
                                 001b4fb2af70 a0 af b2 4f 1b 00 00 00 48 eb 4d 0d 14 00 00 00
                                 001b4fb2af80 00 00 00 00 00 00 00 00 00 00 00 00 00 00 00 00
                                 001b4fb2af90 00 00 00 00 00 00 00 00 20 20 cd 7c 27 00 00 00
                                 001b4fb2afa0 d0 af b2 4f 1b 00 00 00 24 2b 4e 0d 14 00 00 00
                                 001b4fb2afb0 00 00 00 00 00 00 00 00 00 00 00 00 00 00 00 00
    TLS Address:                 0000005161a7c600
    TLS Dump:                                 00 01 02 03 04 05 06 07 08 09 0a 0b 0c 0d 0e 0f
                                 005161a7c600 00 00 00 00 00 00 00 00 00 00 00 00 00 00 00 00
                                 005161a7c610 00 00 00 00 00 00 00 00 00 00 00 00 00 00 00 00
                                 005161a7c620 00 00 00 00 00 00 00 00 00 00 00 00 00 00 00 00
                                 005161a7c630 00 00 00 00 00 00 00 00 00 00 00 00 00 00 00 00
                                 005161a7c640 00 00 00 00 00 00 00 00 00 00 00 00 00 00 00 00
                                 005161a7c650 00 00 00 00 00 00 00 00 00 00 00 00 00 00 00 00
                                 005161a7c660 00 00 00 00 00 00 00 00 00 00 00 00 00 00 00 00
                                 005161a7c670 00 00 00 00 00 00 00 00 00 00 00 00 00 00 00 00
                                 005161a7c680 00 00 00 00 00 00 00 00 00 00 00 00 00 00 00 00
                                 005161a7c690 00 00 00 00 00 00 00 00 00 00 00 00 00 00 00 00
                                 005161a7c6a0 00 00 00 00 00 00 00 00 00 00 00 00 00 00 00 00
                                 005161a7c6b0 00 00 00 00 00 00 00 00 00 00 00 00 00 00 00 00
                                 005161a7c6c0 00 00 00 00 00 00 00 00 00 00 00 00 00 00 00 00
                                 005161a7c6d0 00 00 00 00 00 00 00 00 00 00 00 00 00 00 00 00
                                 005161a7c6e0 00 00 00 00 00 00 00 00 00 00 00 00 00 00 00 00
                                 005161a7c6f0 00 00 00 00 00 00 00 00 00 00 00 00 00 00 00 00
Threads[27]:
    Thread ID:                   00000000000002bb
    Stack Region:                0000001b07131000-0000001b07135000
    Registers:
        X[00]:                   000000140cd4d2f0
        X[01]:                   000000140cd4d2f8
        X[02]:                   00000000002401c3
        X[03]:                   ffffffffffffffff
        X[04]:                   0000000000000000
        X[05]:                   0000000000000000
        X[06]:                   0000000000000000
        X[07]:                   0000000000000000
        X[08]:                   0000000000000000
        X[09]:                   0000000000000000
        X[10]:                   0000000000000000
        X[11]:                   0000000000000000
        X[12]:                   0000000000000000
        X[13]:                   0000000000000000
        X[14]:                   0000000000000000
        X[15]:                   0000000000000000
        X[16]:                   0000000000000000
        X[17]:                   0000000000000000
        X[18]:                   0000000000000000
        X[19]:                   0000000000000000
        X[20]:                   0000000000000000
        X[21]:                   0000000000000000
        X[22]:                   0000000000000000
        X[23]:                   0000000000000000
        X[24]:                   0000000000000000
        X[25]:                   0000000000000000
        X[26]:                   0000000000000000
        X[27]:                   0000000000000000
        X[28]:                   0000000000000000
        FP:                      0000001b07134ed0
        LR:                      000000140d4e39e8 (nnSdk + 0x969e8) (_ZN2nn2os6detail38InternalConditionVariableImplByHorizon4WaitEPNS1_23InternalCriticalSectionE + 0x30)
        SP:                      0000001b07134eb0
        PC:                      000000140d4fe56c (nnSdk + 0xb156c)
    Stack Trace:
        ReturnAddress[00]:       000000140d4dbd38 (nnSdk + 0x8ed38) (_ZN2nn2os19ReceiveMessageQueueEPmPNS0_16MessageQueueTypeE + 0x3c)
        ReturnAddress[01]:       000000140c0011b8 (TurboS.nss + 0x5fd1b8)
        ReturnAddress[02]:       000000140c00140c (TurboS.nss + 0x5fd40c)
        ReturnAddress[03]:       000000140bfeee24 (TurboS.nss + 0x5eae24)
        ReturnAddress[04]:       000000140d4deb48 (nnSdk + 0x91b48)
        ReturnAddress[05]:       000000140d4e2b24 (nnSdk + 0x95b24)
        ReturnAddress[06]:       0000000000000000
    Stack Dump:                               00 01 02 03 04 05 06 07 08 09 0a 0b 0c 0d 0e 0f
                                 001b07134eb0 e0 4e 13 07 1b 00 00 00 ec c3 4d 0d 14 00 00 00
                                 001b07134ec0 f0 d2 d4 0c 14 00 00 00 b8 d2 d4 0c 14 00 00 00
                                 001b07134ed0 00 4f 13 07 1b 00 00 00 38 bd 4d 0d 14 00 00 00
                                 001b07134ee0 00 00 00 00 00 00 00 00 fc d5 d4 0c 14 00 00 00
                                 001b07134ef0 b8 d2 d4 0c 14 00 00 00 58 d2 d4 0c 14 00 00 00
                                 001b07134f00 30 4f 13 07 1b 00 00 00 b8 11 00 0c 14 00 00 00
                                 001b07134f10 fc d5 d4 0c 14 00 00 00 fc d5 d4 0c 14 00 00 00
                                 001b07134f20 30 d6 d4 0c 14 00 00 00 38 d4 d4 0c 14 00 00 00
                                 001b07134f30 50 4f 13 07 1b 00 00 00 0c 14 00 0c 14 00 00 00
                                 001b07134f40 f8 d5 d4 0c 14 00 00 00 40 d4 d4 0c 14 00 00 00
                                 001b07134f50 70 4f 13 07 1b 00 00 00 24 ee fe 0b 14 00 00 00
                                 001b07134f60 48 d4 d4 0c 14 00 00 00 48 d4 d4 0c 14 00 00 00
                                 001b07134f70 a0 4f 13 07 1b 00 00 00 48 eb 4d 0d 14 00 00 00
                                 001b07134f80 00 00 00 00 00 00 00 00 00 00 00 00 00 00 00 00
                                 001b07134f90 00 00 00 00 00 00 00 00 48 d4 d4 0c 14 00 00 00
                                 001b07134fa0 d0 4f 13 07 1b 00 00 00 24 2b 4e 0d 14 00 00 00
    TLS Address:                 0000005161a7c800
    TLS Dump:                                 00 01 02 03 04 05 06 07 08 09 0a 0b 0c 0d 0e 0f
                                 005161a7c800 00 00 00 00 0c 00 00 00 00 00 00 00 00 00 00 00
                                 005161a7c810 00 00 00 00 00 00 00 00 00 00 00 00 00 00 00 00
                                 005161a7c820 53 46 43 4f 00 00 00 00 00 00 00 00 eb ca d2 c4
                                 005161a7c830 00 00 00 00 00 00 00 00 00 00 00 00 00 00 00 00
                                 005161a7c840 a0 ca 79 0b 00 00 00 00 00 00 0a 00 00 00 00 00
                                 005161a7c850 00 00 00 00 00 00 00 00 00 00 00 00 00 00 00 00
                                 005161a7c860 00 00 00 00 00 00 00 00 00 00 00 00 00 00 00 00
                                 005161a7c870 00 00 00 00 00 00 00 00 00 00 00 00 00 00 00 00
                                 005161a7c880 00 00 00 00 00 00 00 00 00 00 00 00 00 00 00 00
                                 005161a7c890 00 00 00 00 00 00 00 00 00 00 00 00 00 00 00 00
                                 005161a7c8a0 00 00 00 00 00 00 00 00 00 00 00 00 00 00 00 00
                                 005161a7c8b0 00 00 00 00 00 00 00 00 00 00 00 00 00 00 00 00
                                 005161a7c8c0 00 00 00 00 00 00 00 00 00 00 00 00 00 00 00 00
                                 005161a7c8d0 00 00 00 00 00 00 00 00 00 00 00 00 00 00 00 00
                                 005161a7c8e0 00 00 00 00 00 00 00 00 00 00 00 00 00 00 00 00
                                 005161a7c8f0 00 00 00 00 00 00 00 00 00 00 00 00 00 00 00 00
Threads[28]:
    Thread ID:                   00000000000002bc
    Stack Region:                0000001b1853e000-0000001b18542000
    Registers:
        X[00]:                   000000277d8b7b50
        X[01]:                   00000000ffffffff
        X[02]:                   0000000000000001
        X[03]:                   000000277d8da980
        X[04]:                   000000277d8dad40
        X[05]:                   000000277d8db100
        X[06]:                   000000277d8db4c0
        X[07]:                   00000000000000f0
        X[08]:                   0000000000000000
        X[09]:                   0000000000000000
        X[10]:                   0000000000000000
        X[11]:                   0000000000000000
        X[12]:                   0000000000000000
        X[13]:                   0000000000000000
        X[14]:                   0000000000000000
        X[15]:                   0000000000000000
        X[16]:                   0000000000000000
        X[17]:                   0000000000000000
        X[18]:                   0000000000000000
        X[19]:                   0000000000000000
        X[20]:                   0000000000000000
        X[21]:                   0000000000000000
        X[22]:                   0000000000000000
        X[23]:                   0000000000000000
        X[24]:                   0000000000000000
        X[25]:                   0000000000000000
        X[26]:                   0000000000000000
        X[27]:                   0000000000000000
        X[28]:                   0000000000000000
        FP:                      0000001b18541cf0
        LR:                      000000140d4db8dc (nnSdk + 0x8e8dc) (_ZN2nn2os19TrySendMessageQueueEPNS0_16MessageQueueTypeEm + 0x5c)
        SP:                      0000001b18541cd0
        PC:                      000000140d4fe574 (nnSdk + 0xb1574)
    Stack Trace:
        ReturnAddress[00]:       000000140c1574a4 (TurboS.nss + 0x7534a4)
        ReturnAddress[01]:       000000140c153c30 (TurboS.nss + 0x74fc30)
        ReturnAddress[02]:       000000140c1542e0 (TurboS.nss + 0x7502e0)
        ReturnAddress[03]:       000000140bfeeb8c (TurboS.nss + 0x5eab8c)
        ReturnAddress[04]:       000000140bfe6160 (TurboS.nss + 0x5e2160)
        ReturnAddress[05]:       000000140bfe8dc8 (TurboS.nss + 0x5e4dc8)
        ReturnAddress[06]:       000000140bfeee24 (TurboS.nss + 0x5eae24)
        ReturnAddress[07]:       000000140d4deb48 (nnSdk + 0x91b48)
        ReturnAddress[08]:       000000140d4e2b24 (nnSdk + 0x95b24)
        ReturnAddress[09]:       0000000000000000
    Stack Dump:                               00 01 02 03 04 05 06 07 08 09 0a 0b 0c 0d 0e 0f
                                 001b18541cd0 f0 00 00 00 00 00 00 00 20 bb 8c 7d 27 00 00 00
                                 001b18541ce0 98 03 8c 7d 27 00 00 00 f8 03 8c 7d 27 00 00 00
                                 001b18541cf0 10 1d 54 18 1b 00 00 00 a4 74 15 0c 14 00 00 00
                                 001b18541d00 06 00 00 00 00 00 00 00 06 00 00 00 00 00 00 00
                                 001b18541d10 c0 1d 54 18 1b 00 00 00 30 3c 15 0c 14 00 00 00
                                 001b18541d20 00 00 00 00 00 00 00 00 00 e0 fd 7c 27 00 00 00
                                 001b18541d30 00 a2 8d 7d 27 00 00 00 c0 a5 8d 7d 27 00 00 00
                                 001b18541d40 80 a9 8d 7d 27 00 00 00 40 ad 8d 7d 27 00 00 00
                                 001b18541d50 00 b1 8d 7d 27 00 00 00 c0 b4 8d 7d 27 00 00 00
                                 001b18541d60 00 80 3b 47 00 00 00 00 00 ca a7 61 51 00 00 00
                                 001b18541d70 05 00 00 00 00 00 00 00 f0 1d 54 18 1b 00 00 00
                                 001b18541d80 d0 1d 54 18 1b 00 00 00 00 00 00 00 00 00 00 00
                                 001b18541d90 01 00 00 00 00 00 00 00 80 b8 8d 7d 27 00 00 00
                                 001b18541da0 80 16 00 00 00 00 00 00 06 00 00 00 00 00 00 00
                                 001b18541db0 98 03 8c 7d 27 00 00 00 78 1e 54 18 1b 00 00 00
                                 001b18541dc0 60 1e 54 18 1b 00 00 00 e0 42 15 0c 14 00 00 00
    TLS Address:                 0000005161a7ca00
    TLS Dump:                                 00 01 02 03 04 05 06 07 08 09 0a 0b 0c 0d 0e 0f
                                 005161a7ca00 00 00 00 00 08 00 00 00 00 00 00 00 00 00 00 00
                                 005161a7ca10 53 46 43 4f 00 00 00 00 00 00 00 00 25 0a 2e 59
                                 005161a7ca20 00 00 00 00 00 00 00 00 00 00 00 00 00 00 00 00
                                 005161a7ca30 53 46 43 49 00 00 00 00 04 00 00 00 00 00 00 00
                                 005161a7ca40 00 00 00 00 00 00 00 00 00 00 00 00 00 00 00 00
                                 005161a7ca50 00 00 00 00 00 00 00 00 00 00 00 00 00 00 00 00
                                 005161a7ca60 00 00 00 00 00 00 00 00 00 00 00 00 00 00 00 00
                                 005161a7ca70 00 00 00 00 00 00 00 00 00 00 00 00 00 00 00 00
                                 005161a7ca80 00 00 00 00 00 00 00 00 00 00 00 00 00 00 00 00
                                 005161a7ca90 00 00 00 00 00 00 00 00 00 00 00 00 00 00 00 00
                                 005161a7caa0 00 00 00 00 00 00 00 00 00 00 00 00 00 00 00 00
                                 005161a7cab0 00 00 00 00 00 00 00 00 00 00 00 00 00 00 00 00
                                 005161a7cac0 00 00 00 00 00 00 00 00 00 00 00 00 00 00 00 00
                                 005161a7cad0 00 00 00 00 00 00 00 00 00 00 00 00 00 00 00 00
                                 005161a7cae0 00 00 00 00 00 00 00 00 00 00 00 00 00 00 00 00
                                 005161a7caf0 00 00 00 00 00 00 00 00 00 00 00 00 00 00 00 00
Threads[29]:
    Thread ID:                   00000000000002bd
    Thread Name:                 aal::LowPrioWorkerThread
    Stack Region:                0000001b0d0a1000-0000001b0d0a9000
    Registers:
        X[00]:                   000000277d8b7b48
        X[01]:                   000000277d8b7b50
        X[02]:                   00000000002a01bf
        X[03]:                   ffffffffffffffff
        X[04]:                   0000001b0d0a8e30
        X[05]:                   0000001b0d0a8e28
        X[06]:                   0000000000000000
        X[07]:                   0000000000000000
        X[08]:                   0000000000000000
        X[09]:                   0000000000000000
        X[10]:                   0000000000000000
        X[11]:                   0000000000000000
        X[12]:                   0000000000000000
        X[13]:                   0000000000000000
        X[14]:                   0000000000000000
        X[15]:                   0000000000000000
        X[16]:                   0000000000000000
        X[17]:                   0000000000000000
        X[18]:                   0000000000000000
        X[19]:                   0000000000000000
        X[20]:                   0000000000000000
        X[21]:                   0000000000000000
        X[22]:                   0000000000000000
        X[23]:                   0000000000000000
        X[24]:                   0000000000000000
        X[25]:                   0000000000000000
        X[26]:                   0000000000000000
        X[27]:                   0000000000000000
        X[28]:                   0000000000000000
        FP:                      0000001b0d0a8ee0
        LR:                      000000140d4e39e8 (nnSdk + 0x969e8) (_ZN2nn2os6detail38InternalConditionVariableImplByHorizon4WaitEPNS1_23InternalCriticalSectionE + 0x30)
        SP:                      0000001b0d0a8ec0
        PC:                      000000140d4fe56c (nnSdk + 0xb156c)
    Stack Trace:
        ReturnAddress[00]:       000000140d4dbd38 (nnSdk + 0x8ed38) (_ZN2nn2os19ReceiveMessageQueueEPmPNS0_16MessageQueueTypeE + 0x3c)
        ReturnAddress[01]:       000000140c029098 (TurboS.nss + 0x625098)
        ReturnAddress[02]:       000000140c029b40 (TurboS.nss + 0x625b40)
        ReturnAddress[03]:       000000140c0293cc (TurboS.nss + 0x6253cc)
        ReturnAddress[04]:       000000140d4deb48 (nnSdk + 0x91b48)
        ReturnAddress[05]:       000000140d4e2b24 (nnSdk + 0x95b24)
        ReturnAddress[06]:       0000000000000000
    Stack Dump:                               00 01 02 03 04 05 06 07 08 09 0a 0b 0c 0d 0e 0f
                                 001b0d0a8ec0 00 ac 8c 7d 27 00 00 00 00 00 00 00 00 00 00 00
                                 001b0d0a8ed0 48 7b 8b 7d 27 00 00 00 10 7b 8b 7d 27 00 00 00
                                 001b0d0a8ee0 10 8f 0a 0d 1b 00 00 00 38 bd 4d 0d 14 00 00 00
                                 001b0d0a8ef0 00 00 00 00 00 00 00 00 d4 01 8c 7d 27 00 00 00
                                 001b0d0a8f00 10 7b 8b 7d 27 00 00 00 e0 7a 8b 7d 27 00 00 00
                                 001b0d0a8f10 30 8f 0a 0d 1b 00 00 00 98 90 02 0c 14 00 00 00
                                 001b0d0a8f20 10 7b 8b 7d 27 00 00 00 e0 7a 8b 7d 27 00 00 00
                                 001b0d0a8f30 50 8f 0a 0d 1b 00 00 00 40 9b 02 0c 14 00 00 00
                                 001b0d0a8f40 00 00 00 00 00 00 00 00 e0 7a 8b 7d 27 00 00 00
                                 001b0d0a8f50 70 8f 0a 0d 1b 00 00 00 cc 93 02 0c 14 00 00 00
                                 001b0d0a8f60 d0 01 8c 7d 27 00 00 00 20 00 8c 7d 27 00 00 00
                                 001b0d0a8f70 a0 8f 0a 0d 1b 00 00 00 48 eb 4d 0d 14 00 00 00
                                 001b0d0a8f80 00 00 00 00 00 00 00 00 00 00 00 00 00 00 00 00
                                 001b0d0a8f90 00 00 00 00 00 00 00 00 20 00 8c 7d 27 00 00 00
                                 001b0d0a8fa0 d0 8f 0a 0d 1b 00 00 00 24 2b 4e 0d 14 00 00 00
                                 001b0d0a8fb0 00 00 00 00 00 00 00 00 00 00 00 00 00 00 00 00
    TLS Address:                 0000005161a7cc00
    TLS Dump:                                 00 01 02 03 04 05 06 07 08 09 0a 0b 0c 0d 0e 0f
                                 005161a7cc00 00 00 00 00 00 00 00 00 00 00 00 00 00 00 00 00
                                 005161a7cc10 00 00 00 00 00 00 00 00 00 00 00 00 00 00 00 00
                                 005161a7cc20 00 00 00 00 00 00 00 00 00 00 00 00 00 00 00 00
                                 005161a7cc30 00 00 00 00 00 00 00 00 00 00 00 00 00 00 00 00
                                 005161a7cc40 00 00 00 00 00 00 00 00 00 00 00 00 00 00 00 00
                                 005161a7cc50 00 00 00 00 00 00 00 00 00 00 00 00 00 00 00 00
                                 005161a7cc60 00 00 00 00 00 00 00 00 00 00 00 00 00 00 00 00
                                 005161a7cc70 00 00 00 00 00 00 00 00 00 00 00 00 00 00 00 00
                                 005161a7cc80 00 00 00 00 00 00 00 00 00 00 00 00 00 00 00 00
                                 005161a7cc90 00 00 00 00 00 00 00 00 00 00 00 00 00 00 00 00
                                 005161a7cca0 00 00 00 00 00 00 00 00 00 00 00 00 00 00 00 00
                                 005161a7ccb0 00 00 00 00 00 00 00 00 00 00 00 00 00 00 00 00
                                 005161a7ccc0 00 00 00 00 00 00 00 00 00 00 00 00 00 00 00 00
                                 005161a7ccd0 00 00 00 00 00 00 00 00 00 00 00 00 00 00 00 00
                                 005161a7cce0 00 00 00 00 00 00 00 00 00 00 00 00 00 00 00 00
                                 005161a7ccf0 00 00 00 00 00 00 00 00 00 00 00 00 00 00 00 00
Threads[30]:
    Thread ID:                   00000000000002bf
    Thread Name:                 UIMovieRecreatingThread
    Stack Region:                0000001b565f9000-0000001b565fd000
    Registers:
        X[00]:                   00000027827f7368
        X[01]:                   00000027827f7370
        X[02]:                   00000000002a81c0
        X[03]:                   ffffffffffffffff
        X[04]:                   0000000000000000
        X[05]:                   0000000000000000
        X[06]:                   0000000000000000
        X[07]:                   0000000000000000
        X[08]:                   0000000000000000
        X[09]:                   0000000000000000
        X[10]:                   0000000000000000
        X[11]:                   0000000000000000
        X[12]:                   0000000000000000
        X[13]:                   0000000000000000
        X[14]:                   0000000000000000
        X[15]:                   0000000000000000
        X[16]:                   0000000000000000
        X[17]:                   0000000000000000
        X[18]:                   0000000000000000
        X[19]:                   0000000000000000
        X[20]:                   0000000000000000
        X[21]:                   0000000000000000
        X[22]:                   0000000000000000
        X[23]:                   0000000000000000
        X[24]:                   0000000000000000
        X[25]:                   0000000000000000
        X[26]:                   0000000000000000
        X[27]:                   0000000000000000
        X[28]:                   0000000000000000
        FP:                      0000001b565fcee0
        LR:                      000000140d4e39e8 (nnSdk + 0x969e8) (_ZN2nn2os6detail38InternalConditionVariableImplByHorizon4WaitEPNS1_23InternalCriticalSectionE + 0x30)
        SP:                      0000001b565fcec0
        PC:                      000000140d4fe56c (nnSdk + 0xb156c)
    Stack Trace:
        ReturnAddress[00]:       000000140d4dbd38 (nnSdk + 0x8ed38) (_ZN2nn2os19ReceiveMessageQueueEPmPNS0_16MessageQueueTypeE + 0x3c)
        ReturnAddress[01]:       000000140c029098 (TurboS.nss + 0x625098)
        ReturnAddress[02]:       000000140c029b40 (TurboS.nss + 0x625b40)
        ReturnAddress[03]:       000000140c0293cc (TurboS.nss + 0x6253cc)
        ReturnAddress[04]:       000000140d4deb48 (nnSdk + 0x91b48)
        ReturnAddress[05]:       000000140d4e2b24 (nnSdk + 0x95b24)
        ReturnAddress[06]:       0000000000000000
    Stack Dump:                               00 01 02 03 04 05 06 07 08 09 0a 0b 0c 0d 0e 0f
                                 001b565fcec0 00 00 00 00 00 00 00 00 00 00 00 00 00 00 00 00
                                 001b565fced0 68 73 7f 82 27 00 00 00 30 73 7f 82 27 00 00 00
                                 001b565fcee0 10 cf 5f 56 1b 00 00 00 38 bd 4d 0d 14 00 00 00
                                 001b565fcef0 00 00 00 00 00 00 00 00 d4 c1 7f 82 27 00 00 00
                                 001b565fcf00 30 73 7f 82 27 00 00 00 00 73 7f 82 27 00 00 00
                                 001b565fcf10 30 cf 5f 56 1b 00 00 00 98 90 02 0c 14 00 00 00
                                 001b565fcf20 00 00 00 00 00 00 00 00 00 00 00 00 00 00 00 00
                                 001b565fcf30 50 cf 5f 56 1b 00 00 00 40 9b 02 0c 14 00 00 00
                                 001b565fcf40 00 00 00 00 00 00 00 00 00 73 7f 82 27 00 00 00
                                 001b565fcf50 70 cf 5f 56 1b 00 00 00 cc 93 02 0c 14 00 00 00
                                 001b565fcf60 d0 c1 7f 82 27 00 00 00 20 c0 7f 82 27 00 00 00
                                 001b565fcf70 a0 cf 5f 56 1b 00 00 00 48 eb 4d 0d 14 00 00 00
                                 001b565fcf80 00 00 00 00 00 00 00 00 00 00 00 00 00 00 00 00
                                 001b565fcf90 00 00 00 00 00 00 00 00 20 c0 7f 82 27 00 00 00
                                 001b565fcfa0 d0 cf 5f 56 1b 00 00 00 24 2b 4e 0d 14 00 00 00
                                 001b565fcfb0 00 00 00 00 00 00 00 00 00 00 00 00 00 00 00 00
    TLS Address:                 0000005161a7ce00
    TLS Dump:                                 00 01 02 03 04 05 06 07 08 09 0a 0b 0c 0d 0e 0f
                                 005161a7ce00 00 00 00 00 00 00 00 00 00 00 00 00 00 00 00 00
                                 005161a7ce10 00 00 00 00 00 00 00 00 00 00 00 00 00 00 00 00
                                 005161a7ce20 00 00 00 00 00 00 00 00 00 00 00 00 00 00 00 00
                                 005161a7ce30 00 00 00 00 00 00 00 00 00 00 00 00 00 00 00 00
                                 005161a7ce40 00 00 00 00 00 00 00 00 00 00 00 00 00 00 00 00
                                 005161a7ce50 00 00 00 00 00 00 00 00 00 00 00 00 00 00 00 00
                                 005161a7ce60 00 00 00 00 00 00 00 00 00 00 00 00 00 00 00 00
                                 005161a7ce70 00 00 00 00 00 00 00 00 00 00 00 00 00 00 00 00
                                 005161a7ce80 00 00 00 00 00 00 00 00 00 00 00 00 00 00 00 00
                                 005161a7ce90 00 00 00 00 00 00 00 00 00 00 00 00 00 00 00 00
                                 005161a7cea0 00 00 00 00 00 00 00 00 00 00 00 00 00 00 00 00
                                 005161a7ceb0 00 00 00 00 00 00 00 00 00 00 00 00 00 00 00 00
                                 005161a7cec0 00 00 00 00 00 00 00 00 00 00 00 00 00 00 00 00
                                 005161a7ced0 00 00 00 00 00 00 00 00 00 00 00 00 00 00 00 00
                                 005161a7cee0 00 00 00 00 00 00 00 00 00 00 00 00 00 00 00 00
                                 005161a7cef0 00 00 00 00 00 00 00 00 00 00 00 00 00 00 00 00
Threads[31]:
    Thread ID:                   00000000000002c0
    Stack Region:                0000001b495a3000-0000001b495a7000
    Registers:
        X[00]:                   0000002782804020
        X[01]:                   0000000000000000
        X[02]:                   0000000000000000
        X[03]:                   0000000000000000
        X[04]:                   0000000000000000
        X[05]:                   0000000000000000
        X[06]:                   0000000000000000
        X[07]:                   0000000000000000
        X[08]:                   0000000000000000
        X[09]:                   0000000000000000
        X[10]:                   0000000000000000
        X[11]:                   0000000000000000
        X[12]:                   0000000000000000
        X[13]:                   0000000000000000
        X[14]:                   0000000000000000
        X[15]:                   0000000000000000
        X[16]:                   0000000000000000
        X[17]:                   0000000000000000
        X[18]:                   ba77a2b313cbcb4b
        X[19]:                   0000000000000000
        X[20]:                   0000000000000000
        X[21]:                   0000000000000000
        X[22]:                   0000000000000000
        X[23]:                   0000000000000000
        X[24]:                   0000000000000000
        X[25]:                   0000000000000000
        X[26]:                   0000000000000000
        X[27]:                   0000000000000000
        X[28]:                   0000000000000000
        FP:                      0000000000000000
        LR:                      0000000000000000
        SP:                      0000001b495a6fe0
        PC:                      000000140d4e2aac (nnSdk + 0x95aac)
    Stack Dump:                               00 01 02 03 04 05 06 07 08 09 0a 0b 0c 0d 0e 0f
                                 001b495a6f00 00 00 00 00 00 00 00 00 00 00 00 00 00 00 00 00
                                 001b495a6f10 00 00 00 00 00 00 00 00 00 00 00 00 00 00 00 00
                                 001b495a6f20 00 00 00 00 00 00 00 00 00 00 00 00 00 00 00 00
                                 001b495a6f30 00 00 00 00 00 00 00 00 00 00 00 00 00 00 00 00
                                 001b495a6f40 00 00 00 00 00 00 00 00 00 00 00 00 00 00 00 00
                                 001b495a6f50 00 00 00 00 00 00 00 00 00 00 00 00 00 00 00 00
                                 001b495a6f60 00 00 00 00 00 00 00 00 00 00 00 00 00 00 00 00
                                 001b495a6f70 00 00 00 00 00 00 00 00 00 00 00 00 00 00 00 00
                                 001b495a6f80 00 00 00 00 00 00 00 00 00 00 00 00 00 00 00 00
                                 001b495a6f90 00 00 00 00 00 00 00 00 00 00 00 00 00 00 00 00
                                 001b495a6fa0 00 00 00 00 00 00 00 00 00 00 00 00 00 00 00 00
                                 001b495a6fb0 00 00 00 00 00 00 00 00 00 00 00 00 00 00 00 00
                                 001b495a6fc0 00 00 00 00 00 00 00 00 00 00 00 00 00 00 00 00
                                 001b495a6fd0 00 00 00 00 00 00 00 00 00 00 00 00 00 00 00 00
                                 001b495a6fe0 e8 ea 4d 0d 14 00 00 00 00 00 00 00 00 00 00 00
                                 001b495a6ff0 00 00 00 00 00 00 00 00 00 00 00 00 00 00 00 00
Threads[32]:
    Thread ID:                   00000000000002c1
    Thread Name:                 UILoadThread
    Stack Region:                0000001b679be000-0000001b679c2000
    Registers:
        X[00]:                   0000002782d80670
        X[01]:                   0000002782d80678
        X[02]:                   00000000002b81bd
        X[03]:                   ffffffffffffffff
        X[04]:                   0000000000000000
        X[05]:                   0000000000000000
        X[06]:                   0000000000000000
        X[07]:                   0000000000000000
        X[08]:                   0000000000000000
        X[09]:                   0000000000000000
        X[10]:                   0000000000000000
        X[11]:                   0000000000000000
        X[12]:                   0000000000000000
        X[13]:                   0000000000000000
        X[14]:                   0000000000000000
        X[15]:                   0000000000000000
        X[16]:                   0000000000000000
        X[17]:                   0000000000000000
        X[18]:                   0000000000000000
        X[19]:                   0000000000000000
        X[20]:                   0000000000000000
        X[21]:                   0000000000000000
        X[22]:                   0000000000000000
        X[23]:                   0000000000000000
        X[24]:                   0000000000000000
        X[25]:                   0000000000000000
        X[26]:                   0000000000000000
        X[27]:                   0000000000000000
        X[28]:                   0000000000000000
        FP:                      0000001b679c1ee0
        LR:                      000000140d4e39e8 (nnSdk + 0x969e8) (_ZN2nn2os6detail38InternalConditionVariableImplByHorizon4WaitEPNS1_23InternalCriticalSectionE + 0x30)
        SP:                      0000001b679c1ec0
        PC:                      000000140d4fe56c (nnSdk + 0xb156c)
    Stack Trace:
        ReturnAddress[00]:       000000140d4dbd38 (nnSdk + 0x8ed38) (_ZN2nn2os19ReceiveMessageQueueEPmPNS0_16MessageQueueTypeE + 0x3c)
        ReturnAddress[01]:       000000140c029098 (TurboS.nss + 0x625098)
        ReturnAddress[02]:       000000140c029b40 (TurboS.nss + 0x625b40)
        ReturnAddress[03]:       000000140c0293cc (TurboS.nss + 0x6253cc)
        ReturnAddress[04]:       000000140d4deb48 (nnSdk + 0x91b48)
        ReturnAddress[05]:       000000140d4e2b24 (nnSdk + 0x95b24)
        ReturnAddress[06]:       0000000000000000
    Stack Dump:                               00 01 02 03 04 05 06 07 08 09 0a 0b 0c 0d 0e 0f
                                 001b679c1ec0 00 00 00 00 00 00 00 00 85 00 00 00 27 00 00 00
                                 001b679c1ed0 70 06 d8 82 27 00 00 00 38 06 d8 82 27 00 00 00
                                 001b679c1ee0 10 1f 9c 67 1b 00 00 00 38 bd 4d 0d 14 00 00 00
                                 001b679c1ef0 00 00 00 00 00 00 00 00 d4 61 d8 82 27 00 00 00
                                 001b679c1f00 38 06 d8 82 27 00 00 00 08 06 d8 82 27 00 00 00
                                 001b679c1f10 30 1f 9c 67 1b 00 00 00 98 90 02 0c 14 00 00 00
                                 001b679c1f20 38 06 d8 82 27 00 00 00 08 06 d8 82 27 00 00 00
                                 001b679c1f30 50 1f 9c 67 1b 00 00 00 40 9b 02 0c 14 00 00 00
                                 001b679c1f40 00 00 00 00 00 00 00 00 08 06 d8 82 27 00 00 00
                                 001b679c1f50 70 1f 9c 67 1b 00 00 00 cc 93 02 0c 14 00 00 00
                                 001b679c1f60 d0 61 d8 82 27 00 00 00 20 60 d8 82 27 00 00 00
                                 001b679c1f70 a0 1f 9c 67 1b 00 00 00 48 eb 4d 0d 14 00 00 00
                                 001b679c1f80 00 00 00 00 00 00 00 00 00 00 00 00 00 00 00 00
                                 001b679c1f90 00 00 00 00 00 00 00 00 20 60 d8 82 27 00 00 00
                                 001b679c1fa0 d0 1f 9c 67 1b 00 00 00 24 2b 4e 0d 14 00 00 00
                                 001b679c1fb0 00 00 00 00 00 00 00 00 00 00 00 00 00 00 00 00
    TLS Address:                 000000485f180200
    TLS Dump:                                 00 01 02 03 04 05 06 07 08 09 0a 0b 0c 0d 0e 0f
                                 00485f180200 00 00 01 00 09 08 e0 03 40 b0 28 00 f8 19 9c 67
                                 00485f180210 53 46 43 4f 00 00 00 00 00 00 00 00 99 5d e2 a4
                                 00485f180220 00 00 00 00 00 00 00 00 00 00 00 00 00 00 00 00
                                 00485f180230 00 00 00 00 00 00 00 00 01 00 00 00 00 00 00 00
                                 00485f180240 01 00 71 01 06 41 28 c0 a6 0b 00 00 00 00 00 00
                                 00485f180250 28 00 00 00 f8 19 9c 67 1b 00 28 00 00 00 00 00
                                 00485f180260 00 00 00 00 00 00 00 00 00 00 00 00 00 00 00 00
                                 00485f180270 00 00 00 00 00 00 00 00 00 00 00 00 00 00 00 00
                                 00485f180280 00 00 00 00 00 00 00 00 00 00 00 00 00 00 00 00
                                 00485f180290 00 00 00 00 00 00 00 00 00 00 00 00 00 00 00 00
                                 00485f1802a0 00 00 00 00 00 00 00 00 00 00 00 00 00 00 00 00
                                 00485f1802b0 00 00 00 00 00 00 00 00 00 00 00 00 00 00 00 00
                                 00485f1802c0 00 00 00 00 00 00 00 00 00 00 00 00 00 00 00 00
                                 00485f1802d0 00 00 00 00 00 00 00 00 00 00 00 00 00 00 00 00
                                 00485f1802e0 00 00 00 00 00 00 00 00 00 00 00 00 00 00 00 00
                                 00485f1802f0 00 00 00 00 00 00 00 00 00 00 00 00 00 00 00 00
Threads[33]:
    Thread ID:                   00000000000002c2
    Thread Name:                 UIMiiThread
    Stack Region:                0000001b13329000-0000001b1332d000
    Registers:
        X[00]:                   0000002782d80b20
        X[01]:                   0000002782d80b28
        X[02]:                   00000000002c01bc
        X[03]:                   ffffffffffffffff
        X[04]:                   0000000000000000
        X[05]:                   0000000000000000
        X[06]:                   0000000000000000
        X[07]:                   0000000000000000
        X[08]:                   0000000000000000
        X[09]:                   0000000000000000
        X[10]:                   0000000000000000
        X[11]:                   0000000000000000
        X[12]:                   0000000000000000
        X[13]:                   0000000000000000
        X[14]:                   0000000000000000
        X[15]:                   0000000000000000
        X[16]:                   0000000000000000
        X[17]:                   0000000000000000
        X[18]:                   0000000000000000
        X[19]:                   0000000000000000
        X[20]:                   0000000000000000
        X[21]:                   0000000000000000
        X[22]:                   0000000000000000
        X[23]:                   0000000000000000
        X[24]:                   0000000000000000
        X[25]:                   0000000000000000
        X[26]:                   0000000000000000
        X[27]:                   0000000000000000
        X[28]:                   0000000000000000
        FP:                      0000001b1332cee0
        LR:                      000000140d4e39e8 (nnSdk + 0x969e8) (_ZN2nn2os6detail38InternalConditionVariableImplByHorizon4WaitEPNS1_23InternalCriticalSectionE + 0x30)
        SP:                      0000001b1332cec0
        PC:                      000000140d4fe56c (nnSdk + 0xb156c)
    Stack Trace:
        ReturnAddress[00]:       000000140d4dbd38 (nnSdk + 0x8ed38) (_ZN2nn2os19ReceiveMessageQueueEPmPNS0_16MessageQueueTypeE + 0x3c)
        ReturnAddress[01]:       000000140c029098 (TurboS.nss + 0x625098)
        ReturnAddress[02]:       000000140c029b40 (TurboS.nss + 0x625b40)
        ReturnAddress[03]:       000000140c0293cc (TurboS.nss + 0x6253cc)
        ReturnAddress[04]:       000000140d4deb48 (nnSdk + 0x91b48)
        ReturnAddress[05]:       000000140d4e2b24 (nnSdk + 0x95b24)
        ReturnAddress[06]:       0000000000000000
    Stack Dump:                               00 01 02 03 04 05 06 07 08 09 0a 0b 0c 0d 0e 0f
                                 001b1332cec0 04 00 00 00 27 00 00 00 02 00 00 00 02 00 00 00
                                 001b1332ced0 20 0b d8 82 27 00 00 00 e8 0a d8 82 27 00 00 00
                                 001b1332cee0 10 cf 32 13 1b 00 00 00 38 bd 4d 0d 14 00 00 00
                                 001b1332cef0 00 00 00 00 00 00 00 00 d4 b1 d8 82 27 00 00 00
                                 001b1332cf00 e8 0a d8 82 27 00 00 00 b8 0a d8 82 27 00 00 00
                                 001b1332cf10 30 cf 32 13 1b 00 00 00 98 90 02 0c 14 00 00 00
                                 001b1332cf20 e8 0a d8 82 27 00 00 00 b8 0a d8 82 27 00 00 00
                                 001b1332cf30 50 cf 32 13 1b 00 00 00 40 9b 02 0c 14 00 00 00
                                 001b1332cf40 00 00 00 00 00 00 00 00 b8 0a d8 82 27 00 00 00
                                 001b1332cf50 70 cf 32 13 1b 00 00 00 cc 93 02 0c 14 00 00 00
                                 001b1332cf60 d0 b1 d8 82 27 00 00 00 20 b0 d8 82 27 00 00 00
                                 001b1332cf70 a0 cf 32 13 1b 00 00 00 48 eb 4d 0d 14 00 00 00
                                 001b1332cf80 00 00 00 00 00 00 00 00 00 00 00 00 00 00 00 00
                                 001b1332cf90 00 00 00 00 00 00 00 00 20 b0 d8 82 27 00 00 00
                                 001b1332cfa0 d0 cf 32 13 1b 00 00 00 24 2b 4e 0d 14 00 00 00
                                 001b1332cfb0 00 00 00 00 00 00 00 00 00 00 00 00 00 00 00 00
    TLS Address:                 000000485f180400
    TLS Dump:                                 00 01 02 03 04 05 06 07 08 09 0a 0b 0c 0d 0e 0f
                                 00485f180400 00 00 00 00 00 00 00 00 00 00 00 00 00 00 00 00
                                 00485f180410 00 00 00 00 00 00 00 00 00 00 00 00 00 00 00 00
                                 00485f180420 00 00 00 00 00 00 00 00 00 00 00 00 00 00 00 00
                                 00485f180430 00 00 00 00 00 00 00 00 00 00 00 00 00 00 00 00
                                 00485f180440 00 00 00 00 00 00 00 00 00 00 00 00 00 00 00 00
                                 00485f180450 00 00 00 00 00 00 00 00 00 00 00 00 00 00 00 00
                                 00485f180460 00 00 00 00 00 00 00 00 00 00 00 00 00 00 00 00
                                 00485f180470 00 00 00 00 00 00 00 00 00 00 00 00 00 00 00 00
                                 00485f180480 00 00 00 00 00 00 00 00 00 00 00 00 00 00 00 00
                                 00485f180490 00 00 00 00 00 00 00 00 00 00 00 00 00 00 00 00
                                 00485f1804a0 00 00 00 00 00 00 00 00 00 00 00 00 00 00 00 00
                                 00485f1804b0 00 00 00 00 00 00 00 00 00 00 00 00 00 00 00 00
                                 00485f1804c0 00 00 00 00 00 00 00 00 00 00 00 00 00 00 00 00
                                 00485f1804d0 00 00 00 00 00 00 00 00 00 00 00 00 00 00 00 00
                                 00485f1804e0 00 00 00 00 00 00 00 00 00 00 00 00 00 00 00 00
                                 00485f1804f0 00 00 00 00 00 00 00 00 00 00 00 00 00 00 00 00
Threads[34]:
    Thread ID:                   00000000000002c3
    Thread Name:                 UIMiiThread
    Stack Region:                0000001b08af2000-0000001b08af6000
    Registers:
        X[00]:                   000000278419ec08
        X[01]:                   000000278419ec10
        X[02]:                   00000000002c81bb
        X[03]:                   ffffffffffffffff
        X[04]:                   0000000000000000
        X[05]:                   0000000000000000
        X[06]:                   0000000000000000
        X[07]:                   0000000000000000
        X[08]:                   0000000000000000
        X[09]:                   0000000000000000
        X[10]:                   0000000000000000
        X[11]:                   0000000000000000
        X[12]:                   0000000000000000
        X[13]:                   0000000000000000
        X[14]:                   0000000000000000
        X[15]:                   0000000000000000
        X[16]:                   0000000000000000
        X[17]:                   0000000000000000
        X[18]:                   0000000000000000
        X[19]:                   0000000000000000
        X[20]:                   0000000000000000
        X[21]:                   0000000000000000
        X[22]:                   0000000000000000
        X[23]:                   0000000000000000
        X[24]:                   0000000000000000
        X[25]:                   0000000000000000
        X[26]:                   0000000000000000
        X[27]:                   0000000000000000
        X[28]:                   0000000000000000
        FP:                      0000001b08af5ee0
        LR:                      000000140d4e39e8 (nnSdk + 0x969e8) (_ZN2nn2os6detail38InternalConditionVariableImplByHorizon4WaitEPNS1_23InternalCriticalSectionE + 0x30)
        SP:                      0000001b08af5ec0
        PC:                      000000140d4fe56c (nnSdk + 0xb156c)
    Stack Trace:
        ReturnAddress[00]:       000000140d4dbd38 (nnSdk + 0x8ed38) (_ZN2nn2os19ReceiveMessageQueueEPmPNS0_16MessageQueueTypeE + 0x3c)
        ReturnAddress[01]:       000000140c029098 (TurboS.nss + 0x625098)
        ReturnAddress[02]:       000000140c029b40 (TurboS.nss + 0x625b40)
        ReturnAddress[03]:       000000140c0293cc (TurboS.nss + 0x6253cc)
        ReturnAddress[04]:       000000140d4deb48 (nnSdk + 0x91b48)
        ReturnAddress[05]:       000000140d4e2b24 (nnSdk + 0x95b24)
        ReturnAddress[06]:       0000000000000000
    Stack Dump:                               00 01 02 03 04 05 06 07 08 09 0a 0b 0c 0d 0e 0f
                                 001b08af5ec0 00 00 00 00 00 00 00 00 00 00 00 00 00 00 00 00
                                 001b08af5ed0 08 ec 19 84 27 00 00 00 d0 eb 19 84 27 00 00 00
                                 001b08af5ee0 10 5f af 08 1b 00 00 00 38 bd 4d 0d 14 00 00 00
                                 001b08af5ef0 00 00 00 00 00 00 00 00 d4 31 1a 84 27 00 00 00
                                 001b08af5f00 d0 eb 19 84 27 00 00 00 a0 eb 19 84 27 00 00 00
                                 001b08af5f10 30 5f af 08 1b 00 00 00 98 90 02 0c 14 00 00 00
                                 001b08af5f20 00 00 00 00 00 00 00 00 00 00 00 00 00 00 00 00
                                 001b08af5f30 50 5f af 08 1b 00 00 00 40 9b 02 0c 14 00 00 00
                                 001b08af5f40 00 00 00 00 00 00 00 00 a0 eb 19 84 27 00 00 00
                                 001b08af5f50 70 5f af 08 1b 00 00 00 cc 93 02 0c 14 00 00 00
                                 001b08af5f60 d0 31 1a 84 27 00 00 00 20 30 1a 84 27 00 00 00
                                 001b08af5f70 a0 5f af 08 1b 00 00 00 48 eb 4d 0d 14 00 00 00
                                 001b08af5f80 00 00 00 00 00 00 00 00 00 00 00 00 00 00 00 00
                                 001b08af5f90 00 00 00 00 00 00 00 00 20 30 1a 84 27 00 00 00
                                 001b08af5fa0 d0 5f af 08 1b 00 00 00 24 2b 4e 0d 14 00 00 00
                                 001b08af5fb0 00 00 00 00 00 00 00 00 00 00 00 00 00 00 00 00
    TLS Address:                 000000485f180600
    TLS Dump:                                 00 01 02 03 04 05 06 07 08 09 0a 0b 0c 0d 0e 0f
                                 00485f180600 00 00 00 00 00 00 00 00 00 00 00 00 00 00 00 00
                                 00485f180610 00 00 00 00 00 00 00 00 00 00 00 00 00 00 00 00
                                 00485f180620 00 00 00 00 00 00 00 00 00 00 00 00 00 00 00 00
                                 00485f180630 00 00 00 00 00 00 00 00 00 00 00 00 00 00 00 00
                                 00485f180640 00 00 00 00 00 00 00 00 00 00 00 00 00 00 00 00
                                 00485f180650 00 00 00 00 00 00 00 00 00 00 00 00 00 00 00 00
                                 00485f180660 00 00 00 00 00 00 00 00 00 00 00 00 00 00 00 00
                                 00485f180670 00 00 00 00 00 00 00 00 00 00 00 00 00 00 00 00
                                 00485f180680 00 00 00 00 00 00 00 00 00 00 00 00 00 00 00 00
                                 00485f180690 00 00 00 00 00 00 00 00 00 00 00 00 00 00 00 00
                                 00485f1806a0 00 00 00 00 00 00 00 00 00 00 00 00 00 00 00 00
                                 00485f1806b0 00 00 00 00 00 00 00 00 00 00 00 00 00 00 00 00
                                 00485f1806c0 00 00 00 00 00 00 00 00 00 00 00 00 00 00 00 00
                                 00485f1806d0 00 00 00 00 00 00 00 00 00 00 00 00 00 00 00 00
                                 00485f1806e0 00 00 00 00 00 00 00 00 00 00 00 00 00 00 00 00
                                 00485f1806f0 00 00 00 00 00 00 00 00 00 00 00 00 00 00 00 00
Threads[35]:
    Thread ID:                   00000000000002c4
    Thread Name:                 UIScalableFont
    Stack Region:                0000001b27867000-0000001b2786b000
    Registers:
        X[00]:                   00000027845cfe10
        X[01]:                   00000027845cfe18
        X[02]:                   00000000002e01ba
        X[03]:                   ffffffffffffffff
        X[04]:                   0000000000000000
        X[05]:                   0000000000000000
        X[06]:                   0000000000000000
        X[07]:                   0000000000000000
        X[08]:                   0000000000000000
        X[09]:                   0000000000000000
        X[10]:                   0000000000000000
        X[11]:                   0000000000000000
        X[12]:                   0000000000000000
        X[13]:                   0000000000000000
        X[14]:                   0000000000000000
        X[15]:                   0000000000000000
        X[16]:                   0000000000000000
        X[17]:                   0000000000000000
        X[18]:                   0000000000000000
        X[19]:                   0000000000000000
        X[20]:                   0000000000000000
        X[21]:                   0000000000000000
        X[22]:                   0000000000000000
        X[23]:                   0000000000000000
        X[24]:                   0000000000000000
        X[25]:                   0000000000000000
        X[26]:                   0000000000000000
        X[27]:                   0000000000000000
        X[28]:                   0000000000000000
        FP:                      0000001b2786aee0
        LR:                      000000140d4e39e8 (nnSdk + 0x969e8) (_ZN2nn2os6detail38InternalConditionVariableImplByHorizon4WaitEPNS1_23InternalCriticalSectionE + 0x30)
        SP:                      0000001b2786aec0
        PC:                      000000140d4fe56c (nnSdk + 0xb156c)
    Stack Trace:
        ReturnAddress[00]:       000000140d4dbd38 (nnSdk + 0x8ed38) (_ZN2nn2os19ReceiveMessageQueueEPmPNS0_16MessageQueueTypeE + 0x3c)
        ReturnAddress[01]:       000000140c029098 (TurboS.nss + 0x625098)
        ReturnAddress[02]:       000000140c029b40 (TurboS.nss + 0x625b40)
        ReturnAddress[03]:       000000140c0293cc (TurboS.nss + 0x6253cc)
        ReturnAddress[04]:       000000140d4deb48 (nnSdk + 0x91b48)
        ReturnAddress[05]:       000000140d4e2b24 (nnSdk + 0x95b24)
        ReturnAddress[06]:       0000000000000000
    Stack Dump:                               00 01 02 03 04 05 06 07 08 09 0a 0b 0c 0d 0e 0f
                                 001b2786aec0 00 00 00 00 00 00 00 00 00 00 00 00 00 00 00 00
                                 001b2786aed0 10 fe 5c 84 27 00 00 00 d8 fd 5c 84 27 00 00 00
                                 001b2786aee0 10 af 86 27 1b 00 00 00 38 bd 4d 0d 14 00 00 00
                                 001b2786aef0 00 00 00 00 00 00 00 00 d4 51 5e 84 27 00 00 00
                                 001b2786af00 d8 fd 5c 84 27 00 00 00 a8 fd 5c 84 27 00 00 00
                                 001b2786af10 30 af 86 27 1b 00 00 00 98 90 02 0c 14 00 00 00
                                 001b2786af20 00 00 00 00 00 00 00 00 00 00 00 00 00 00 00 00
                                 001b2786af30 50 af 86 27 1b 00 00 00 40 9b 02 0c 14 00 00 00
                                 001b2786af40 00 00 00 00 00 00 00 00 a8 fd 5c 84 27 00 00 00
                                 001b2786af50 70 af 86 27 1b 00 00 00 cc 93 02 0c 14 00 00 00
                                 001b2786af60 d0 51 5e 84 27 00 00 00 20 50 5e 84 27 00 00 00
                                 001b2786af70 a0 af 86 27 1b 00 00 00 48 eb 4d 0d 14 00 00 00
                                 001b2786af80 00 00 00 00 00 00 00 00 00 00 00 00 00 00 00 00
                                 001b2786af90 00 00 00 00 00 00 00 00 20 50 5e 84 27 00 00 00
                                 001b2786afa0 d0 af 86 27 1b 00 00 00 24 2b 4e 0d 14 00 00 00
                                 001b2786afb0 00 00 00 00 00 00 00 00 00 00 00 00 00 00 00 00
    TLS Address:                 000000485f180800
    TLS Dump:                                 00 01 02 03 04 05 06 07 08 09 0a 0b 0c 0d 0e 0f
                                 00485f180800 00 00 00 00 00 00 00 00 00 00 00 00 00 00 00 00
                                 00485f180810 00 00 00 00 00 00 00 00 00 00 00 00 00 00 00 00
                                 00485f180820 00 00 00 00 00 00 00 00 00 00 00 00 00 00 00 00
                                 00485f180830 00 00 00 00 00 00 00 00 00 00 00 00 00 00 00 00
                                 00485f180840 00 00 00 00 00 00 00 00 00 00 00 00 00 00 00 00
                                 00485f180850 00 00 00 00 00 00 00 00 00 00 00 00 00 00 00 00
                                 00485f180860 00 00 00 00 00 00 00 00 00 00 00 00 00 00 00 00
                                 00485f180870 00 00 00 00 00 00 00 00 00 00 00 00 00 00 00 00
                                 00485f180880 00 00 00 00 00 00 00 00 00 00 00 00 00 00 00 00
                                 00485f180890 00 00 00 00 00 00 00 00 00 00 00 00 00 00 00 00
                                 00485f1808a0 00 00 00 00 00 00 00 00 00 00 00 00 00 00 00 00
                                 00485f1808b0 00 00 00 00 00 00 00 00 00 00 00 00 00 00 00 00
                                 00485f1808c0 00 00 00 00 00 00 00 00 00 00 00 00 00 00 00 00
                                 00485f1808d0 00 00 00 00 00 00 00 00 00 00 00 00 00 00 00 00
                                 00485f1808e0 00 00 00 00 00 00 00 00 00 00 00 00 00 00 00 00
                                 00485f1808f0 00 00 00 00 00 00 00 00 00 00 00 00 00 00 00 00
Threads[36]:
    Thread ID:                   0000000000000310
    Thread Name:                 repl::Thread
    Stack Region:                0000001b18a87000-0000001b18aa0000
    Registers:
        X[00]:                   0000002797063288
        X[01]:                   0000002797063290
        X[02]:                   00000000003781b1
        X[03]:                   ffffffffffffffff
        X[04]:                   0000000000000000
        X[05]:                   0000000000000000
        X[06]:                   0000000000000000
        X[07]:                   0000000000000000
        X[08]:                   0000000000000000
        X[09]:                   0000000000000000
        X[10]:                   0000000000000000
        X[11]:                   0000000000000000
        X[12]:                   0000000000000000
        X[13]:                   0000000000000000
        X[14]:                   0000000000000000
        X[15]:                   0000000000000000
        X[16]:                   0000000000000000
        X[17]:                   0000000000000000
        X[18]:                   0000000000000000
        X[19]:                   0000000000000000
        X[20]:                   0000000000000000
        X[21]:                   0000000000000000
        X[22]:                   0000000000000000
        X[23]:                   0000000000000000
        X[24]:                   0000000000000000
        X[25]:                   0000000000000000
        X[26]:                   0000000000000000
        X[27]:                   0000000000000000
        X[28]:                   0000000000000000
        FP:                      0000001b18a9fee0
        LR:                      000000140d4e39e8 (nnSdk + 0x969e8) (_ZN2nn2os6detail38InternalConditionVariableImplByHorizon4WaitEPNS1_23InternalCriticalSectionE + 0x30)
        SP:                      0000001b18a9fec0
        PC:                      000000140d4fe56c (nnSdk + 0xb156c)
    Stack Trace:
        ReturnAddress[00]:       000000140d4dbd38 (nnSdk + 0x8ed38) (_ZN2nn2os19ReceiveMessageQueueEPmPNS0_16MessageQueueTypeE + 0x3c)
        ReturnAddress[01]:       000000140c029098 (TurboS.nss + 0x625098)
        ReturnAddress[02]:       000000140c029b40 (TurboS.nss + 0x625b40)
        ReturnAddress[03]:       000000140c0293cc (TurboS.nss + 0x6253cc)
        ReturnAddress[04]:       000000140d4deb48 (nnSdk + 0x91b48)
        ReturnAddress[05]:       000000140d4e2b24 (nnSdk + 0x95b24)
        ReturnAddress[06]:       0000000000000000
    Stack Dump:                               00 01 02 03 04 05 06 07 08 09 0a 0b 0c 0d 0e 0f
                                 001b18a9fec0 00 00 00 00 00 00 00 00 00 00 00 00 00 00 00 00
                                 001b18a9fed0 88 32 06 97 27 00 00 00 50 32 06 97 27 00 00 00
                                 001b18a9fee0 10 ff a9 18 1b 00 00 00 38 bd 4d 0d 14 00 00 00
                                 001b18a9fef0 00 00 00 00 00 00 00 00 d4 d1 07 97 27 00 00 00
                                 001b18a9ff00 50 32 06 97 27 00 00 00 20 32 06 97 27 00 00 00
                                 001b18a9ff10 30 ff a9 18 1b 00 00 00 98 90 02 0c 14 00 00 00
                                 001b18a9ff20 20 32 06 97 27 00 00 00 01 00 00 00 00 00 00 00
                                 001b18a9ff30 50 ff a9 18 1b 00 00 00 40 9b 02 0c 14 00 00 00
                                 001b18a9ff40 00 00 00 00 00 00 00 00 20 32 06 97 27 00 00 00
                                 001b18a9ff50 70 ff a9 18 1b 00 00 00 cc 93 02 0c 14 00 00 00
                                 001b18a9ff60 d0 d1 07 97 27 00 00 00 20 d0 07 97 27 00 00 00
                                 001b18a9ff70 a0 ff a9 18 1b 00 00 00 48 eb 4d 0d 14 00 00 00
                                 001b18a9ff80 00 00 00 00 00 00 00 00 00 00 00 00 00 00 00 00
                                 001b18a9ff90 00 00 00 00 00 00 00 00 20 d0 07 97 27 00 00 00
                                 001b18a9ffa0 d0 ff a9 18 1b 00 00 00 24 2b 4e 0d 14 00 00 00
                                 001b18a9ffb0 00 00 00 00 00 00 00 00 00 00 00 00 00 00 00 00
    TLS Address:                 000000485f180a00
    TLS Dump:                                 00 01 02 03 04 05 06 07 08 09 0a 0b 0c 0d 0e 0f
                                 00485f180a00 00 00 00 00 00 00 00 00 00 00 00 00 00 00 00 00
                                 00485f180a10 00 00 00 00 00 00 00 00 00 00 00 00 00 00 00 00
                                 00485f180a20 00 00 00 00 00 00 00 00 00 00 00 00 00 00 00 00
                                 00485f180a30 00 00 00 00 00 00 00 00 00 00 00 00 00 00 00 00
                                 00485f180a40 00 00 00 00 00 00 00 00 00 00 00 00 00 00 00 00
                                 00485f180a50 00 00 00 00 00 00 00 00 00 00 00 00 00 00 00 00
                                 00485f180a60 00 00 00 00 00 00 00 00 00 00 00 00 00 00 00 00
                                 00485f180a70 00 00 00 00 00 00 00 00 00 00 00 00 00 00 00 00
                                 00485f180a80 00 00 00 00 00 00 00 00 00 00 00 00 00 00 00 00
                                 00485f180a90 00 00 00 00 00 00 00 00 00 00 00 00 00 00 00 00
                                 00485f180aa0 00 00 00 00 00 00 00 00 00 00 00 00 00 00 00 00
                                 00485f180ab0 00 00 00 00 00 00 00 00 00 00 00 00 00 00 00 00
                                 00485f180ac0 00 00 00 00 00 00 00 00 00 00 00 00 00 00 00 00
                                 00485f180ad0 00 00 00 00 00 00 00 00 00 00 00 00 00 00 00 00
                                 00485f180ae0 00 00 00 00 00 00 00 00 00 00 00 00 00 00 00 00
                                 00485f180af0 00 00 00 00 00 00 00 00 00 00 00 00 00 00 00 00
Threads[37]:
    Thread ID:                   0000000000000311
    Thread Name:                 repl::SZSThread
    Stack Region:                0000001b2cd5f000-0000001b2cd78000
    Registers:
        X[00]:                   000000279707d268
        X[01]:                   000000279707d270
        X[02]:                   00000000003801b2
        X[03]:                   ffffffffffffffff
        X[04]:                   0000000000000000
        X[05]:                   0000000000000000
        X[06]:                   0000000000000000
        X[07]:                   0000000000000000
        X[08]:                   0000000000000000
        X[09]:                   0000000000000000
        X[10]:                   0000000000000000
        X[11]:                   0000000000000000
        X[12]:                   0000000000000000
        X[13]:                   0000000000000000
        X[14]:                   0000000000000000
        X[15]:                   0000000000000000
        X[16]:                   0000000000000000
        X[17]:                   0000000000000000
        X[18]:                   0000000000000000
        X[19]:                   0000000000000000
        X[20]:                   0000000000000000
        X[21]:                   0000000000000000
        X[22]:                   0000000000000000
        X[23]:                   0000000000000000
        X[24]:                   0000000000000000
        X[25]:                   0000000000000000
        X[26]:                   0000000000000000
        X[27]:                   0000000000000000
        X[28]:                   0000000000000000
        FP:                      0000001b2cd77ee0
        LR:                      000000140d4e39e8 (nnSdk + 0x969e8) (_ZN2nn2os6detail38InternalConditionVariableImplByHorizon4WaitEPNS1_23InternalCriticalSectionE + 0x30)
        SP:                      0000001b2cd77ec0
        PC:                      000000140d4fe56c (nnSdk + 0xb156c)
    Stack Trace:
        ReturnAddress[00]:       000000140d4dbd38 (nnSdk + 0x8ed38) (_ZN2nn2os19ReceiveMessageQueueEPmPNS0_16MessageQueueTypeE + 0x3c)
        ReturnAddress[01]:       000000140c029098 (TurboS.nss + 0x625098)
        ReturnAddress[02]:       000000140c029b40 (TurboS.nss + 0x625b40)
        ReturnAddress[03]:       000000140c0293cc (TurboS.nss + 0x6253cc)
        ReturnAddress[04]:       000000140d4deb48 (nnSdk + 0x91b48)
        ReturnAddress[05]:       000000140d4e2b24 (nnSdk + 0x95b24)
        ReturnAddress[06]:       0000000000000000
    Stack Dump:                               00 01 02 03 04 05 06 07 08 09 0a 0b 0c 0d 0e 0f
                                 001b2cd77ec0 00 00 00 00 00 00 00 00 00 00 00 00 00 00 00 00
                                 001b2cd77ed0 68 d2 07 97 27 00 00 00 30 d2 07 97 27 00 00 00
                                 001b2cd77ee0 10 7f d7 2c 1b 00 00 00 38 bd 4d 0d 14 00 00 00
                                 001b2cd77ef0 00 00 00 00 00 00 00 00 d4 71 09 97 27 00 00 00
                                 001b2cd77f00 30 d2 07 97 27 00 00 00 00 d2 07 97 27 00 00 00
                                 001b2cd77f10 30 7f d7 2c 1b 00 00 00 98 90 02 0c 14 00 00 00
                                 001b2cd77f20 00 d2 07 97 27 00 00 00 01 00 00 00 00 00 00 00
                                 001b2cd77f30 50 7f d7 2c 1b 00 00 00 40 9b 02 0c 14 00 00 00
                                 001b2cd77f40 00 00 00 00 00 00 00 00 00 d2 07 97 27 00 00 00
                                 001b2cd77f50 70 7f d7 2c 1b 00 00 00 cc 93 02 0c 14 00 00 00
                                 001b2cd77f60 d0 71 09 97 27 00 00 00 20 70 09 97 27 00 00 00
                                 001b2cd77f70 a0 7f d7 2c 1b 00 00 00 48 eb 4d 0d 14 00 00 00
                                 001b2cd77f80 00 00 00 00 00 00 00 00 00 00 00 00 00 00 00 00
                                 001b2cd77f90 00 00 00 00 00 00 00 00 20 70 09 97 27 00 00 00
                                 001b2cd77fa0 d0 7f d7 2c 1b 00 00 00 24 2b 4e 0d 14 00 00 00
                                 001b2cd77fb0 00 00 00 00 00 00 00 00 00 00 00 00 00 00 00 00
    TLS Address:                 000000485f180c00
    TLS Dump:                                 00 01 02 03 04 05 06 07 08 09 0a 0b 0c 0d 0e 0f
                                 00485f180c00 00 00 00 00 00 00 00 00 00 00 00 00 00 00 00 00
                                 00485f180c10 00 00 00 00 00 00 00 00 00 00 00 00 00 00 00 00
                                 00485f180c20 00 00 00 00 00 00 00 00 00 00 00 00 00 00 00 00
                                 00485f180c30 00 00 00 00 00 00 00 00 00 00 00 00 00 00 00 00
                                 00485f180c40 00 00 00 00 00 00 00 00 00 00 00 00 00 00 00 00
                                 00485f180c50 00 00 00 00 00 00 00 00 00 00 00 00 00 00 00 00
                                 00485f180c60 00 00 00 00 00 00 00 00 00 00 00 00 00 00 00 00
                                 00485f180c70 00 00 00 00 00 00 00 00 00 00 00 00 00 00 00 00
                                 00485f180c80 00 00 00 00 00 00 00 00 00 00 00 00 00 00 00 00
                                 00485f180c90 00 00 00 00 00 00 00 00 00 00 00 00 00 00 00 00
                                 00485f180ca0 00 00 00 00 00 00 00 00 00 00 00 00 00 00 00 00
                                 00485f180cb0 00 00 00 00 00 00 00 00 00 00 00 00 00 00 00 00
                                 00485f180cc0 00 00 00 00 00 00 00 00 00 00 00 00 00 00 00 00
                                 00485f180cd0 00 00 00 00 00 00 00 00 00 00 00 00 00 00 00 00
                                 00485f180ce0 00 00 00 00 00 00 00 00 00 00 00 00 00 00 00 00
                                 00485f180cf0 00 00 00 00 00 00 00 00 00 00 00 00 00 00 00 00
Threads[38]:
    Thread ID:                   0000000000000312
    Thread Name:                 MiiActorMgrDelegateThread
    Stack Region:                0000001b45aec000-0000001b45afc000
    Registers:
        X[00]:                   0000000002dc6c00
        X[01]:                   00000000000e1000
        X[02]:                   0000000000000000
        X[03]:                   000000140bde2204 (TurboS.nss + 0x3de204)
        X[04]:                   0000000000000000
        X[05]:                   0000000000000000
        X[06]:                   0000000000000000
        X[07]:                   0000000000000000
        X[08]:                   0000000000000000
        X[09]:                   0000000000000000
        X[10]:                   0000000000000000
        X[11]:                   0000000000000000
        X[12]:                   0000000000000000
        X[13]:                   0000000000000000
        X[14]:                   0000000000000000
        X[15]:                   0000000000000000
        X[16]:                   0000000000000000
        X[17]:                   0000000000000000
        X[18]:                   0000000000000000
        X[19]:                   0000000000000000
        X[20]:                   0000000000000000
        X[21]:                   0000000000000000
        X[22]:                   0000000000000000
        X[23]:                   0000000000000000
        X[24]:                   0000000000000000
        X[25]:                   0000000000000000
        X[26]:                   0000000000000000
        X[27]:                   0000000000000000
        X[28]:                   0000000000000000
        FP:                      0000001b45afbf50
        LR:                      000000140c029b34 (TurboS.nss + 0x625b34)
        SP:                      0000001b45afbf40
        PC:                      000000140d4fe49c (nnSdk + 0xb149c)
    Stack Trace:
        ReturnAddress[00]:       000000140c0293cc (TurboS.nss + 0x6253cc)
        ReturnAddress[01]:       000000140d4deb48 (nnSdk + 0x91b48)
        ReturnAddress[02]:       000000140d4e2b24 (nnSdk + 0x95b24)
        ReturnAddress[03]:       0000000000000000
    Stack Dump:                               00 01 02 03 04 05 06 07 08 09 0a 0b 0c 0d 0e 0f
                                 001b45afbf00 30 bf af 45 1b 00 00 00 24 22 de 0b 14 00 00 00
                                 001b45afbf10 d4 81 7a a2 27 00 00 00 80 90 02 0c 14 00 00 00
                                 001b45afbf20 f8 72 79 a2 27 00 00 00 c8 72 79 a2 27 00 00 00
                                 001b45afbf30 50 bf af 45 1b 00 00 00 34 9b 02 0c 14 00 00 00
                                 001b45afbf40 00 00 00 00 00 00 00 00 c8 72 79 a2 27 00 00 00
                                 001b45afbf50 70 bf af 45 1b 00 00 00 cc 93 02 0c 14 00 00 00
                                 001b45afbf60 d0 81 7a a2 27 00 00 00 20 80 7a a2 27 00 00 00
                                 001b45afbf70 a0 bf af 45 1b 00 00 00 48 eb 4d 0d 14 00 00 00
                                 001b45afbf80 00 00 00 00 00 00 00 00 00 00 00 00 00 00 00 00
                                 001b45afbf90 00 00 00 00 00 00 00 00 20 80 7a a2 27 00 00 00
                                 001b45afbfa0 d0 bf af 45 1b 00 00 00 24 2b 4e 0d 14 00 00 00
                                 001b45afbfb0 00 00 00 00 00 00 00 00 00 00 00 00 00 00 00 00
                                 001b45afbfc0 00 00 00 00 00 00 00 00 12 03 00 00 00 00 00 00
                                 001b45afbfd0 00 00 00 00 00 00 00 00 00 00 00 00 00 00 00 00
                                 001b45afbfe0 e8 ea 4d 0d 14 00 00 00 00 00 00 00 00 00 00 00
                                 001b45afbff0 00 00 00 00 00 00 00 00 00 00 00 00 00 00 00 00
    TLS Address:                 000000485f180e00
    TLS Dump:                                 00 01 02 03 04 05 06 07 08 09 0a 0b 0c 0d 0e 0f
                                 00485f180e00 00 00 00 00 00 00 00 00 00 00 00 00 00 00 00 00
                                 00485f180e10 00 00 00 00 00 00 00 00 00 00 00 00 00 00 00 00
                                 00485f180e20 00 00 00 00 00 00 00 00 00 00 00 00 00 00 00 00
                                 00485f180e30 00 00 00 00 00 00 00 00 00 00 00 00 00 00 00 00
                                 00485f180e40 00 00 00 00 00 00 00 00 00 00 00 00 00 00 00 00
                                 00485f180e50 00 00 00 00 00 00 00 00 00 00 00 00 00 00 00 00
                                 00485f180e60 00 00 00 00 00 00 00 00 00 00 00 00 00 00 00 00
                                 00485f180e70 00 00 00 00 00 00 00 00 00 00 00 00 00 00 00 00
                                 00485f180e80 00 00 00 00 00 00 00 00 00 00 00 00 00 00 00 00
                                 00485f180e90 00 00 00 00 00 00 00 00 00 00 00 00 00 00 00 00
                                 00485f180ea0 00 00 00 00 00 00 00 00 00 00 00 00 00 00 00 00
                                 00485f180eb0 00 00 00 00 00 00 00 00 00 00 00 00 00 00 00 00
                                 00485f180ec0 00 00 00 00 00 00 00 00 00 00 00 00 00 00 00 00
                                 00485f180ed0 00 00 00 00 00 00 00 00 00 00 00 00 00 00 00 00
                                 00485f180ee0 00 00 00 00 00 00 00 00 00 00 00 00 00 00 00 00
                                 00485f180ef0 00 00 00 00 00 00 00 00 00 00 00 00 00 00 00 00
Threads[39]:
    Thread ID:                   0000000000000314
    Stack Region:                0000001b818ce000-0000001b8190e000
    Registers:
        X[00]:                   000000273da0b820
        X[01]:                   0000000000000000
        X[02]:                   0000000000000000
        X[03]:                   0000000000000000
        X[04]:                   0000000000000000
        X[05]:                   0000000000000000
        X[06]:                   0000000000000000
        X[07]:                   0000000000000000
        X[08]:                   0000000000000000
        X[09]:                   0000000000000000
        X[10]:                   0000000000000000
        X[11]:                   0000000000000000
        X[12]:                   0000000000000000
        X[13]:                   0000000000000000
        X[14]:                   0000000000000000
        X[15]:                   0000000000000000
        X[16]:                   0000000000000000
        X[17]:                   0000000000000000
        X[18]:                   2aec297f9d47a467
        X[19]:                   0000000000000000
        X[20]:                   0000000000000000
        X[21]:                   0000000000000000
        X[22]:                   0000000000000000
        X[23]:                   0000000000000000
        X[24]:                   0000000000000000
        X[25]:                   0000000000000000
        X[26]:                   0000000000000000
        X[27]:                   0000000000000000
        X[28]:                   0000000000000000
        FP:                      0000000000000000
        LR:                      0000000000000000
        SP:                      0000001b8190dfe0
        PC:                      000000140d4e2aac (nnSdk + 0x95aac)
    Stack Dump:                               00 01 02 03 04 05 06 07 08 09 0a 0b 0c 0d 0e 0f
                                 001b8190df00 00 00 00 00 00 00 00 00 00 00 00 00 00 00 00 00
                                 001b8190df10 00 00 00 00 00 00 00 00 00 00 00 00 00 00 00 00
                                 001b8190df20 00 5a df 0d 14 00 00 00 00 00 00 00 00 00 00 00
                                 001b8190df30 70 6f 19 23 1b 00 00 00 60 f3 4d 0d 14 00 00 00
                                 001b8190df40 00 00 00 00 00 00 00 00 00 00 00 00 00 00 00 00
                                 001b8190df50 00 00 00 00 00 00 00 00 d4 b9 a0 3d 27 00 00 00
                                 001b8190df60 d0 b9 a0 3d 27 00 00 00 d0 b9 a0 3d 27 00 00 00
                                 001b8190df70 a0 6f 19 23 1b 00 00 00 74 eb 4d 0d 14 00 00 00
                                 001b8190df80 00 00 00 00 00 00 00 00 00 00 00 00 00 00 00 00
                                 001b8190df90 00 00 00 00 00 00 00 00 20 b8 a0 3d 27 00 00 00
                                 001b8190dfa0 d0 6f 19 23 1b 00 00 00 24 2b 4e 0d 14 00 00 00
                                 001b8190dfb0 00 00 00 00 00 00 00 00 00 00 00 00 00 00 00 00
                                 001b8190dfc0 00 00 00 00 00 00 00 00 e2 02 00 00 00 00 00 00
                                 001b8190dfd0 00 00 00 00 00 00 00 00 00 00 00 00 00 00 00 00
                                 001b8190dfe0 e8 ea 4d 0d 14 00 00 00 00 00 00 00 00 00 00 00
                                 001b8190dff0 00 00 00 00 00 00 00 00 00 00 00 00 00 00 00 00
Threads[40]:
    Thread ID:                   0000000000000315
    Stack Region:                0000001b06f3b000-0000001b06f7b000
    Registers:
        X[00]:                   000000273da0b9f0
        X[01]:                   0000000000000000
        X[02]:                   0000000000000000
        X[03]:                   0000000000000000
        X[04]:                   0000000000000000
        X[05]:                   0000000000000000
        X[06]:                   0000000000000000
        X[07]:                   0000000000000000
        X[08]:                   0000000000000000
        X[09]:                   0000000000000000
        X[10]:                   0000000000000000
        X[11]:                   0000000000000000
        X[12]:                   0000000000000000
        X[13]:                   0000000000000000
        X[14]:                   0000000000000000
        X[15]:                   0000000000000000
        X[16]:                   0000000000000000
        X[17]:                   0000000000000000
        X[18]:                   1d4fa356d5dc36c9
        X[19]:                   0000000000000000
        X[20]:                   0000000000000000
        X[21]:                   0000000000000000
        X[22]:                   0000000000000000
        X[23]:                   0000000000000000
        X[24]:                   0000000000000000
        X[25]:                   0000000000000000
        X[26]:                   0000000000000000
        X[27]:                   0000000000000000
        X[28]:                   0000000000000000
        FP:                      0000000000000000
        LR:                      0000000000000000
        SP:                      0000001b06f7afe0
        PC:                      000000140d4e2aac (nnSdk + 0x95aac)
    Stack Dump:                               00 01 02 03 04 05 06 07 08 09 0a 0b 0c 0d 0e 0f
                                 001b06f7af00 00 00 00 00 00 00 00 00 00 00 00 00 00 00 00 00
                                 001b06f7af10 00 00 00 00 00 00 00 00 00 00 00 00 00 00 00 00
                                 001b06f7af20 00 5a df 0d 14 00 00 00 00 00 00 00 00 00 00 00
                                 001b06f7af30 70 2f 35 51 1b 00 00 00 60 f3 4d 0d 14 00 00 00
                                 001b06f7af40 00 00 00 00 00 00 00 00 00 00 00 00 00 00 00 00
                                 001b06f7af50 00 00 00 00 00 00 00 00 a4 bb a0 3d 27 00 00 00
                                 001b06f7af60 a0 bb a0 3d 27 00 00 00 a0 bb a0 3d 27 00 00 00
                                 001b06f7af70 a0 2f 35 51 1b 00 00 00 74 eb 4d 0d 14 00 00 00
                                 001b06f7af80 00 00 00 00 00 00 00 00 00 00 00 00 00 00 00 00
                                 001b06f7af90 00 00 00 00 00 00 00 00 f0 b9 a0 3d 27 00 00 00
                                 001b06f7afa0 d0 2f 35 51 1b 00 00 00 24 2b 4e 0d 14 00 00 00
                                 001b06f7afb0 00 00 00 00 00 00 00 00 00 00 00 00 00 00 00 00
                                 001b06f7afc0 00 00 00 00 00 00 00 00 e3 02 00 00 00 00 00 00
                                 001b06f7afd0 00 00 00 00 00 00 00 00 00 00 00 00 00 00 00 00
                                 001b06f7afe0 e8 ea 4d 0d 14 00 00 00 00 00 00 00 00 00 00 00
                                 001b06f7aff0 00 00 00 00 00 00 00 00 00 00 00 00 00 00 00 00
Threads[41]:
    Thread ID:                   0000000000000316
    Thread Name:                 NuCachedSource2
    Stack Region:                0000001b3c4bf000-0000001b3c4df000
    Registers:
        X[00]:                   000000273da69028
        X[01]:                   000000273da69034
        X[02]:                   00000000003a01ac
        X[03]:                   000000003b9aa21f
        X[04]:                   0000000000000000
        X[05]:                   0000000000000000
        X[06]:                   0000000000000000
        X[07]:                   0000000000000000
        X[08]:                   0000000000000000
        X[09]:                   0000000000000000
        X[10]:                   0000000000000000
        X[11]:                   0000000000000000
        X[12]:                   0000000000000000
        X[13]:                   0000000000000000
        X[14]:                   0000000000000000
        X[15]:                   0000000000000000
        X[16]:                   0000000000000000
        X[17]:                   0000000000000000
        X[18]:                   0000000000000000
        X[19]:                   0000000000000000
        X[20]:                   0000000000000000
        X[21]:                   0000000000000000
        X[22]:                   0000000000000000
        X[23]:                   0000000000000000
        X[24]:                   0000000000000000
        X[25]:                   0000000000000000
        X[26]:                   0000000000000000
        X[27]:                   0000000000000000
        X[28]:                   0000000000000000
        FP:                      0000001b3c4deeb0
        LR:                      000000140d4e3a64 (nnSdk + 0x96a64) (_ZN2nn2os6detail38InternalConditionVariableImplByHorizon9TimedWaitEPNS1_23InternalCriticalSectionERKNS1_13TimeoutHelperE + 0x44)
        SP:                      0000001b3c4dee90
        PC:                      000000140d4fe56c (nnSdk + 0xb156c)
    Stack Trace:
        ReturnAddress[00]:       000000140d4da120 (nnSdk + 0x8d120) (_ZN2nn2os26TimedWaitConditionVariableEPNS0_21ConditionVariableTypeEPNS0_9MutexTypeENS_8TimeSpanE + 0x84)
        ReturnAddress[01]:       000000140cf43fb4 (multimedia + 0x1dcfb4) (_ZN7android7ALooper4loopEv + 0x8c)
        ReturnAddress[02]:       000000140d0033c4 (multimedia + 0x29c3c4) (_ZN7android8SfThread11_threadLoopEPv + 0x15c)
        ReturnAddress[03]:       000000140d4deb48 (nnSdk + 0x91b48)
        ReturnAddress[04]:       000000140d4e2b24 (nnSdk + 0x95b24)
        ReturnAddress[05]:       0000000000000000
    Stack Dump:                               00 01 02 03 04 05 06 07 08 09 0a 0b 0c 0d 0e 0f
                                 001b3c4dee90 33 45 0d 0a 01 00 00 00 c0 76 f7 38 27 00 00 00
                                 001b3c4deea0 30 90 a6 3d 27 00 00 00 10 90 a6 3d 27 00 00 00
                                 001b3c4deeb0 e0 ee 4d 3c 1b 00 00 00 20 a1 4d 0d 14 00 00 00
                                 001b3c4deec0 d0 9d ea 0d 00 00 00 00 74 3c 32 0b 01 00 00 00
                                 001b3c4deed0 00 90 a6 3d 27 00 00 00 10 90 a6 3d 27 00 00 00
                                 001b3c4deee0 20 ef 4d 3c 1b 00 00 00 b4 3f f4 0c 14 00 00 00
                                 001b3c4deef0 00 00 00 00 00 00 00 00 00 00 00 00 00 00 00 00
                                 001b3c4def00 40 12 e7 38 27 00 00 00 58 12 e7 38 27 00 00 00
                                 001b3c4def10 38 ef 4d 3c 1b 00 00 00 40 12 e7 38 27 00 00 00
                                 001b3c4def20 70 ef 4d 3c 1b 00 00 00 c4 33 00 0d 14 00 00 00
                                 001b3c4def30 40 12 e7 38 27 00 00 00 40 12 e7 38 27 00 00 00
                                 001b3c4def40 00 7f f7 38 27 00 00 00 40 12 e7 38 27 00 00 00
                                 001b3c4def50 00 00 00 00 00 00 00 00 44 14 e7 38 27 00 00 00
                                 001b3c4def60 40 14 e7 38 27 00 00 00 90 12 e7 38 27 00 00 00
                                 001b3c4def70 a0 ef 4d 3c 1b 00 00 00 48 eb 4d 0d 14 00 00 00
                                 001b3c4def80 00 00 00 00 00 00 00 00 b7 bc d3 58 b2 49 cb 72
    TLS Address:                 0000005784d61400
    TLS Dump:                                 00 01 02 03 04 05 06 07 08 09 0a 0b 0c 0d 0e 0f
                                 005784d61400 00 00 00 00 0c 00 00 00 00 00 00 00 00 00 00 00
                                 005784d61410 00 00 00 00 00 00 00 00 00 00 00 00 00 00 00 00
                                 005784d61420 53 46 43 4f 00 00 00 00 00 00 00 00 eb ca d2 c4
                                 005784d61430 00 00 00 00 00 00 00 00 00 00 00 00 00 00 00 00
                                 005784d61440 6c 97 3a a7 02 00 00 00 f2 36 00 00 00 00 00 00
                                 005784d61450 00 00 00 00 00 00 00 00 00 00 00 00 00 00 00 00
                                 005784d61460 00 00 00 00 00 00 00 00 00 00 00 00 00 00 00 00
                                 005784d61470 00 00 00 00 00 00 00 00 00 00 00 00 00 00 00 00
                                 005784d61480 00 00 00 00 00 00 00 00 00 00 00 00 00 00 00 00
                                 005784d61490 00 00 00 00 00 00 00 00 00 00 00 00 00 00 00 00
                                 005784d614a0 00 00 00 00 00 00 00 00 00 00 00 00 00 00 00 00
                                 005784d614b0 00 00 00 00 00 00 00 00 00 00 00 00 00 00 00 00
                                 005784d614c0 00 00 00 00 00 00 00 00 00 00 00 00 00 00 00 00
                                 005784d614d0 00 00 00 00 00 00 00 00 00 00 00 00 00 00 00 00
                                 005784d614e0 00 00 00 00 00 00 00 00 00 00 00 00 00 00 00 00
                                 005784d614f0 00 00 00 00 00 00 00 00 00 00 00 00 00 00 00 00
Threads[42]:
    Thread ID:                   0000000000000317
    Thread Name:                 MovieVideoDecoderCallback
    Stack Region:                0000001b0adf1000-0000001b0ae11000
    Registers:
        X[00]:                   000000273da69098
        X[01]:                   000000273da690a4
        X[02]:                   00000000003a81ad
        X[03]:                   ffffffffffffffff
        X[04]:                   0000000000000000
        X[05]:                   0000000000000000
        X[06]:                   0000000000000000
        X[07]:                   0000000000000000
        X[08]:                   0000000000000000
        X[09]:                   0000000000000000
        X[10]:                   0000000000000000
        X[11]:                   0000000000000000
        X[12]:                   0000000000000000
        X[13]:                   0000000000000000
        X[14]:                   0000000000000000
        X[15]:                   0000000000000000
        X[16]:                   0000000000000000
        X[17]:                   0000000000000000
        X[18]:                   0000000000000000
        X[19]:                   0000000000000000
        X[20]:                   0000000000000000
        X[21]:                   0000000000000000
        X[22]:                   0000000000000000
        X[23]:                   0000000000000000
        X[24]:                   0000000000000000
        X[25]:                   0000000000000000
        X[26]:                   0000000000000000
        X[27]:                   0000000000000000
        X[28]:                   0000000000000000
        FP:                      0000001b0ae10ec0
        LR:                      000000140d4e39e8 (nnSdk + 0x969e8) (_ZN2nn2os6detail38InternalConditionVariableImplByHorizon4WaitEPNS1_23InternalCriticalSectionE + 0x30)
        SP:                      0000001b0ae10ea0
        PC:                      000000140d4fe56c (nnSdk + 0xb156c)
    Stack Trace:
        ReturnAddress[00]:       000000140d4da060 (nnSdk + 0x8d060) (_ZN2nn2os21WaitConditionVariableEPNS0_21ConditionVariableTypeEPNS0_9MutexTypeE + 0x44)
        ReturnAddress[01]:       000000140cf43fc4 (multimedia + 0x1dcfc4) (_ZN7android7ALooper4loopEv + 0x9c)
        ReturnAddress[02]:       000000140d0033c4 (multimedia + 0x29c3c4) (_ZN7android8SfThread11_threadLoopEPv + 0x15c)
        ReturnAddress[03]:       000000140d4deb48 (nnSdk + 0x91b48)
        ReturnAddress[04]:       000000140d4e2b24 (nnSdk + 0x95b24)
        ReturnAddress[05]:       0000000000000000
    Stack Dump:                               00 01 02 03 04 05 06 07 08 09 0a 0b 0c 0d 0e 0f
                                 001b0ae10ea0 10 17 e7 38 27 00 00 00 80 90 a6 3d 27 00 00 00
                                 001b0ae10eb0 70 90 a6 3d 27 00 00 00 80 90 a6 3d 27 00 00 00
                                 001b0ae10ec0 e0 0e e1 0a 1b 00 00 00 60 a0 4d 0d 14 00 00 00
                                 001b0ae10ed0 80 90 a6 3d 27 00 00 00 80 90 a6 3d 27 00 00 00
                                 001b0ae10ee0 20 0f e1 0a 1b 00 00 00 c4 3f f4 0c 14 00 00 00
                                 001b0ae10ef0 20 0f e1 0a 1b 00 00 00 00 00 00 00 00 00 00 00
                                 001b0ae10f00 00 00 00 00 00 00 00 00 d8 16 e7 38 27 00 00 00
                                 001b0ae10f10 38 0f e1 0a 1b 00 00 00 c0 16 e7 38 27 00 00 00
                                 001b0ae10f20 70 0f e1 0a 1b 00 00 00 c4 33 00 0d 14 00 00 00
                                 001b0ae10f30 fe fa 92 44 91 24 49 d2 c0 16 e7 38 27 00 00 00
                                 001b0ae10f40 40 7c f7 38 27 00 00 00 c0 16 e7 38 27 00 00 00
                                 001b0ae10f50 00 00 00 00 00 00 00 00 c4 18 e7 38 27 00 00 00
                                 001b0ae10f60 c0 18 e7 38 27 00 00 00 10 17 e7 38 27 00 00 00
                                 001b0ae10f70 a0 0f e1 0a 1b 00 00 00 48 eb 4d 0d 14 00 00 00
                                 001b0ae10f80 00 00 00 00 00 00 00 00 01 00 49 92 24 49 92 24
                                 001b0ae10f90 00 00 00 00 00 00 00 00 10 17 e7 38 27 00 00 00
    TLS Address:                 0000005784d61600
    TLS Dump:                                 00 01 02 03 04 05 06 07 08 09 0a 0b 0c 0d 0e 0f
                                 005784d61600 00 00 00 00 00 00 00 00 00 00 00 00 00 00 00 00
                                 005784d61610 00 00 00 00 00 00 00 00 00 00 00 00 00 00 00 00
                                 005784d61620 00 00 00 00 00 00 00 00 00 00 00 00 00 00 00 00
                                 005784d61630 00 00 00 00 00 00 00 00 00 00 00 00 00 00 00 00
                                 005784d61640 00 00 00 00 00 00 00 00 00 00 00 00 00 00 00 00
                                 005784d61650 00 00 00 00 00 00 00 00 00 00 00 00 00 00 00 00
                                 005784d61660 00 00 00 00 00 00 00 00 00 00 00 00 00 00 00 00
                                 005784d61670 00 00 00 00 00 00 00 00 00 00 00 00 00 00 00 00
                                 005784d61680 00 00 00 00 00 00 00 00 00 00 00 00 00 00 00 00
                                 005784d61690 00 00 00 00 00 00 00 00 00 00 00 00 00 00 00 00
                                 005784d616a0 00 00 00 00 00 00 00 00 00 00 00 00 00 00 00 00
                                 005784d616b0 00 00 00 00 00 00 00 00 00 00 00 00 00 00 00 00
                                 005784d616c0 00 00 00 00 00 00 00 00 00 00 00 00 00 00 00 00
                                 005784d616d0 00 00 00 00 00 00 00 00 00 00 00 00 00 00 00 00
                                 005784d616e0 00 00 00 00 00 00 00 00 00 00 00 00 00 00 00 00
                                 005784d616f0 00 00 00 00 00 00 00 00 00 00 00 00 00 00 00 00
Threads[43]:
    Thread ID:                   0000000000000318
    Thread Name:                 MovieVideoDecoderLooper
    Stack Region:                0000001b24d75000-0000001b24d95000
    Registers:
        X[00]:                   000000273da69108
        X[01]:                   000000273da69114
        X[02]:                   00000000003b01b3
        X[03]:                   ffffffffffffffff
        X[04]:                   0000000000000000
        X[05]:                   0000000000000000
        X[06]:                   0000000000000000
        X[07]:                   0000000000000000
        X[08]:                   0000000000000000
        X[09]:                   0000000000000000
        X[10]:                   0000000000000000
        X[11]:                   0000000000000000
        X[12]:                   0000000000000000
        X[13]:                   0000000000000000
        X[14]:                   0000000000000000
        X[15]:                   0000000000000000
        X[16]:                   0000000000000000
        X[17]:                   0000000000000000
        X[18]:                   0000000000000000
        X[19]:                   0000000000000000
        X[20]:                   0000000000000000
        X[21]:                   0000000000000000
        X[22]:                   0000000000000000
        X[23]:                   0000000000000000
        X[24]:                   0000000000000000
        X[25]:                   0000000000000000
        X[26]:                   0000000000000000
        X[27]:                   0000000000000000
        X[28]:                   0000000000000000
        FP:                      0000001b24d94ec0
        LR:                      000000140d4e39e8 (nnSdk + 0x969e8) (_ZN2nn2os6detail38InternalConditionVariableImplByHorizon4WaitEPNS1_23InternalCriticalSectionE + 0x30)
        SP:                      0000001b24d94ea0
        PC:                      000000140d4fe56c (nnSdk + 0xb156c)
    Stack Trace:
        ReturnAddress[00]:       000000140d4da060 (nnSdk + 0x8d060) (_ZN2nn2os21WaitConditionVariableEPNS0_21ConditionVariableTypeEPNS0_9MutexTypeE + 0x44)
        ReturnAddress[01]:       000000140cf43fc4 (multimedia + 0x1dcfc4) (_ZN7android7ALooper4loopEv + 0x9c)
        ReturnAddress[02]:       000000140d0033c4 (multimedia + 0x29c3c4) (_ZN7android8SfThread11_threadLoopEPv + 0x15c)
        ReturnAddress[03]:       000000140d4deb48 (nnSdk + 0x91b48)
        ReturnAddress[04]:       000000140d4e2b24 (nnSdk + 0x95b24)
        ReturnAddress[05]:       0000000000000000
    Stack Dump:                               00 01 02 03 04 05 06 07 08 09 0a 0b 0c 0d 0e 0f
                                 001b24d94ea0 50 19 e7 38 27 00 00 00 f0 90 a6 3d 27 00 00 00
                                 001b24d94eb0 e0 90 a6 3d 27 00 00 00 f0 90 a6 3d 27 00 00 00
                                 001b24d94ec0 e0 4e d9 24 1b 00 00 00 60 a0 4d 0d 14 00 00 00
                                 001b24d94ed0 f0 90 a6 3d 27 00 00 00 f0 90 a6 3d 27 00 00 00
                                 001b24d94ee0 20 4f d9 24 1b 00 00 00 c4 3f f4 0c 14 00 00 00
                                 001b24d94ef0 00 00 00 00 00 00 00 00 00 00 00 00 00 00 00 00
                                 001b24d94f00 00 19 e7 38 27 00 00 00 18 19 e7 38 27 00 00 00
                                 001b24d94f10 38 4f d9 24 1b 00 00 00 00 19 e7 38 27 00 00 00
                                 001b24d94f20 70 4f d9 24 1b 00 00 00 c4 33 00 0d 14 00 00 00
                                 001b24d94f30 00 19 e7 38 27 00 00 00 00 19 e7 38 27 00 00 00
                                 001b24d94f40 60 7a f7 38 27 00 00 00 00 19 e7 38 27 00 00 00
                                 001b24d94f50 00 00 00 00 00 00 00 00 04 1b e7 38 27 00 00 00
                                 001b24d94f60 00 1b e7 38 27 00 00 00 50 19 e7 38 27 00 00 00
                                 001b24d94f70 a0 4f d9 24 1b 00 00 00 48 eb 4d 0d 14 00 00 00
                                 001b24d94f80 00 00 00 00 00 00 00 00 01 00 49 92 24 49 92 24
                                 001b24d94f90 00 00 00 00 00 00 00 00 50 19 e7 38 27 00 00 00
    TLS Address:                 0000005784d61800
    TLS Dump:                                 00 01 02 03 04 05 06 07 08 09 0a 0b 0c 0d 0e 0f
                                 005784d61800 00 00 00 00 00 00 00 00 00 00 00 00 00 00 00 00
                                 005784d61810 00 00 00 00 00 00 00 00 00 00 00 00 00 00 00 00
                                 005784d61820 00 00 00 00 00 00 00 00 00 00 00 00 00 00 00 00
                                 005784d61830 00 00 00 00 00 00 00 00 00 00 00 00 00 00 00 00
                                 005784d61840 00 00 00 00 00 00 00 00 00 00 00 00 00 00 00 00
                                 005784d61850 00 00 00 00 00 00 00 00 00 00 00 00 00 00 00 00
                                 005784d61860 00 00 00 00 00 00 00 00 00 00 00 00 00 00 00 00
                                 005784d61870 00 00 00 00 00 00 00 00 00 00 00 00 00 00 00 00
                                 005784d61880 00 00 00 00 00 00 00 00 00 00 00 00 00 00 00 00
                                 005784d61890 00 00 00 00 00 00 00 00 00 00 00 00 00 00 00 00
                                 005784d618a0 00 00 00 00 00 00 00 00 00 00 00 00 00 00 00 00
                                 005784d618b0 00 00 00 00 00 00 00 00 00 00 00 00 00 00 00 00
                                 005784d618c0 00 00 00 00 00 00 00 00 00 00 00 00 00 00 00 00
                                 005784d618d0 00 00 00 00 00 00 00 00 00 00 00 00 00 00 00 00
                                 005784d618e0 00 00 00 00 00 00 00 00 00 00 00 00 00 00 00 00
                                 005784d618f0 00 00 00 00 00 00 00 00 00 00 00 00 00 00 00 00
Threads[44]:
    Thread ID:                   0000000000000319
    Thread Name:                 CodecLooper
    Stack Region:                0000001b067ed000-0000001b0680d000
    Registers:
        X[00]:                   000000273da69178
        X[01]:                   000000273da69184
        X[02]:                   00000000003b81b4
        X[03]:                   ffffffffffffffff
        X[04]:                   0000000000000000
        X[05]:                   0000000000000000
        X[06]:                   0000000000000000
        X[07]:                   0000000000000000
        X[08]:                   0000000000000000
        X[09]:                   0000000000000000
        X[10]:                   0000000000000000
        X[11]:                   0000000000000000
        X[12]:                   0000000000000000
        X[13]:                   0000000000000000
        X[14]:                   0000000000000000
        X[15]:                   0000000000000000
        X[16]:                   0000000000000000
        X[17]:                   0000000000000000
        X[18]:                   0000000000000000
        X[19]:                   0000000000000000
        X[20]:                   0000000000000000
        X[21]:                   0000000000000000
        X[22]:                   0000000000000000
        X[23]:                   0000000000000000
        X[24]:                   0000000000000000
        X[25]:                   0000000000000000
        X[26]:                   0000000000000000
        X[27]:                   0000000000000000
        X[28]:                   0000000000000000
        FP:                      0000001b0680cec0
        LR:                      000000140d4e39e8 (nnSdk + 0x969e8) (_ZN2nn2os6detail38InternalConditionVariableImplByHorizon4WaitEPNS1_23InternalCriticalSectionE + 0x30)
        SP:                      0000001b0680cea0
        PC:                      000000140d4fe56c (nnSdk + 0xb156c)
    Stack Trace:
        ReturnAddress[00]:       000000140d4da060 (nnSdk + 0x8d060) (_ZN2nn2os21WaitConditionVariableEPNS0_21ConditionVariableTypeEPNS0_9MutexTypeE + 0x44)
        ReturnAddress[01]:       000000140cf43fc4 (multimedia + 0x1dcfc4) (_ZN7android7ALooper4loopEv + 0x9c)
        ReturnAddress[02]:       000000140d0033c4 (multimedia + 0x29c3c4) (_ZN7android8SfThread11_threadLoopEPv + 0x15c)
        ReturnAddress[03]:       000000140d4deb48 (nnSdk + 0x91b48)
        ReturnAddress[04]:       000000140d4e2b24 (nnSdk + 0x95b24)
        ReturnAddress[05]:       0000000000000000
    Stack Dump:                               00 01 02 03 04 05 06 07 08 09 0a 0b 0c 0d 0e 0f
                                 001b0680cea0 d0 14 e7 38 27 00 00 00 60 91 a6 3d 27 00 00 00
                                 001b0680ceb0 50 91 a6 3d 27 00 00 00 60 91 a6 3d 27 00 00 00
                                 001b0680cec0 e0 ce 80 06 1b 00 00 00 60 a0 4d 0d 14 00 00 00
                                 001b0680ced0 60 91 a6 3d 27 00 00 00 60 91 a6 3d 27 00 00 00
                                 001b0680cee0 20 cf 80 06 1b 00 00 00 c4 3f f4 0c 14 00 00 00
                                 001b0680cef0 00 00 00 00 00 00 00 00 00 00 00 00 00 00 00 00
                                 001b0680cf00 80 14 e7 38 27 00 00 00 98 14 e7 38 27 00 00 00
                                 001b0680cf10 38 cf 80 06 1b 00 00 00 80 14 e7 38 27 00 00 00
                                 001b0680cf20 70 cf 80 06 1b 00 00 00 c4 33 00 0d 14 00 00 00
                                 001b0680cf30 80 14 e7 38 27 00 00 00 80 14 e7 38 27 00 00 00
                                 001b0680cf40 a0 7e f7 38 27 00 00 00 80 14 e7 38 27 00 00 00
                                 001b0680cf50 00 00 00 00 00 00 00 00 84 16 e7 38 27 00 00 00
                                 001b0680cf60 80 16 e7 38 27 00 00 00 d0 14 e7 38 27 00 00 00
                                 001b0680cf70 a0 cf 80 06 1b 00 00 00 48 eb 4d 0d 14 00 00 00
                                 001b0680cf80 00 00 00 00 00 00 00 00 08 0e b0 3d db b5 1d db
                                 001b0680cf90 00 00 00 00 00 00 00 00 d0 14 e7 38 27 00 00 00
    TLS Address:                 0000005784d61a00
    TLS Dump:                                 00 01 02 03 04 05 06 07 08 09 0a 0b 0c 0d 0e 0f
                                 005784d61a00 00 00 00 00 00 00 00 00 00 00 00 00 00 00 00 00
                                 005784d61a10 00 00 00 00 00 00 00 00 00 00 00 00 00 00 00 00
                                 005784d61a20 00 00 00 00 00 00 00 00 00 00 00 00 00 00 00 00
                                 005784d61a30 00 00 00 00 00 00 00 00 00 00 00 00 00 00 00 00
                                 005784d61a40 00 00 00 00 00 00 00 00 00 00 00 00 00 00 00 00
                                 005784d61a50 00 00 00 00 00 00 00 00 00 00 00 00 00 00 00 00
                                 005784d61a60 00 00 00 00 00 00 00 00 00 00 00 00 00 00 00 00
                                 005784d61a70 00 00 00 00 00 00 00 00 00 00 00 00 00 00 00 00
                                 005784d61a80 00 00 00 00 00 00 00 00 00 00 00 00 00 00 00 00
                                 005784d61a90 00 00 00 00 00 00 00 00 00 00 00 00 00 00 00 00
                                 005784d61aa0 00 00 00 00 00 00 00 00 00 00 00 00 00 00 00 00
                                 005784d61ab0 00 00 00 00 00 00 00 00 00 00 00 00 00 00 00 00
                                 005784d61ac0 00 00 00 00 00 00 00 00 00 00 00 00 00 00 00 00
                                 005784d61ad0 00 00 00 00 00 00 00 00 00 00 00 00 00 00 00 00
                                 005784d61ae0 00 00 00 00 00 00 00 00 00 00 00 00 00 00 00 00
                                 005784d61af0 00 00 00 00 00 00 00 00 00 00 00 00 00 00 00 00
Threads[45]:
    Thread ID:                   000000000000031a
    Thread Name:                 NvMMNvxRunWorkerThread
    Stack Region:                0000001b73458000-0000001b73478000
    Registers:
        X[00]:                   0000002738e14b0c
        X[01]:                   0000002738e14b10
        X[02]:                   00000000003c01b5
        X[03]:                   000f423ffff0bcef
        X[04]:                   0000000000000000
        X[05]:                   0000000000000000
        X[06]:                   0000000000000000
        X[07]:                   0000000000000000
        X[08]:                   0000000000000000
        X[09]:                   0000000000000000
        X[10]:                   0000000000000000
        X[11]:                   0000000000000000
        X[12]:                   0000000000000000
        X[13]:                   0000000000000000
        X[14]:                   0000000000000000
        X[15]:                   0000000000000000
        X[16]:                   0000000000000000
        X[17]:                   0000000000000000
        X[18]:                   0000000000000000
        X[19]:                   0000000000000000
        X[20]:                   0000000000000000
        X[21]:                   0000000000000000
        X[22]:                   0000000000000000
        X[23]:                   0000000000000000
        X[24]:                   0000000000000000
        X[25]:                   0000000000000000
        X[26]:                   0000000000000000
        X[27]:                   0000000000000000
        X[28]:                   0000000000000000
        FP:                      0000001b73477ef0
        LR:                      000000140d4e3a64 (nnSdk + 0x96a64) (_ZN2nn2os6detail38InternalConditionVariableImplByHorizon9TimedWaitEPNS1_23InternalCriticalSectionERKNS1_13TimeoutHelperE + 0x44)
        SP:                      0000001b73477ed0
        PC:                      000000140d4fe56c (nnSdk + 0xb156c)
    Stack Trace:
        ReturnAddress[00]:       000000140d4dcfb8 (nnSdk + 0x8ffb8) (_ZN2nn2os21TimedAcquireSemaphoreEPNS0_13SemaphoreTypeENS_8TimeSpanE + 0xa4)
        ReturnAddress[01]:       000000140d6b07e0 (nnSdk + 0x2637e0) (NvOsSemaphoreWaitTimeout + 0x18)
        ReturnAddress[02]:       000000140cd8b1b0 (multimedia + 0x241b0)
        ReturnAddress[03]:       000000140d4deb48 (nnSdk + 0x91b48)
        ReturnAddress[04]:       000000140d4e2b24 (nnSdk + 0x95b24)
        ReturnAddress[05]:       0000000000000000
    Stack Dump:                               00 01 02 03 04 05 06 07 08 09 0a 0b 0c 0d 0e 0f
                                 001b73477ed0 10 4b e1 38 27 00 00 00 b5 b4 49 92 24 49 92 24
                                 001b73477ee0 0c 4b e1 38 27 00 00 00 f0 4a e1 38 27 00 00 00
                                 001b73477ef0 20 7f 47 73 1b 00 00 00 b8 cf 4d 0d 14 00 00 00
                                 001b73477f00 01 10 00 80 00 00 00 00 18 d8 08 73 00 4b 00 00
                                 001b73477f10 ff ff ff ff 00 00 00 00 08 70 bb 3d 27 00 00 00
                                 001b73477f20 30 7f 47 73 1b 00 00 00 e0 07 6b 0d 14 00 00 00
                                 001b73477f30 70 7f 47 73 1b 00 00 00 b0 b1 d8 0c 14 00 00 00
                                 001b73477f40 00 00 00 00 00 00 00 00 ff ff ff ff 00 00 00 00
                                 001b73477f50 00 00 00 00 00 00 00 00 b4 11 f5 38 27 00 00 00
                                 001b73477f60 b0 11 f5 38 27 00 00 00 00 10 f5 38 27 00 00 00
                                 001b73477f70 a0 7f 47 73 1b 00 00 00 48 eb 4d 0d 14 00 00 00
                                 001b73477f80 00 00 00 00 00 00 00 00 b5 b4 49 92 24 49 92 24
                                 001b73477f90 00 00 00 00 00 00 00 00 00 10 f5 38 27 00 00 00
                                 001b73477fa0 d0 7f 47 73 1b 00 00 00 24 2b 4e 0d 14 00 00 00
                                 001b73477fb0 00 ff 49 92 24 49 92 24 00 00 00 00 24 49 92 24
                                 001b73477fc0 00 00 00 00 00 00 00 00 1a 03 00 00 00 00 00 00
    TLS Address:                 0000005784d61c00
    TLS Dump:                                 00 01 02 03 04 05 06 07 08 09 0a 0b 0c 0d 0e 0f
                                 005784d61c00 00 00 00 00 00 00 00 00 00 00 00 00 00 00 00 00
                                 005784d61c10 00 00 00 00 00 00 00 00 00 00 00 00 00 00 00 00
                                 005784d61c20 00 00 00 00 00 00 00 00 00 00 00 00 00 00 00 00
                                 005784d61c30 00 00 00 00 00 00 00 00 00 00 00 00 00 00 00 00
                                 005784d61c40 00 00 00 00 00 00 00 00 00 00 00 00 00 00 00 00
                                 005784d61c50 00 00 00 00 00 00 00 00 00 00 00 00 00 00 00 00
                                 005784d61c60 00 00 00 00 00 00 00 00 00 00 00 00 00 00 00 00
                                 005784d61c70 00 00 00 00 00 00 00 00 00 00 00 00 00 00 00 00
                                 005784d61c80 00 00 00 00 00 00 00 00 00 00 00 00 00 00 00 00
                                 005784d61c90 00 00 00 00 00 00 00 00 00 00 00 00 00 00 00 00
                                 005784d61ca0 00 00 00 00 00 00 00 00 00 00 00 00 00 00 00 00
                                 005784d61cb0 00 00 00 00 00 00 00 00 00 00 00 00 00 00 00 00
                                 005784d61cc0 00 00 00 00 00 00 00 00 00 00 00 00 00 00 00 00
                                 005784d61cd0 00 00 00 00 00 00 00 00 00 00 00 00 00 00 00 00
                                 005784d61ce0 00 00 00 00 00 00 00 00 00 00 00 00 00 00 00 00
                                 005784d61cf0 00 00 00 00 00 00 00 00 00 00 00 00 00 00 00 00
Threads[46]:
    Thread ID:                   000000000000031b
    Thread Name:                 OMXCallbackDisp
    Stack Region:                0000001b4eecd000-0000001b4eeed000
    Registers:
        X[00]:                   0000002738e17428
        X[01]:                   0000002738e17440
        X[02]:                   00000000003c81b6
        X[03]:                   ffffffffffffffff
        X[04]:                   0000000000000000
        X[05]:                   0000000000000000
        X[06]:                   0000000000000000
        X[07]:                   0000000000000000
        X[08]:                   0000000000000000
        X[09]:                   0000000000000000
        X[10]:                   0000000000000000
        X[11]:                   0000000000000000
        X[12]:                   0000000000000000
        X[13]:                   0000000000000000
        X[14]:                   0000000000000000
        X[15]:                   0000000000000000
        X[16]:                   0000000000000000
        X[17]:                   0000000000000000
        X[18]:                   0000000000000000
        X[19]:                   0000000000000000
        X[20]:                   0000000000000000
        X[21]:                   0000000000000000
        X[22]:                   0000000000000000
        X[23]:                   0000000000000000
        X[24]:                   0000000000000000
        X[25]:                   0000000000000000
        X[26]:                   0000000000000000
        X[27]:                   0000000000000000
        X[28]:                   0000000000000000
        FP:                      0000001b4eeecea0
        LR:                      000000140d4e39e8 (nnSdk + 0x969e8) (_ZN2nn2os6detail38InternalConditionVariableImplByHorizon4WaitEPNS1_23InternalCriticalSectionE + 0x30)
        SP:                      0000001b4eeece80
        PC:                      000000140d4fe56c (nnSdk + 0xb156c)
    Stack Trace:
        ReturnAddress[00]:       000000140d4da060 (nnSdk + 0x8d060) (_ZN2nn2os21WaitConditionVariableEPNS0_21ConditionVariableTypeEPNS0_9MutexTypeE + 0x44)
        ReturnAddress[01]:       000000140cf6cddc (multimedia + 0x205ddc) (_ZN7android3OMX18CallbackDispatcher4loopEv + 0x4c)
        ReturnAddress[02]:       000000140cf6ce7c (multimedia + 0x205e7c) (_ZN7android3OMX24CallbackDispatcherThread10threadLoopEv + 0x10)
        ReturnAddress[03]:       000000140d0033c4 (multimedia + 0x29c3c4) (_ZN7android8SfThread11_threadLoopEPv + 0x15c)
        ReturnAddress[04]:       000000140d4deb48 (nnSdk + 0x91b48)
        ReturnAddress[05]:       000000140d4e2b24 (nnSdk + 0x95b24)
        ReturnAddress[06]:       0000000000000000
    Stack Dump:                               00 01 02 03 04 05 06 07 08 09 0a 0b 0c 0d 0e 0f
                                 001b4eeece80 90 1b e7 38 27 00 00 00 10 74 e1 38 27 00 00 00
                                 001b4eeece90 00 74 e1 38 27 00 00 00 10 74 e1 38 27 00 00 00
                                 001b4eeecea0 c0 ce ee 4e 1b 00 00 00 60 a0 4d 0d 14 00 00 00
                                 001b4eeeceb0 10 74 e1 38 27 00 00 00 10 74 e1 38 27 00 00 00
                                 001b4eeecec0 10 cf ee 4e 1b 00 00 00 dc cd f6 0c 14 00 00 00
                                 001b4eeeced0 fd f7 97 60 01 14 30 01 01 00 49 92 24 49 92 24
                                 001b4eeecee0 90 1b e7 38 27 00 00 00 58 1b e7 38 27 00 00 00
                                 001b4eeecef0 58 1b e7 38 27 00 00 00 f8 c3 4d 0d 14 00 00 00
                                 001b4eeecf00 38 cf ee 4e 1b 00 00 00 40 1b e7 38 27 00 00 00
                                 001b4eeecf10 20 cf ee 4e 1b 00 00 00 7c ce f6 0c 14 00 00 00
                                 001b4eeecf20 70 cf ee 4e 1b 00 00 00 c4 33 00 0d 14 00 00 00
                                 001b4eeecf30 f1 ed 10 0d d1 10 09 89 40 1b e7 38 27 00 00 00
                                 001b4eeecf40 80 7a f7 38 27 00 00 00 40 1b e7 38 27 00 00 00
                                 001b4eeecf50 00 00 00 00 00 00 00 00 44 1d e7 38 27 00 00 00
                                 001b4eeecf60 40 1d e7 38 27 00 00 00 90 1b e7 38 27 00 00 00
                                 001b4eeecf70 a0 cf ee 4e 1b 00 00 00 48 eb 4d 0d 14 00 00 00
    TLS Address:                 0000005784d61e00
    TLS Dump:                                 00 01 02 03 04 05 06 07 08 09 0a 0b 0c 0d 0e 0f
                                 005784d61e00 00 00 00 00 00 00 00 00 00 00 00 00 00 00 00 00
                                 005784d61e10 00 00 00 00 00 00 00 00 00 00 00 00 00 00 00 00
                                 005784d61e20 00 00 00 00 00 00 00 00 00 00 00 00 00 00 00 00
                                 005784d61e30 00 00 00 00 00 00 00 00 00 00 00 00 00 00 00 00
                                 005784d61e40 00 00 00 00 00 00 00 00 00 00 00 00 00 00 00 00
                                 005784d61e50 00 00 00 00 00 00 00 00 00 00 00 00 00 00 00 00
                                 005784d61e60 00 00 00 00 00 00 00 00 00 00 00 00 00 00 00 00
                                 005784d61e70 00 00 00 00 00 00 00 00 00 00 00 00 00 00 00 00
                                 005784d61e80 00 00 00 00 00 00 00 00 00 00 00 00 00 00 00 00
                                 005784d61e90 00 00 00 00 00 00 00 00 00 00 00 00 00 00 00 00
                                 005784d61ea0 00 00 00 00 00 00 00 00 00 00 00 00 00 00 00 00
                                 005784d61eb0 00 00 00 00 00 00 00 00 00 00 00 00 00 00 00 00
                                 005784d61ec0 00 00 00 00 00 00 00 00 00 00 00 00 00 00 00 00
                                 005784d61ed0 00 00 00 00 00 00 00 00 00 00 00 00 00 00 00 00
                                 005784d61ee0 00 00 00 00 00 00 00 00 00 00 00 00 00 00 00 00
                                 005784d61ef0 00 00 00 00 00 00 00 00 00 00 00 00 00 00 00 00
