Atmosphère Crash Report (v1.7):
Result:                          0xCA8 (2168-0006)

Process Info:
    Process Name:                Application
    Program ID:                  0100152000022000
    Process ID:                  0000000000000094
    Process Flags:               00000077
    User Exception Address:      0000004ee386d000
Exception Info:
    Type:                        User Break
    Address:                     00000066b30fe5d8 (nnSdk + 0xb15d8)
    Break Reason:                0x0
    Break Address:               0000000000000000
    Break Size:                  0x0
Crashed Thread Info:
    Thread ID:                   000000000000035e
    Thread Name:                 ControllerAppletThread
    Stack Region:                00000028ce09e000-00000028ce0a0000
    Registers:
        X[00]:                   0000000000000000
        X[01]:                   0000000000000000
        X[02]:                   0000000000000000
        X[03]:                   0000000000000000
        X[04]:                   0000000000000000
        X[05]:                   0000000000000000
        X[06]:                   0000000000000000
        X[07]:                   0000000000000000
        X[08]:                   0000000000000000
        X[09]:                   0000000000000000
        X[10]:                   0000000000000000
        X[11]:                   0000000000000000
        X[12]:                   0000000000000000
        X[13]:                   0000000000000000
        X[14]:                   0000000000000000
        X[15]:                   0000000000000000
        X[16]:                   0000000000000000
        X[17]:                   0000000000000000
        X[18]:                   0000000000000000
        X[19]:                   0000000000000000
        X[20]:                   0000000000000000
        X[21]:                   0000000000000000
        X[22]:                   0000000000000000
        X[23]:                   0000000000000000
        X[24]:                   0000000000000000
        X[25]:                   0000000000000000
        X[26]:                   0000000000000000
        X[27]:                   0000000000000000
        X[28]:                   0000000000000000
        FP:                      00000028ce09fcd0
        LR:                      00000066b30926dc (nnSdk + 0x456dc) (_ZN2nn4diag6detail5AbortEv + 0x18)
        SP:                      00000028ce09fcd0
        PC:                      00000066b30fe5d4 (nnSdk + 0xb15d4)
    Stack Trace:
        ReturnAddress[00]:       00000066b30914a8 (nnSdk + 0x444a8) (_ZN2nn4diag6detail9AbortImplEPKcS3_S3_iPKNS_6ResultEPKNS_2os17UserExceptionInfoES3_z + 0x0)
        ReturnAddress[01]:       00000066b3091560 (nnSdk + 0x44560) (_ZN2nn4diag6detail9AbortImplEPKcS3_S3_iS3_z + 0x0)
        ReturnAddress[02]:       00000066b30915f0 (nnSdk + 0x445f0) (_ZN2nn4diag6detail18OnAssertionFailureENS0_13AssertionTypeEPKcS4_S4_iS4_z + 0x0)
        ReturnAddress[03]:       00000066b3201a00 (nnSdk + 0x1b4a00) (_ZN2nn2la22StartLibraryAppletEasyENS_6applet8AppletIdERKNS0_21CommonArgumentsWriterEPKvmPvmPmb + 0x0)
        ReturnAddress[04]:       00000066b329bf70 (nnSdk + 0x24ef70) (_ZN2nn3hid6detail25ShowControllerSupportCoreEPNS0_27ControllerSupportResultInfoERKNS0_20ControllerSupportArgERKNS0_6system27Con + 0xc0)
        ReturnAddress[05]:       00000066b329c1dc (nnSdk + 0x24f1dc) (_ZN2nn3hid21ShowControllerSupportEPNS0_27ControllerSupportResultInfoERKNS0_20ControllerSupportArgE + 0x48)
        ReturnAddress[06]:       00000066b1e71bec (TurboS.nss + 0x86dbec)
        ReturnAddress[07]:       00000066b1c29b34 (TurboS.nss + 0x625b34)
        ReturnAddress[08]:       00000066b1c293cc (TurboS.nss + 0x6253cc)
        ReturnAddress[09]:       00000066b30deb48 (nnSdk + 0x91b48)
        ReturnAddress[10]:       00000066b30e2b24 (nnSdk + 0x95b24)
        ReturnAddress[11]:       0000000000000000
    Stack Dump:                               00 01 02 03 04 05 06 07 08 09 0a 0b 0c 0d 0e 0f
                                 0028ce09fcd0 70 fd 09 ce 28 00 00 00 a8 14 09 b3 66 00 00 00
                                 0028ce09fce0 03 00 00 00 66 00 00 00 50 fd 09 ce 28 00 00 00
                                 0028ce09fcf0 c0 46 7e b3 66 00 00 00 c0 46 7e b3 66 00 00 00
                                 0028ce09fd00 c0 46 7e b3 66 00 00 00 00 00 00 00 00 00 00 00
                                 0028ce09fd10 00 00 00 00 00 00 00 00 00 00 00 00 00 00 00 00
                                 0028ce09fd20 03 00 00 00 66 00 00 00 50 fd 09 ce 28 00 00 00
                                 0028ce09fd30 c0 46 7e b3 66 00 00 00 c0 46 7e b3 66 00 00 00
                                 0028ce09fd40 c0 46 7e b3 66 00 00 00 00 00 00 00 00 00 00 00
                                 0028ce09fd50 c0 46 7e b3 66 00 00 00 10 fe 09 ce 28 00 00 00
                                 0028ce09fd60 2d 1f cc 63 3a 00 00 00 20 c7 9f b3 66 00 00 00
                                 0028ce09fd70 30 fe 09 ce 28 00 00 00 60 15 09 b3 66 00 00 00
                                 0028ce09fd80 00 00 00 00 00 00 00 00 00 00 00 00 00 00 00 00
                                 0028ce09fd90 00 00 00 00 00 00 00 00 00 00 00 00 00 00 00 00
                                 0028ce09fda0 00 00 00 00 00 00 00 00 00 00 00 00 00 00 00 00
                                 0028ce09fdb0 00 00 00 00 00 00 00 00 00 00 00 00 00 00 00 00
                                 0028ce09fdc0 00 00 00 00 00 00 00 00 00 00 00 00 00 00 00 00
    TLS Address:                 0000005363d9ba00
    TLS Dump:                                 00 01 02 03 04 05 06 07 08 09 0a 0b 0c 0d 0e 0f
                                 005363d9ba00 00 00 00 00 0c 00 00 00 00 00 00 00 00 00 00 00
                                 005363d9ba10 00 00 00 00 00 00 00 00 00 00 00 00 00 00 00 00
                                 005363d9ba20 53 46 43 4f 00 00 00 00 00 00 00 00 0e 61 f9 21
                                 005363d9ba30 00 00 00 00 00 00 00 00 0a 00 00 00 00 00 00 00
                                 005363d9ba40 00 00 00 00 00 00 00 00 00 00 00 00 00 00 00 00
                                 005363d9ba50 00 00 00 00 00 00 00 00 00 00 00 00 00 00 00 00
                                 005363d9ba60 00 00 00 00 00 00 00 00 00 00 00 00 00 00 00 00
                                 005363d9ba70 00 00 00 00 00 00 00 00 00 00 00 00 00 00 00 00
                                 005363d9ba80 00 00 00 00 00 00 00 00 00 00 00 00 00 00 00 00
                                 005363d9ba90 00 00 00 00 00 00 00 00 00 00 00 00 00 00 00 00
                                 005363d9baa0 00 00 00 00 00 00 00 00 00 00 00 00 00 00 00 00
                                 005363d9bab0 00 00 00 00 00 00 00 00 00 00 00 00 00 00 00 00
                                 005363d9bac0 00 00 00 00 00 00 00 00 00 00 00 00 00 00 00 00
                                 005363d9bad0 00 00 00 00 00 00 00 00 00 00 00 00 00 00 00 00
                                 005363d9bae0 00 00 00 00 00 00 00 00 00 00 00 00 00 00 00 00
                                 005363d9baf0 00 00 00 00 00 00 00 00 00 00 00 00 00 00 00 00
Module Info:
    Number of Modules:           05
    Module 00:
        Address:                 00000066b1600000-00000066b1602000
        Name:                    nnrtld
        Module Id:               D33817C0C763D8FAF97D9A6534C19DB231FF7271000000000000000000000000
    Module 01:
        Address:                 00000066b1604000-00000066b2156000
        Name:                    TurboS.nss
        Module Id:               FE941ED5BA14BE5D505698DA1BBF4FE753444B204D572B4E696E74656E646F2B
    Module 02:
        Address:                 00000066b2967000-00000066b2c72000
        Name:                    multimedia
        Module Id:               D9DE423EFC1512328C3C05378C7CB03173FACDE353444B204D572B4E696E7465
    Module 03:
        Address:                 00000066b304d000-00000066b345c000
        Name:                    nnSdk
        Module Id:               BA520906609C503227871A314A94FB5F6CCBE44453444B204D572B4E696E7465
    Module 04:
        Address:                 00000066b1400000-00000066b1419000
        Name:                    saltynx_core
        Module Id:               FCECC093A394F462B3EC65369D7B4F5D84F47EC1000000000000000000000000
Thread Report:
Number of Threads:               47
Threads[00]:
    Thread ID:                   0000000000000344
    Thread Name:                 MainThread
    Stack Region:                00000028b192d000-00000028b1a2d000
    Registers:
        X[00]:                   00000028b1a2cc38
        X[01]:                   00000028b1a2cc3c
        X[02]:                   0000000000000001
        X[03]:                   ffffffffffffffff
        X[04]:                   0000000000000000
        X[05]:                   0000000000000000
        X[06]:                   0000000000000000
        X[07]:                   0000000000000000
        X[08]:                   0000000000000000
        X[09]:                   0000000000000000
        X[10]:                   0000000000000000
        X[11]:                   0000000000000000
        X[12]:                   0000000000000000
        X[13]:                   0000000000000000
        X[14]:                   0000000000000000
        X[15]:                   0000000000000000
        X[16]:                   0000000000000000
        X[17]:                   0000000000000000
        X[18]:                   0000000000000000
        X[19]:                   0000000000000000
        X[20]:                   0000000000000000
        X[21]:                   0000000000000000
        X[22]:                   0000000000000000
        X[23]:                   0000000000000000
        X[24]:                   0000000000000000
        X[25]:                   0000000000000000
        X[26]:                   0000000000000000
        X[27]:                   0000000000000000
        X[28]:                   0000000000000000
        FP:                      00000028b1a2cc50
        LR:                      00000066b30e34f0 (nnSdk + 0x964f0) (_ZN2nn2os6detail30InterProcessEventImplByHorizon4WaitEjb + 0x34)
        SP:                      00000028b1a2cc20
        PC:                      00000066b30fe540 (nnSdk + 0xb1540)
    Stack Trace:
        ReturnAddress[00]:       00000066b32b05f4 (nnSdk + 0x2635f4) (NvOsEventWait + 0x80)
        ReturnAddress[01]:       00000066b32b9a28 (nnSdk + 0x26ca28)
        ReturnAddress[02]:       00000066b332f728 (nnSdk + 0x2e2728)
        ReturnAddress[03]:       00000066b333523c (nnSdk + 0x2e823c)
        ReturnAddress[04]:       00000066b20843bc (TurboS.nss + 0xa803bc)
        ReturnAddress[05]:       00000066b2083dd4 (TurboS.nss + 0xa7fdd4)
        ReturnAddress[06]:       00000066b2083d38 (TurboS.nss + 0xa7fd38)
        ReturnAddress[07]:       00000066b1c35134 (TurboS.nss + 0x631134)
        ReturnAddress[08]:       00000066b1df4378 (TurboS.nss + 0x7f0378)
        ReturnAddress[09]:       00000066b30bbdfc (nnSdk + 0x6edfc) (_ZN2nn4init5StartEmmPFvvES2_ + 0x4c)
        ReturnAddress[10]:       00000066b16000ac (nnrtld + 0xac)
        ReturnAddress[11]:       00000028b1a2cec8
        ReturnAddress[12]:       0000006600000001
    Stack Dump:                               00 01 02 03 04 05 06 07 08 09 0a 0b 0c 0d 0e 0f
                                 0028b1a2cc20 38 cc a2 b1 28 00 00 00 5c cc a2 b1 28 00 00 00
                                 0028b1a2cc30 80 cc a2 b1 28 00 00 00 10 00 00 00 b8 81 30 00
                                 0028b1a2cc40 00 cd a2 b1 28 00 00 00 ff ff ff ff 00 00 00 00
                                 0028b1a2cc50 60 cc a2 b1 28 00 00 00 f4 05 2b b3 66 00 00 00
                                 0028b1a2cc60 f0 cc a2 b1 28 00 00 00 28 9a 2b b3 66 00 00 00
                                 0028b1a2cc70 07 00 00 00 00 00 00 00 38 31 09 6b 1f 00 04 c0
                                 0028b1a2cc80 63 00 00 00 a0 44 00 00 ff ff ff ff 30 06 00 00
                                 0028b1a2cc90 60 d1 71 6c 3a 00 00 00 01 00 00 00 00 00 00 00
                                 0028b1a2cca0 00 00 00 00 00 00 00 00 00 00 00 00 00 00 00 00
                                 0028b1a2ccb0 00 00 00 00 00 00 00 00 02 00 00 00 00 00 00 00
                                 0028b1a2ccc0 ff ff ff ff ff ff ff ff 00 e2 eb 4e 3a 00 00 00
                                 0028b1a2ccd0 20 cd a2 b1 28 00 00 00 d0 62 b3 4e 3a 00 00 00
                                 0028b1a2cce0 00 00 00 00 00 00 00 00 ff ff ff ff ff ff ff ff
                                 0028b1a2ccf0 60 cd a2 b1 28 00 00 00 28 f7 32 b3 66 00 00 00
                                 0028b1a2cd00 02 00 00 00 00 00 00 00 50 c1 9a b3 66 00 00 00
                                 0028b1a2cd10 01 00 00 00 63 00 00 00 a0 44 00 00 3a 00 00 00
    TLS Address:                 0000004ee386d200
    TLS Dump:                                 00 01 02 03 04 05 06 07 08 09 0a 0b 0c 0d 0e 0f
                                 004ee386d200 00 00 01 00 09 08 e0 03 80 80 10 00 80 cc a2 b1
                                 004ee386d210 53 46 43 4f 00 00 00 00 00 00 00 00 99 5d e2 a4
                                 004ee386d220 05 00 00 00 00 00 00 00 00 00 00 00 00 00 00 00
                                 004ee386d230 00 00 00 00 00 00 00 00 01 00 00 00 00 00 00 00
                                 004ee386d240 04 00 6b 01 1e 00 10 c0 50 61 70 75 78 32 30 30
                                 004ee386d250 10 00 00 00 80 cc a2 b1 28 00 10 00 00 00 00 00
                                 004ee386d260 00 00 00 00 00 00 00 00 00 00 00 00 00 00 00 00
                                 004ee386d270 94 00 00 00 00 00 00 00 03 0d 08 00 00 04 0a 03
                                 004ee386d280 08 03 09 00 04 02 14 00 01 00 00 00 00 00 00 00
                                 004ee386d290 00 00 00 00 00 00 00 00 00 00 00 00 00 00 00 00
                                 004ee386d2a0 00 00 00 00 00 00 00 00 00 00 00 00 00 00 00 00
                                 004ee386d2b0 00 00 00 00 00 00 00 00 00 00 00 00 00 00 00 00
                                 004ee386d2c0 00 00 00 00 00 00 00 00 00 00 00 00 00 00 00 00
                                 004ee386d2d0 00 00 00 00 00 00 00 00 00 00 00 00 00 00 00 00
                                 004ee386d2e0 00 00 00 00 00 00 00 00 00 00 00 00 00 00 00 00
                                 004ee386d2f0 00 00 00 00 00 00 00 00 00 00 00 00 00 00 00 00
Threads[01]:
    Thread ID:                   0000000000000351
    Thread Name:                 Presentation Thread
    Stack Region:                0000002898411000-0000002898415000
    Registers:
        X[00]:                   0000003a4eeb9138
        X[01]:                   0000003a4eeb9140
        X[02]:                   00000000000c81eb
        X[03]:                   ffffffffffffffff
        X[04]:                   0000000000000000
        X[05]:                   0000000000000000
        X[06]:                   0000000000000000
        X[07]:                   0000000000000000
        X[08]:                   0000000000000000
        X[09]:                   0000000000000000
        X[10]:                   0000000000000000
        X[11]:                   0000000000000000
        X[12]:                   0000000000000000
        X[13]:                   0000000000000000
        X[14]:                   0000000000000000
        X[15]:                   0000000000000000
        X[16]:                   0000000000000000
        X[17]:                   0000000000000000
        X[18]:                   0000000000000000
        X[19]:                   0000000000000000
        X[20]:                   0000000000000000
        X[21]:                   0000000000000000
        X[22]:                   0000000000000000
        X[23]:                   0000000000000000
        X[24]:                   0000000000000000
        X[25]:                   0000000000000000
        X[26]:                   0000000000000000
        X[27]:                   0000000000000000
        X[28]:                   0000000000000000
        FP:                      0000002898414ee0
        LR:                      00000066b30e39e8 (nnSdk + 0x969e8) (_ZN2nn2os6detail38InternalConditionVariableImplByHorizon4WaitEPNS1_23InternalCriticalSectionE + 0x30)
        SP:                      0000002898414ec0
        PC:                      00000066b30fe56c (nnSdk + 0xb156c)
    Stack Trace:
        ReturnAddress[00]:       00000066b30dbd38 (nnSdk + 0x8ed38) (_ZN2nn2os19ReceiveMessageQueueEPmPNS0_16MessageQueueTypeE + 0x3c)
        ReturnAddress[01]:       00000066b1c29098 (TurboS.nss + 0x625098)
        ReturnAddress[02]:       00000066b1c29b40 (TurboS.nss + 0x625b40)
        ReturnAddress[03]:       00000066b1c293cc (TurboS.nss + 0x6253cc)
        ReturnAddress[04]:       00000066b30deb48 (nnSdk + 0x91b48)
        ReturnAddress[05]:       00000066b30e2b24 (nnSdk + 0x95b24)
        ReturnAddress[06]:       0000000000000000
    Stack Dump:                               00 01 02 03 04 05 06 07 08 09 0a 0b 0c 0d 0e 0f
                                 002898414ec0 00 00 00 00 00 00 00 00 00 00 00 00 00 00 00 00
                                 002898414ed0 38 91 eb 4e 3a 00 00 00 00 91 eb 4e 3a 00 00 00
                                 002898414ee0 10 4f 41 98 28 00 00 00 38 bd 0d b3 66 00 00 00
                                 002898414ef0 00 00 00 00 00 00 00 00 d4 e1 eb 4e 3a 00 00 00
                                 002898414f00 00 91 eb 4e 3a 00 00 00 d0 90 eb 4e 3a 00 00 00
                                 002898414f10 30 4f 41 98 28 00 00 00 98 90 c2 b1 66 00 00 00
                                 002898414f20 00 91 eb 4e 3a 00 00 00 d0 90 eb 4e 3a 00 00 00
                                 002898414f30 50 4f 41 98 28 00 00 00 40 9b c2 b1 66 00 00 00
                                 002898414f40 00 00 00 00 00 00 00 00 d0 90 eb 4e 3a 00 00 00
                                 002898414f50 70 4f 41 98 28 00 00 00 cc 93 c2 b1 66 00 00 00
                                 002898414f60 d0 e1 eb 4e 3a 00 00 00 20 e0 eb 4e 3a 00 00 00
                                 002898414f70 a0 4f 41 98 28 00 00 00 48 eb 0d b3 66 00 00 00
                                 002898414f80 00 00 00 00 00 00 00 00 00 00 00 00 00 00 00 00
                                 002898414f90 00 00 00 00 00 00 00 00 20 e0 eb 4e 3a 00 00 00
                                 002898414fa0 d0 4f 41 98 28 00 00 00 24 2b 0e b3 66 00 00 00
                                 002898414fb0 00 00 00 00 00 00 00 00 00 00 00 00 00 00 00 00
    TLS Address:                 0000004ee386d400
    TLS Dump:                                 00 01 02 03 04 05 06 07 08 09 0a 0b 0c 0d 0e 0f
                                 004ee386d400 00 00 01 00 09 08 e0 03 80 80 10 00 20 4e 41 98
                                 004ee386d410 53 46 43 4f 00 00 00 00 00 00 00 00 99 5d e2 a4
                                 004ee386d420 00 00 00 00 00 00 00 00 00 00 00 00 00 00 00 00
                                 004ee386d430 00 00 00 00 00 00 00 00 01 00 00 00 00 00 00 00
                                 004ee386d440 04 00 6b 01 1e 00 10 c0 00 00 00 00 00 00 00 00
                                 004ee386d450 10 00 6b 01 20 4e 41 98 28 00 10 00 00 00 00 00
                                 004ee386d460 00 00 00 00 18 00 00 00 20 4c 41 98 28 00 18 00
                                 004ee386d470 00 00 00 00 00 00 00 00 00 00 00 00 00 00 00 00
                                 004ee386d480 00 00 00 00 00 00 00 00 00 00 00 00 00 00 00 00
                                 004ee386d490 00 00 00 00 00 00 00 00 00 00 00 00 00 00 00 00
                                 004ee386d4a0 00 00 00 00 00 00 00 00 00 00 00 00 00 00 00 00
                                 004ee386d4b0 00 00 00 00 00 00 00 00 00 00 00 00 00 00 00 00
                                 004ee386d4c0 00 00 00 00 00 00 00 00 00 00 00 00 00 00 00 00
                                 004ee386d4d0 00 00 00 00 00 00 00 00 00 00 00 00 00 00 00 00
                                 004ee386d4e0 00 00 00 00 00 00 00 00 00 00 00 00 00 00 00 00
                                 004ee386d4f0 00 00 00 00 00 00 00 00 00 00 00 00 00 00 00 00
Threads[02]:
    Thread ID:                   0000000000000352
    Thread Name:                 Prepare Thread
    Stack Region:                0000002873902000-0000002873922000
    Registers:
        X[00]:                   0000003a4eebec08
        X[01]:                   0000003a4eebec10
        X[02]:                   00000000000d01ea
        X[03]:                   ffffffffffffffff
        X[04]:                   0000000000000000
        X[05]:                   0000000000000000
        X[06]:                   0000000000000000
        X[07]:                   0000000000000000
        X[08]:                   0000000000000000
        X[09]:                   0000000000000000
        X[10]:                   0000000000000000
        X[11]:                   0000000000000000
        X[12]:                   0000000000000000
        X[13]:                   0000000000000000
        X[14]:                   0000000000000000
        X[15]:                   0000000000000000
        X[16]:                   0000000000000000
        X[17]:                   0000000000000000
        X[18]:                   0000000000000000
        X[19]:                   0000000000000000
        X[20]:                   0000000000000000
        X[21]:                   0000000000000000
        X[22]:                   0000000000000000
        X[23]:                   0000000000000000
        X[24]:                   0000000000000000
        X[25]:                   0000000000000000
        X[26]:                   0000000000000000
        X[27]:                   0000000000000000
        X[28]:                   0000000000000000
        FP:                      0000002873921ee0
        LR:                      00000066b30e39e8 (nnSdk + 0x969e8) (_ZN2nn2os6detail38InternalConditionVariableImplByHorizon4WaitEPNS1_23InternalCriticalSectionE + 0x30)
        SP:                      0000002873921ec0
        PC:                      00000066b30fe56c (nnSdk + 0xb156c)
    Stack Trace:
        ReturnAddress[00]:       00000066b30dbd38 (nnSdk + 0x8ed38) (_ZN2nn2os19ReceiveMessageQueueEPmPNS0_16MessageQueueTypeE + 0x3c)
        ReturnAddress[01]:       00000066b1c29098 (TurboS.nss + 0x625098)
        ReturnAddress[02]:       00000066b1c29b40 (TurboS.nss + 0x625b40)
        ReturnAddress[03]:       00000066b1c293cc (TurboS.nss + 0x6253cc)
        ReturnAddress[04]:       00000066b30deb48 (nnSdk + 0x91b48)
        ReturnAddress[05]:       00000066b30e2b24 (nnSdk + 0x95b24)
        ReturnAddress[06]:       0000000000000000
    Stack Dump:                               00 01 02 03 04 05 06 07 08 09 0a 0b 0c 0d 0e 0f
                                 002873921ec0 00 00 00 00 00 00 00 00 00 00 00 00 00 00 00 00
                                 002873921ed0 08 ec eb 4e 3a 00 00 00 d0 eb eb 4e 3a 00 00 00
                                 002873921ee0 10 1f 92 73 28 00 00 00 38 bd 0d b3 66 00 00 00
                                 002873921ef0 00 00 00 00 00 00 00 00 d4 f1 ed 4e 3a 00 00 00
                                 002873921f00 d0 eb eb 4e 3a 00 00 00 a0 eb eb 4e 3a 00 00 00
                                 002873921f10 30 1f 92 73 28 00 00 00 98 90 c2 b1 66 00 00 00
                                 002873921f20 d0 eb eb 4e 3a 00 00 00 a0 eb eb 4e 3a 00 00 00
                                 002873921f30 50 1f 92 73 28 00 00 00 40 9b c2 b1 66 00 00 00
                                 002873921f40 00 00 00 00 00 00 00 00 a0 eb eb 4e 3a 00 00 00
                                 002873921f50 70 1f 92 73 28 00 00 00 cc 93 c2 b1 66 00 00 00
                                 002873921f60 d0 f1 ed 4e 3a 00 00 00 20 f0 ed 4e 3a 00 00 00
                                 002873921f70 a0 1f 92 73 28 00 00 00 48 eb 0d b3 66 00 00 00
                                 002873921f80 00 00 00 00 00 00 00 00 00 00 00 00 00 00 00 00
                                 002873921f90 00 00 00 00 00 00 00 00 20 f0 ed 4e 3a 00 00 00
                                 002873921fa0 d0 1f 92 73 28 00 00 00 24 2b 0e b3 66 00 00 00
                                 002873921fb0 00 00 00 00 00 00 00 00 00 00 00 00 00 00 00 00
    TLS Address:                 0000004ee386d600
    TLS Dump:                                 00 01 02 03 04 05 06 07 08 09 0a 0b 0c 0d 0e 0f
                                 004ee386d600 00 00 01 00 09 08 e0 03 80 80 28 00 e8 17 92 73
                                 004ee386d610 53 46 43 4f 00 00 00 00 00 00 00 00 99 5d e2 a4
                                 004ee386d620 00 00 00 00 00 00 00 00 00 00 00 00 00 00 00 00
                                 004ee386d630 00 00 00 00 00 00 00 00 01 00 00 00 00 00 00 00
                                 004ee386d640 01 00 6b 01 06 41 28 c0 82 81 01 00 00 00 00 00
                                 004ee386d650 28 00 00 00 e8 17 92 73 28 00 28 00 00 00 00 00
                                 004ee386d660 00 46 01 00 10 08 04 03 05 02 0c 06 01 04 03 06
                                 004ee386d670 02 0a 01 04 09 15 13 04 03 0d 08 00 00 04 0a 03
                                 004ee386d680 08 03 09 00 04 02 14 00 00 00 00 00 00 00 00 00
                                 004ee386d690 00 00 00 00 00 00 00 00 00 00 00 00 00 00 00 00
                                 004ee386d6a0 00 00 00 00 00 00 00 00 00 00 00 00 00 00 00 00
                                 004ee386d6b0 00 00 00 00 00 00 00 00 00 00 00 00 00 00 00 00
                                 004ee386d6c0 00 00 00 00 00 00 00 00 00 00 00 00 00 00 00 00
                                 004ee386d6d0 00 00 00 00 00 00 00 00 00 00 00 00 00 00 00 00
                                 004ee386d6e0 00 00 00 00 00 00 00 00 00 00 00 00 00 00 00 00
                                 004ee386d6f0 00 00 00 00 00 00 00 00 00 00 00 00 00 00 00 00
Threads[03]:
    Thread ID:                   0000000000000353
    Thread Name:                 VibrationThread
    Stack Region:                00000028910eb000-00000028910ec000
    Registers:
        X[00]:                   0000003a4eeebf20
        X[01]:                   0000003a4eeebf28
        X[02]:                   00000000000f01e6
        X[03]:                   ffffffffffffffff
        X[04]:                   0000000000000000
        X[05]:                   0000000000000000
        X[06]:                   0000000000000000
        X[07]:                   0000000000000000
        X[08]:                   0000000000000000
        X[09]:                   0000000000000000
        X[10]:                   0000000000000000
        X[11]:                   0000000000000000
        X[12]:                   0000000000000000
        X[13]:                   0000000000000000
        X[14]:                   0000000000000000
        X[15]:                   0000000000000000
        X[16]:                   0000000000000000
        X[17]:                   0000000000000000
        X[18]:                   0000000000000000
        X[19]:                   0000000000000000
        X[20]:                   0000000000000000
        X[21]:                   0000000000000000
        X[22]:                   0000000000000000
        X[23]:                   0000000000000000
        X[24]:                   0000000000000000
        X[25]:                   0000000000000000
        X[26]:                   0000000000000000
        X[27]:                   0000000000000000
        X[28]:                   0000000000000000
        FP:                      00000028910ebee0
        LR:                      00000066b30e39e8 (nnSdk + 0x969e8) (_ZN2nn2os6detail38InternalConditionVariableImplByHorizon4WaitEPNS1_23InternalCriticalSectionE + 0x30)
        SP:                      00000028910ebec0
        PC:                      00000066b30fe56c (nnSdk + 0xb156c)
    Stack Trace:
        ReturnAddress[00]:       00000066b30dbd38 (nnSdk + 0x8ed38) (_ZN2nn2os19ReceiveMessageQueueEPmPNS0_16MessageQueueTypeE + 0x3c)
        ReturnAddress[01]:       00000066b1c29098 (TurboS.nss + 0x625098)
        ReturnAddress[02]:       00000066b1c29b40 (TurboS.nss + 0x625b40)
        ReturnAddress[03]:       00000066b1c293cc (TurboS.nss + 0x6253cc)
        ReturnAddress[04]:       00000066b30deb48 (nnSdk + 0x91b48)
        ReturnAddress[05]:       00000066b30e2b24 (nnSdk + 0x95b24)
        ReturnAddress[06]:       0000000000000000
    Stack Dump:                               00 01 02 03 04 05 06 07 08 09 0a 0b 0c 0d 0e 0f
                                 0028910ebec0 00 00 00 00 00 00 00 00 00 00 00 00 00 00 00 00
                                 0028910ebed0 20 bf ee 4e 3a 00 00 00 e8 be ee 4e 3a 00 00 00
                                 0028910ebee0 10 bf 0e 91 28 00 00 00 38 bd 0d b3 66 00 00 00
                                 0028910ebef0 00 00 00 00 00 00 00 00 d4 e1 ee 4e 3a 00 00 00
                                 0028910ebf00 e8 be ee 4e 3a 00 00 00 b8 be ee 4e 3a 00 00 00
                                 0028910ebf10 30 bf 0e 91 28 00 00 00 98 90 c2 b1 66 00 00 00
                                 0028910ebf20 00 00 00 00 00 00 00 00 00 00 00 00 00 00 00 00
                                 0028910ebf30 50 bf 0e 91 28 00 00 00 40 9b c2 b1 66 00 00 00
                                 0028910ebf40 00 00 00 00 00 00 00 00 b8 be ee 4e 3a 00 00 00
                                 0028910ebf50 70 bf 0e 91 28 00 00 00 cc 93 c2 b1 66 00 00 00
                                 0028910ebf60 d0 e1 ee 4e 3a 00 00 00 20 e0 ee 4e 3a 00 00 00
                                 0028910ebf70 a0 bf 0e 91 28 00 00 00 48 eb 0d b3 66 00 00 00
                                 0028910ebf80 00 00 00 00 00 00 00 00 00 00 00 00 00 00 00 00
                                 0028910ebf90 00 00 00 00 00 00 00 00 20 e0 ee 4e 3a 00 00 00
                                 0028910ebfa0 d0 bf 0e 91 28 00 00 00 24 2b 0e b3 66 00 00 00
                                 0028910ebfb0 00 00 00 00 00 00 00 00 00 00 00 00 00 00 00 00
    TLS Address:                 0000004ee386d800
    TLS Dump:                                 00 01 02 03 04 05 06 07 08 09 0a 0b 0c 0d 0e 0f
                                 004ee386d800 00 00 00 00 00 00 00 00 00 00 00 00 00 00 00 00
                                 004ee386d810 00 00 00 00 00 00 00 00 00 00 00 00 00 00 00 00
                                 004ee386d820 00 00 00 00 00 00 00 00 00 00 00 00 00 00 00 00
                                 004ee386d830 00 00 00 00 00 00 00 00 00 00 00 00 00 00 00 00
                                 004ee386d840 00 00 00 00 00 00 00 00 00 00 00 00 00 00 00 00
                                 004ee386d850 00 00 00 00 00 00 00 00 00 00 00 00 00 00 00 00
                                 004ee386d860 00 00 00 00 00 00 00 00 00 00 00 00 00 00 00 00
                                 004ee386d870 00 00 00 00 00 00 00 00 00 00 00 00 00 00 00 00
                                 004ee386d880 00 00 00 00 00 00 00 00 00 00 00 00 00 00 00 00
                                 004ee386d890 00 00 00 00 00 00 00 00 00 00 00 00 00 00 00 00
                                 004ee386d8a0 00 00 00 00 00 00 00 00 00 00 00 00 00 00 00 00
                                 004ee386d8b0 00 00 00 00 00 00 00 00 00 00 00 00 00 00 00 00
                                 004ee386d8c0 00 00 00 00 00 00 00 00 00 00 00 00 00 00 00 00
                                 004ee386d8d0 00 00 00 00 00 00 00 00 00 00 00 00 00 00 00 00
                                 004ee386d8e0 00 00 00 00 00 00 00 00 00 00 00 00 00 00 00 00
                                 004ee386d8f0 00 00 00 00 00 00 00 00 00 00 00 00 00 00 00 00
Threads[04]:
    Thread ID:                   0000000000000354
    Stack Region:                00000028aa0ac000-00000028aa1ac000
    Registers:
        X[00]:                   0000003a4eff4020
        X[01]:                   0000000000000000
        X[02]:                   0000000000000000
        X[03]:                   0000000000000000
        X[04]:                   0000000000000000
        X[05]:                   0000000000000000
        X[06]:                   0000000000000000
        X[07]:                   0000000000000000
        X[08]:                   0000000000000000
        X[09]:                   0000000000000000
        X[10]:                   0000000000000000
        X[11]:                   0000000000000000
        X[12]:                   0000000000000000
        X[13]:                   0000000000000000
        X[14]:                   0000000000000000
        X[15]:                   0000000000000000
        X[16]:                   0000000000000000
        X[17]:                   0000000000000000
        X[18]:                   500da821700d619d
        X[19]:                   0000000000000000
        X[20]:                   0000000000000000
        X[21]:                   0000000000000000
        X[22]:                   0000000000000000
        X[23]:                   0000000000000000
        X[24]:                   0000000000000000
        X[25]:                   0000000000000000
        X[26]:                   0000000000000000
        X[27]:                   0000000000000000
        X[28]:                   0000000000000000
        FP:                      0000000000000000
        LR:                      0000000000000000
        SP:                      00000028aa1abfe0
        PC:                      00000066b30e2aac (nnSdk + 0x95aac)
    Stack Dump:                               00 01 02 03 04 05 06 07 08 09 0a 0b 0c 0d 0e 0f
                                 0028aa1abf00 00 00 00 00 00 00 00 00 00 00 00 00 00 00 00 00
                                 0028aa1abf10 00 00 00 00 00 00 00 00 00 00 00 00 00 00 00 00
                                 0028aa1abf20 00 00 00 00 00 00 00 00 00 00 00 00 00 00 00 00
                                 0028aa1abf30 00 00 00 00 00 00 00 00 00 00 00 00 00 00 00 00
                                 0028aa1abf40 00 00 00 00 00 00 00 00 00 00 00 00 00 00 00 00
                                 0028aa1abf50 00 00 00 00 00 00 00 00 00 00 00 00 00 00 00 00
                                 0028aa1abf60 00 00 00 00 00 00 00 00 00 00 00 00 00 00 00 00
                                 0028aa1abf70 00 00 00 00 00 00 00 00 00 00 00 00 00 00 00 00
                                 0028aa1abf80 00 00 00 00 00 00 00 00 00 00 00 00 00 00 00 00
                                 0028aa1abf90 00 00 00 00 00 00 00 00 00 00 00 00 00 00 00 00
                                 0028aa1abfa0 00 00 00 00 00 00 00 00 00 00 00 00 00 00 00 00
                                 0028aa1abfb0 00 00 00 00 00 00 00 00 00 00 00 00 00 00 00 00
                                 0028aa1abfc0 00 00 00 00 00 00 00 00 00 00 00 00 00 00 00 00
                                 0028aa1abfd0 00 00 00 00 00 00 00 00 00 00 00 00 00 00 00 00
                                 0028aa1abfe0 e8 ea 0d b3 66 00 00 00 00 00 00 00 00 00 00 00
                                 0028aa1abff0 00 00 00 00 00 00 00 00 00 00 00 00 00 00 00 00
Threads[05]:
    Thread ID:                   0000000000000355
    Thread Name:                 WorkerMgr/Worker1(?)
    Stack Region:                000000285dac6000-000000285dbc6000
    Registers:
        X[00]:                   0000003a4eff43f8
        X[01]:                   0000003a4eff4400
        X[02]:                   00000000001001e4
        X[03]:                   ffffffffffffffff
        X[04]:                   0000003a6c71de5c
        X[05]:                   0000000000000000
        X[06]:                   0000003a6c71de10
        X[07]:                   0000000000000001
        X[08]:                   0000000000000000
        X[09]:                   0000000000000000
        X[10]:                   0000000000000000
        X[11]:                   0000000000000000
        X[12]:                   0000000000000000
        X[13]:                   0000000000000000
        X[14]:                   0000000000000000
        X[15]:                   0000000000000000
        X[16]:                   0000000000000000
        X[17]:                   0000000000000000
        X[18]:                   0000000000000000
        X[19]:                   0000000000000000
        X[20]:                   0000000000000000
        X[21]:                   0000000000000000
        X[22]:                   0000000000000000
        X[23]:                   0000000000000000
        X[24]:                   0000000000000000
        X[25]:                   0000000000000000
        X[26]:                   0000000000000000
        X[27]:                   0000000000000000
        X[28]:                   0000000000000000
        FP:                      000000285dbc5ee0
        LR:                      00000066b30e39e8 (nnSdk + 0x969e8) (_ZN2nn2os6detail38InternalConditionVariableImplByHorizon4WaitEPNS1_23InternalCriticalSectionE + 0x30)
        SP:                      000000285dbc5ec0
        PC:                      00000066b30fe56c (nnSdk + 0xb156c)
    Stack Trace:
        ReturnAddress[00]:       00000066b30dbd38 (nnSdk + 0x8ed38) (_ZN2nn2os19ReceiveMessageQueueEPmPNS0_16MessageQueueTypeE + 0x3c)
        ReturnAddress[01]:       00000066b1c29098 (TurboS.nss + 0x625098)
        ReturnAddress[02]:       00000066b1c29b40 (TurboS.nss + 0x625b40)
        ReturnAddress[03]:       00000066b1c293cc (TurboS.nss + 0x6253cc)
        ReturnAddress[04]:       00000066b30deb48 (nnSdk + 0x91b48)
        ReturnAddress[05]:       00000066b30e2b24 (nnSdk + 0x95b24)
        ReturnAddress[06]:       0000000000000000
    Stack Dump:                               00 01 02 03 04 05 06 07 08 09 0a 0b 0c 0d 0e 0f
                                 00285dbc5ec0 30 5f bc 5d 28 00 00 00 7c 72 c3 b1 66 00 00 00
                                 00285dbc5ed0 f8 43 ff 4e 3a 00 00 00 c0 43 ff 4e 3a 00 00 00
                                 00285dbc5ee0 10 5f bc 5d 28 00 00 00 38 bd 0d b3 66 00 00 00
                                 00285dbc5ef0 00 00 00 00 00 00 00 00 d4 51 0f 4f 3a 00 00 00
                                 00285dbc5f00 c0 43 ff 4e 3a 00 00 00 90 43 ff 4e 3a 00 00 00
                                 00285dbc5f10 30 5f bc 5d 28 00 00 00 98 90 c2 b1 66 00 00 00
                                 00285dbc5f20 c0 43 ff 4e 3a 00 00 00 90 43 ff 4e 3a 00 00 00
                                 00285dbc5f30 50 5f bc 5d 28 00 00 00 40 9b c2 b1 66 00 00 00
                                 00285dbc5f40 00 00 00 00 00 00 00 00 90 43 ff 4e 3a 00 00 00
                                 00285dbc5f50 70 5f bc 5d 28 00 00 00 cc 93 c2 b1 66 00 00 00
                                 00285dbc5f60 d0 51 0f 4f 3a 00 00 00 20 50 0f 4f 3a 00 00 00
                                 00285dbc5f70 a0 5f bc 5d 28 00 00 00 48 eb 0d b3 66 00 00 00
                                 00285dbc5f80 00 00 00 00 00 00 00 00 00 00 00 00 00 00 00 00
                                 00285dbc5f90 00 00 00 00 00 00 00 00 20 50 0f 4f 3a 00 00 00
                                 00285dbc5fa0 d0 5f bc 5d 28 00 00 00 24 2b 0e b3 66 00 00 00
                                 00285dbc5fb0 00 00 00 00 00 00 00 00 00 00 00 00 00 00 00 00
    TLS Address:                 0000004ee386dc00
    TLS Dump:                                 00 01 02 03 04 05 06 07 08 09 0a 0b 0c 0d 0e 0f
                                 004ee386dc00 00 00 00 00 00 00 00 00 00 00 00 00 00 00 00 00
                                 004ee386dc10 00 00 00 00 00 00 00 00 00 00 00 00 00 00 00 00
                                 004ee386dc20 00 00 00 00 00 00 00 00 00 00 00 00 00 00 00 00
                                 004ee386dc30 00 00 00 00 00 00 00 00 00 00 00 00 00 00 00 00
                                 004ee386dc40 00 00 00 00 00 00 00 00 00 00 00 00 00 00 00 00
                                 004ee386dc50 00 00 00 00 00 00 00 00 00 00 00 00 00 00 00 00
                                 004ee386dc60 00 00 00 00 00 00 00 00 00 00 00 00 00 00 00 00
                                 004ee386dc70 00 00 00 00 00 00 00 00 00 00 00 00 00 00 00 00
                                 004ee386dc80 00 00 00 00 00 00 00 00 00 00 00 00 00 00 00 00
                                 004ee386dc90 00 00 00 00 00 00 00 00 00 00 00 00 00 00 00 00
                                 004ee386dca0 00 00 00 00 00 00 00 00 00 00 00 00 00 00 00 00
                                 004ee386dcb0 00 00 00 00 00 00 00 00 00 00 00 00 00 00 00 00
                                 004ee386dcc0 00 00 00 00 00 00 00 00 00 00 00 00 00 00 00 00
                                 004ee386dcd0 00 00 00 00 00 00 00 00 00 00 00 00 00 00 00 00
                                 004ee386dce0 00 00 00 00 00 00 00 00 00 00 00 00 00 00 00 00
                                 004ee386dcf0 00 00 00 00 00 00 00 00 00 00 00 00 00 00 00 00
Threads[06]:
    Thread ID:                   0000000000000356
    Thread Name:                 WorkerMgr/Worker2(?)
    Stack Region:                00000028cec9e000-00000028ced9e000
    Registers:
        X[00]:                   0000003a4f0f53f8
        X[01]:                   0000003a4f0f5400
        X[02]:                   00000000001081e3
        X[03]:                   ffffffffffffffff
        X[04]:                   0000000000000000
        X[05]:                   0000000000000000
        X[06]:                   0000000000000000
        X[07]:                   0000000000000000
        X[08]:                   0000000000000000
        X[09]:                   0000000000000000
        X[10]:                   0000000000000000
        X[11]:                   0000000000000000
        X[12]:                   0000000000000000
        X[13]:                   0000000000000000
        X[14]:                   0000000000000000
        X[15]:                   0000000000000000
        X[16]:                   0000000000000000
        X[17]:                   0000000000000000
        X[18]:                   0000000000000000
        X[19]:                   0000000000000000
        X[20]:                   0000000000000000
        X[21]:                   0000000000000000
        X[22]:                   0000000000000000
        X[23]:                   0000000000000000
        X[24]:                   0000000000000000
        X[25]:                   0000000000000000
        X[26]:                   0000000000000000
        X[27]:                   0000000000000000
        X[28]:                   0000000000000000
        FP:                      00000028ced9dee0
        LR:                      00000066b30e39e8 (nnSdk + 0x969e8) (_ZN2nn2os6detail38InternalConditionVariableImplByHorizon4WaitEPNS1_23InternalCriticalSectionE + 0x30)
        SP:                      00000028ced9dec0
        PC:                      00000066b30fe56c (nnSdk + 0xb156c)
    Stack Trace:
        ReturnAddress[00]:       00000066b30dbd38 (nnSdk + 0x8ed38) (_ZN2nn2os19ReceiveMessageQueueEPmPNS0_16MessageQueueTypeE + 0x3c)
        ReturnAddress[01]:       00000066b1c29098 (TurboS.nss + 0x625098)
        ReturnAddress[02]:       00000066b1c29b40 (TurboS.nss + 0x625b40)
        ReturnAddress[03]:       00000066b1c293cc (TurboS.nss + 0x6253cc)
        ReturnAddress[04]:       00000066b30deb48 (nnSdk + 0x91b48)
        ReturnAddress[05]:       00000066b30e2b24 (nnSdk + 0x95b24)
        ReturnAddress[06]:       0000000000000000
    Stack Dump:                               00 01 02 03 04 05 06 07 08 09 0a 0b 0c 0d 0e 0f
                                 0028ced9dec0 30 df d9 ce 28 00 00 00 7c 72 c3 b1 66 00 00 00
                                 0028ced9ded0 f8 53 0f 4f 3a 00 00 00 c0 53 0f 4f 3a 00 00 00
                                 0028ced9dee0 10 df d9 ce 28 00 00 00 38 bd 0d b3 66 00 00 00
                                 0028ced9def0 00 00 00 00 00 00 00 00 d4 61 1f 4f 3a 00 00 00
                                 0028ced9df00 c0 53 0f 4f 3a 00 00 00 90 53 0f 4f 3a 00 00 00
                                 0028ced9df10 30 df d9 ce 28 00 00 00 98 90 c2 b1 66 00 00 00
                                 0028ced9df20 c0 53 0f 4f 3a 00 00 00 90 53 0f 4f 3a 00 00 00
                                 0028ced9df30 50 df d9 ce 28 00 00 00 40 9b c2 b1 66 00 00 00
                                 0028ced9df40 00 00 00 00 00 00 00 00 90 53 0f 4f 3a 00 00 00
                                 0028ced9df50 70 df d9 ce 28 00 00 00 cc 93 c2 b1 66 00 00 00
                                 0028ced9df60 d0 61 1f 4f 3a 00 00 00 20 60 1f 4f 3a 00 00 00
                                 0028ced9df70 a0 df d9 ce 28 00 00 00 48 eb 0d b3 66 00 00 00
                                 0028ced9df80 00 00 00 00 00 00 00 00 00 00 00 00 00 00 00 00
                                 0028ced9df90 00 00 00 00 00 00 00 00 20 60 1f 4f 3a 00 00 00
                                 0028ced9dfa0 d0 df d9 ce 28 00 00 00 24 2b 0e b3 66 00 00 00
                                 0028ced9dfb0 00 00 00 00 00 00 00 00 00 00 00 00 00 00 00 00
    TLS Address:                 0000004ee386de00
    TLS Dump:                                 00 01 02 03 04 05 06 07 08 09 0a 0b 0c 0d 0e 0f
                                 004ee386de00 00 00 00 00 00 00 00 00 00 00 00 00 00 00 00 00
                                 004ee386de10 00 00 00 00 00 00 00 00 00 00 00 00 00 00 00 00
                                 004ee386de20 00 00 00 00 00 00 00 00 00 00 00 00 00 00 00 00
                                 004ee386de30 00 00 00 00 00 00 00 00 00 00 00 00 00 00 00 00
                                 004ee386de40 00 00 00 00 00 00 00 00 00 00 00 00 00 00 00 00
                                 004ee386de50 00 00 00 00 00 00 00 00 00 00 00 00 00 00 00 00
                                 004ee386de60 00 00 00 00 00 00 00 00 00 00 00 00 00 00 00 00
                                 004ee386de70 00 00 00 00 00 00 00 00 00 00 00 00 00 00 00 00
                                 004ee386de80 00 00 00 00 00 00 00 00 00 00 00 00 00 00 00 00
                                 004ee386de90 00 00 00 00 00 00 00 00 00 00 00 00 00 00 00 00
                                 004ee386dea0 00 00 00 00 00 00 00 00 00 00 00 00 00 00 00 00
                                 004ee386deb0 00 00 00 00 00 00 00 00 00 00 00 00 00 00 00 00
                                 004ee386dec0 00 00 00 00 00 00 00 00 00 00 00 00 00 00 00 00
                                 004ee386ded0 00 00 00 00 00 00 00 00 00 00 00 00 00 00 00 00
                                 004ee386dee0 00 00 00 00 00 00 00 00 00 00 00 00 00 00 00 00
                                 004ee386def0 00 00 00 00 00 00 00 00 00 00 00 00 00 00 00 00
Threads[07]:
    Thread ID:                   0000000000000358
    Thread Name:                 TimeSyncThread
    Stack Region:                000000287da31000-000000287da35000
    Registers:
        X[00]:                   0000003a4f280f48
        X[01]:                   0000003a4f280f50
        X[02]:                   00000000001101e2
        X[03]:                   ffffffffffffffff
        X[04]:                   000000287da34ed8
        X[05]:                   000000287da34ed0
        X[06]:                   000000287da34ec8
        X[07]:                   0000000000000000
        X[08]:                   0000000000000000
        X[09]:                   0000000000000000
        X[10]:                   0000000000000000
        X[11]:                   0000000000000000
        X[12]:                   0000000000000000
        X[13]:                   0000000000000000
        X[14]:                   0000000000000000
        X[15]:                   0000000000000000
        X[16]:                   0000000000000000
        X[17]:                   0000000000000000
        X[18]:                   0000000000000000
        X[19]:                   0000000000000000
        X[20]:                   0000000000000000
        X[21]:                   0000000000000000
        X[22]:                   0000000000000000
        X[23]:                   0000000000000000
        X[24]:                   0000000000000000
        X[25]:                   0000000000000000
        X[26]:                   0000000000000000
        X[27]:                   0000000000000000
        X[28]:                   0000000000000000
        FP:                      000000287da34ee0
        LR:                      00000066b30e39e8 (nnSdk + 0x969e8) (_ZN2nn2os6detail38InternalConditionVariableImplByHorizon4WaitEPNS1_23InternalCriticalSectionE + 0x30)
        SP:                      000000287da34ec0
        PC:                      00000066b30fe56c (nnSdk + 0xb156c)
    Stack Trace:
        ReturnAddress[00]:       00000066b30dbd38 (nnSdk + 0x8ed38) (_ZN2nn2os19ReceiveMessageQueueEPmPNS0_16MessageQueueTypeE + 0x3c)
        ReturnAddress[01]:       00000066b1c29098 (TurboS.nss + 0x625098)
        ReturnAddress[02]:       00000066b1c29b40 (TurboS.nss + 0x625b40)
        ReturnAddress[03]:       00000066b1c293cc (TurboS.nss + 0x6253cc)
        ReturnAddress[04]:       00000066b30deb48 (nnSdk + 0x91b48)
        ReturnAddress[05]:       00000066b30e2b24 (nnSdk + 0x95b24)
        ReturnAddress[06]:       0000000000000000
    Stack Dump:                               00 01 02 03 04 05 06 07 08 09 0a 0b 0c 0d 0e 0f
                                 00287da34ec0 20 60 28 4f 3a 00 00 00 0d 00 00 00 3a 00 00 00
                                 00287da34ed0 48 0f 28 4f 3a 00 00 00 10 0f 28 4f 3a 00 00 00
                                 00287da34ee0 10 4f a3 7d 28 00 00 00 38 bd 0d b3 66 00 00 00
                                 00287da34ef0 00 00 00 00 00 00 00 00 d4 61 28 4f 3a 00 00 00
                                 00287da34f00 10 0f 28 4f 3a 00 00 00 e0 0e 28 4f 3a 00 00 00
                                 00287da34f10 30 4f a3 7d 28 00 00 00 98 90 c2 b1 66 00 00 00
                                 00287da34f20 e0 0e 28 4f 3a 00 00 00 e0 0e 28 4f 3a 00 00 00
                                 00287da34f30 50 4f a3 7d 28 00 00 00 40 9b c2 b1 66 00 00 00
                                 00287da34f40 00 00 00 00 00 00 00 00 e0 0e 28 4f 3a 00 00 00
                                 00287da34f50 70 4f a3 7d 28 00 00 00 cc 93 c2 b1 66 00 00 00
                                 00287da34f60 d0 61 28 4f 3a 00 00 00 20 60 28 4f 3a 00 00 00
                                 00287da34f70 a0 4f a3 7d 28 00 00 00 48 eb 0d b3 66 00 00 00
                                 00287da34f80 00 00 00 00 00 00 00 00 00 00 00 00 00 00 00 00
                                 00287da34f90 00 00 00 00 00 00 00 00 20 60 28 4f 3a 00 00 00
                                 00287da34fa0 d0 4f a3 7d 28 00 00 00 24 2b 0e b3 66 00 00 00
                                 00287da34fb0 00 00 00 00 00 00 00 00 00 00 00 00 00 00 00 00
    TLS Address:                 0000005363d9b000
    TLS Dump:                                 00 01 02 03 04 05 06 07 08 09 0a 0b 0c 0d 0e 0f
                                 005363d9b000 00 00 00 00 14 08 e0 03 00 00 00 00 00 00 00 00
                                 005363d9b010 00 00 00 00 00 00 00 00 00 00 00 00 00 00 00 00
                                 005363d9b020 53 46 43 4f 00 00 00 00 00 00 00 00 95 c8 f5 88
                                 005363d9b030 ea 07 09 1d 0c 05 0d 00 02 00 00 00 0f 01 00 00
                                 005363d9b040 2d 30 35 00 00 00 00 00 00 00 00 00 b0 b9 ff ff
                                 005363d9b050 00 00 00 00 00 00 00 00 00 00 00 00 00 00 00 00
                                 005363d9b060 00 00 00 00 00 00 00 00 00 00 00 00 00 00 00 00
                                 005363d9b070 00 00 00 00 00 00 00 00 00 00 00 00 00 00 00 00
                                 005363d9b080 00 00 00 00 00 00 00 00 00 00 00 00 00 00 00 00
                                 005363d9b090 00 00 00 00 00 00 00 00 00 00 00 00 00 00 00 00
                                 005363d9b0a0 00 00 00 00 00 00 00 00 00 00 00 00 00 00 00 00
                                 005363d9b0b0 00 00 00 00 00 00 00 00 00 00 00 00 00 00 00 00
                                 005363d9b0c0 00 00 00 00 00 00 00 00 00 00 00 00 00 00 00 00
                                 005363d9b0d0 00 00 00 00 00 00 00 00 00 00 00 00 00 00 00 00
                                 005363d9b0e0 00 00 00 00 00 00 00 00 00 00 00 00 00 00 00 00
                                 005363d9b0f0 00 00 00 00 00 00 00 00 00 00 00 00 00 00 00 00
Threads[08]:
    Thread ID:                   0000000000000359
    Thread Name:                 BackgroundLoad
    Stack Region:                0000002891edc000-0000002891f1c000
    Registers:
        X[00]:                   0000003a4fb1bec8
        X[01]:                   0000003a4fb1bed0
        X[02]:                   00000000001281df
        X[03]:                   ffffffffffffffff
        X[04]:                   0000000000000140
        X[05]:                   00000000000000ca
        X[06]:                   0000000000000000
        X[07]:                   0000000000000001
        X[08]:                   0000000000000000
        X[09]:                   0000000000000000
        X[10]:                   0000000000000000
        X[11]:                   0000000000000000
        X[12]:                   0000000000000000
        X[13]:                   0000000000000000
        X[14]:                   0000000000000000
        X[15]:                   0000000000000000
        X[16]:                   0000000000000000
        X[17]:                   0000000000000000
        X[18]:                   0000000000000000
        X[19]:                   0000000000000000
        X[20]:                   0000000000000000
        X[21]:                   0000000000000000
        X[22]:                   0000000000000000
        X[23]:                   0000000000000000
        X[24]:                   0000000000000000
        X[25]:                   0000000000000000
        X[26]:                   0000000000000000
        X[27]:                   0000000000000000
        X[28]:                   0000000000000000
        FP:                      0000002891f1bee0
        LR:                      00000066b30e39e8 (nnSdk + 0x969e8) (_ZN2nn2os6detail38InternalConditionVariableImplByHorizon4WaitEPNS1_23InternalCriticalSectionE + 0x30)
        SP:                      0000002891f1bec0
        PC:                      00000066b30fe56c (nnSdk + 0xb156c)
    Stack Trace:
        ReturnAddress[00]:       00000066b30dbd38 (nnSdk + 0x8ed38) (_ZN2nn2os19ReceiveMessageQueueEPmPNS0_16MessageQueueTypeE + 0x3c)
        ReturnAddress[01]:       00000066b1c29098 (TurboS.nss + 0x625098)
        ReturnAddress[02]:       00000066b1c29b40 (TurboS.nss + 0x625b40)
        ReturnAddress[03]:       00000066b1c293cc (TurboS.nss + 0x6253cc)
        ReturnAddress[04]:       00000066b30deb48 (nnSdk + 0x91b48)
        ReturnAddress[05]:       00000066b30e2b24 (nnSdk + 0x95b24)
        ReturnAddress[06]:       0000000000000000
    Stack Dump:                               00 01 02 03 04 05 06 07 08 09 0a 0b 0c 0d 0e 0f
                                 002891f1bec0 98 0e b2 4f 3a 00 00 00 01 01 01 01 00 00 00 00
                                 002891f1bed0 c8 be b1 4f 3a 00 00 00 90 be b1 4f 3a 00 00 00
                                 002891f1bee0 10 bf f1 91 28 00 00 00 38 bd 0d b3 66 00 00 00
                                 002891f1bef0 00 00 00 00 00 00 00 00 d4 61 b6 4f 3a 00 00 00
                                 002891f1bf00 90 be b1 4f 3a 00 00 00 60 be b1 4f 3a 00 00 00
                                 002891f1bf10 30 bf f1 91 28 00 00 00 98 90 c2 b1 66 00 00 00
                                 002891f1bf20 90 be b1 4f 3a 00 00 00 60 be b1 4f 3a 00 00 00
                                 002891f1bf30 50 bf f1 91 28 00 00 00 40 9b c2 b1 66 00 00 00
                                 002891f1bf40 00 00 00 00 00 00 00 00 60 be b1 4f 3a 00 00 00
                                 002891f1bf50 70 bf f1 91 28 00 00 00 cc 93 c2 b1 66 00 00 00
                                 002891f1bf60 d0 61 b6 4f 3a 00 00 00 20 60 b6 4f 3a 00 00 00
                                 002891f1bf70 a0 bf f1 91 28 00 00 00 48 eb 0d b3 66 00 00 00
                                 002891f1bf80 00 00 00 00 00 00 00 00 00 00 00 00 00 00 00 00
                                 002891f1bf90 00 00 00 00 00 00 00 00 20 60 b6 4f 3a 00 00 00
                                 002891f1bfa0 d0 bf f1 91 28 00 00 00 24 2b 0e b3 66 00 00 00
                                 002891f1bfb0 00 00 00 00 00 00 00 00 00 00 00 00 00 00 00 00
    TLS Address:                 0000005363d9b200
    TLS Dump:                                 00 01 02 03 04 05 06 07 08 09 0a 0b 0c 0d 0e 0f
                                 005363d9b200 00 00 01 00 09 08 e0 03 80 80 28 00 88 98 f1 91
                                 005363d9b210 53 46 43 4f 00 00 00 00 00 00 00 00 99 5d e2 a4
                                 005363d9b220 00 00 00 00 00 00 00 00 00 00 00 00 00 00 00 00
                                 005363d9b230 00 00 00 00 00 00 00 00 01 00 00 00 00 00 00 00
                                 005363d9b240 01 00 6b 01 06 41 28 c0 b7 87 01 00 00 00 00 00
                                 005363d9b250 28 00 00 00 88 98 f1 91 28 00 28 00 00 00 00 00
                                 005363d9b260 00 00 00 00 00 00 00 00 00 00 00 00 00 00 00 00
                                 005363d9b270 00 00 00 00 00 00 00 00 00 00 00 00 00 00 00 00
                                 005363d9b280 00 00 00 00 00 00 00 00 00 00 00 00 00 00 00 00
                                 005363d9b290 00 00 00 00 00 00 00 00 00 00 00 00 00 00 00 00
                                 005363d9b2a0 00 00 00 00 00 00 00 00 00 00 00 00 00 00 00 00
                                 005363d9b2b0 00 00 00 00 00 00 00 00 00 00 00 00 00 00 00 00
                                 005363d9b2c0 00 00 00 00 00 00 00 00 00 00 00 00 00 00 00 00
                                 005363d9b2d0 00 00 00 00 00 00 00 00 00 00 00 00 00 00 00 00
                                 005363d9b2e0 00 00 00 00 00 00 00 00 00 00 00 00 00 00 00 00
                                 005363d9b2f0 00 00 00 00 00 00 00 00 00 00 00 00 00 00 00 00
Threads[09]:
    Thread ID:                   000000000000035a
    Thread Name:                 CourseDecomp
    Stack Region:                000000287c50f000-000000287c528000
    Registers:
        X[00]:                   0000003a4fb20de8
        X[01]:                   0000003a4fb20df0
        X[02]:                   00000000001301de
        X[03]:                   ffffffffffffffff
        X[04]:                   0000000000000000
        X[05]:                   0000000000000000
        X[06]:                   0000000000000000
        X[07]:                   0000000000000000
        X[08]:                   0000000000000000
        X[09]:                   0000000000000000
        X[10]:                   0000000000000000
        X[11]:                   0000000000000000
        X[12]:                   0000000000000000
        X[13]:                   0000000000000000
        X[14]:                   0000000000000000
        X[15]:                   0000000000000000
        X[16]:                   0000000000000000
        X[17]:                   0000000000000000
        X[18]:                   0000000000000000
        X[19]:                   0000000000000000
        X[20]:                   0000000000000000
        X[21]:                   0000000000000000
        X[22]:                   0000000000000000
        X[23]:                   0000000000000000
        X[24]:                   0000000000000000
        X[25]:                   0000000000000000
        X[26]:                   0000000000000000
        X[27]:                   0000000000000000
        X[28]:                   0000000000000000
        FP:                      000000287c527ee0
        LR:                      00000066b30e39e8 (nnSdk + 0x969e8) (_ZN2nn2os6detail38InternalConditionVariableImplByHorizon4WaitEPNS1_23InternalCriticalSectionE + 0x30)
        SP:                      000000287c527ec0
        PC:                      00000066b30fe56c (nnSdk + 0xb156c)
    Stack Trace:
        ReturnAddress[00]:       00000066b30dbd38 (nnSdk + 0x8ed38) (_ZN2nn2os19ReceiveMessageQueueEPmPNS0_16MessageQueueTypeE + 0x3c)
        ReturnAddress[01]:       00000066b1c29098 (TurboS.nss + 0x625098)
        ReturnAddress[02]:       00000066b1c29b40 (TurboS.nss + 0x625b40)
        ReturnAddress[03]:       00000066b1c293cc (TurboS.nss + 0x6253cc)
        ReturnAddress[04]:       00000066b30deb48 (nnSdk + 0x91b48)
        ReturnAddress[05]:       00000066b30e2b24 (nnSdk + 0x95b24)
        ReturnAddress[06]:       0000000000000000
    Stack Dump:                               00 01 02 03 04 05 06 07 08 09 0a 0b 0c 0d 0e 0f
                                 00287c527ec0 00 00 00 00 00 00 00 00 00 00 00 00 00 00 00 00
                                 00287c527ed0 e8 0d b2 4f 3a 00 00 00 b0 0d b2 4f 3a 00 00 00
                                 00287c527ee0 10 7f 52 7c 28 00 00 00 38 bd 0d b3 66 00 00 00
                                 00287c527ef0 00 00 00 00 00 00 00 00 d4 01 b8 4f 3a 00 00 00
                                 00287c527f00 b0 0d b2 4f 3a 00 00 00 80 0d b2 4f 3a 00 00 00
                                 00287c527f10 30 7f 52 7c 28 00 00 00 98 90 c2 b1 66 00 00 00
                                 00287c527f20 80 0d b2 4f 3a 00 00 00 01 00 00 00 00 00 00 00
                                 00287c527f30 50 7f 52 7c 28 00 00 00 40 9b c2 b1 66 00 00 00
                                 00287c527f40 00 00 00 00 00 00 00 00 80 0d b2 4f 3a 00 00 00
                                 00287c527f50 70 7f 52 7c 28 00 00 00 cc 93 c2 b1 66 00 00 00
                                 00287c527f60 d0 01 b8 4f 3a 00 00 00 20 00 b8 4f 3a 00 00 00
                                 00287c527f70 a0 7f 52 7c 28 00 00 00 48 eb 0d b3 66 00 00 00
                                 00287c527f80 00 00 00 00 00 00 00 00 00 00 00 00 00 00 00 00
                                 00287c527f90 00 00 00 00 00 00 00 00 20 00 b8 4f 3a 00 00 00
                                 00287c527fa0 d0 7f 52 7c 28 00 00 00 24 2b 0e b3 66 00 00 00
                                 00287c527fb0 00 00 00 00 00 00 00 00 00 00 00 00 00 00 00 00
    TLS Address:                 0000005363d9b400
    TLS Dump:                                 00 01 02 03 04 05 06 07 08 09 0a 0b 0c 0d 0e 0f
                                 005363d9b400 00 00 00 00 00 00 00 00 00 00 00 00 00 00 00 00
                                 005363d9b410 00 00 00 00 00 00 00 00 00 00 00 00 00 00 00 00
                                 005363d9b420 00 00 00 00 00 00 00 00 00 00 00 00 00 00 00 00
                                 005363d9b430 00 00 00 00 00 00 00 00 00 00 00 00 00 00 00 00
                                 005363d9b440 00 00 00 00 00 00 00 00 00 00 00 00 00 00 00 00
                                 005363d9b450 00 00 00 00 00 00 00 00 00 00 00 00 00 00 00 00
                                 005363d9b460 00 00 00 00 00 00 00 00 00 00 00 00 00 00 00 00
                                 005363d9b470 00 00 00 00 00 00 00 00 00 00 00 00 00 00 00 00
                                 005363d9b480 00 00 00 00 00 00 00 00 00 00 00 00 00 00 00 00
                                 005363d9b490 00 00 00 00 00 00 00 00 00 00 00 00 00 00 00 00
                                 005363d9b4a0 00 00 00 00 00 00 00 00 00 00 00 00 00 00 00 00
                                 005363d9b4b0 00 00 00 00 00 00 00 00 00 00 00 00 00 00 00 00
                                 005363d9b4c0 00 00 00 00 00 00 00 00 00 00 00 00 00 00 00 00
                                 005363d9b4d0 00 00 00 00 00 00 00 00 00 00 00 00 00 00 00 00
                                 005363d9b4e0 00 00 00 00 00 00 00 00 00 00 00 00 00 00 00 00
                                 005363d9b4f0 00 00 00 00 00 00 00 00 00 00 00 00 00 00 00 00
Threads[10]:
    Thread ID:                   000000000000035b
    Thread Name:                 ContentsThread
    Stack Region:                000000289b03a000-000000289b042000
    Registers:
        X[00]:                   0000003a6369eb10
        X[01]:                   0000003a6369eb18
        X[02]:                   00000000001381dd
        X[03]:                   ffffffffffffffff
        X[04]:                   0000000000000000
        X[05]:                   0000000000000000
        X[06]:                   0000000000000000
        X[07]:                   0000000000000000
        X[08]:                   0000000000000000
        X[09]:                   0000000000000000
        X[10]:                   0000000000000000
        X[11]:                   0000000000000000
        X[12]:                   0000000000000000
        X[13]:                   0000000000000000
        X[14]:                   0000000000000000
        X[15]:                   0000000000000000
        X[16]:                   0000000000000000
        X[17]:                   0000000000000000
        X[18]:                   0000000000000000
        X[19]:                   0000000000000000
        X[20]:                   0000000000000000
        X[21]:                   0000000000000000
        X[22]:                   0000000000000000
        X[23]:                   0000000000000000
        X[24]:                   0000000000000000
        X[25]:                   0000000000000000
        X[26]:                   0000000000000000
        X[27]:                   0000000000000000
        X[28]:                   0000000000000000
        FP:                      000000289b041ee0
        LR:                      00000066b30e39e8 (nnSdk + 0x969e8) (_ZN2nn2os6detail38InternalConditionVariableImplByHorizon4WaitEPNS1_23InternalCriticalSectionE + 0x30)
        SP:                      000000289b041ec0
        PC:                      00000066b30fe56c (nnSdk + 0xb156c)
    Stack Trace:
        ReturnAddress[00]:       00000066b30dbd38 (nnSdk + 0x8ed38) (_ZN2nn2os19ReceiveMessageQueueEPmPNS0_16MessageQueueTypeE + 0x3c)
        ReturnAddress[01]:       00000066b1c29098 (TurboS.nss + 0x625098)
        ReturnAddress[02]:       00000066b1c29b40 (TurboS.nss + 0x625b40)
        ReturnAddress[03]:       00000066b1c293cc (TurboS.nss + 0x6253cc)
        ReturnAddress[04]:       00000066b30deb48 (nnSdk + 0x91b48)
        ReturnAddress[05]:       00000066b30e2b24 (nnSdk + 0x95b24)
        ReturnAddress[06]:       0000000000000000
    Stack Dump:                               00 01 02 03 04 05 06 07 08 09 0a 0b 0c 0d 0e 0f
                                 00289b041ec0 00 00 00 00 00 00 00 00 00 00 00 00 00 00 00 00
                                 00289b041ed0 10 eb 69 63 3a 00 00 00 d8 ea 69 63 3a 00 00 00
                                 00289b041ee0 10 1f 04 9b 28 00 00 00 38 bd 0d b3 66 00 00 00
                                 00289b041ef0 00 00 00 00 00 00 00 00 d4 91 6a 63 3a 00 00 00
                                 00289b041f00 d8 ea 69 63 3a 00 00 00 a8 ea 69 63 3a 00 00 00
                                 00289b041f10 30 1f 04 9b 28 00 00 00 98 90 c2 b1 66 00 00 00
                                 00289b041f20 a8 ea 69 63 3a 00 00 00 a8 ea 69 63 3a 00 00 00
                                 00289b041f30 50 1f 04 9b 28 00 00 00 40 9b c2 b1 66 00 00 00
                                 00289b041f40 00 00 00 00 00 00 00 00 a8 ea 69 63 3a 00 00 00
                                 00289b041f50 70 1f 04 9b 28 00 00 00 cc 93 c2 b1 66 00 00 00
                                 00289b041f60 d0 91 6a 63 3a 00 00 00 20 90 6a 63 3a 00 00 00
                                 00289b041f70 a0 1f 04 9b 28 00 00 00 48 eb 0d b3 66 00 00 00
                                 00289b041f80 00 00 00 00 00 00 00 00 00 00 00 00 00 00 00 00
                                 00289b041f90 00 00 00 00 00 00 00 00 20 90 6a 63 3a 00 00 00
                                 00289b041fa0 d0 1f 04 9b 28 00 00 00 24 2b 0e b3 66 00 00 00
                                 00289b041fb0 00 00 00 00 00 00 00 00 00 00 00 00 00 00 00 00
    TLS Address:                 0000005363d9b600
    TLS Dump:                                 00 01 02 03 04 05 06 07 08 09 0a 0b 0c 0d 0e 0f
                                 005363d9b600 04 00 00 00 08 00 00 00 00 00 00 00 00 00 00 00
                                 005363d9b610 02 00 00 00 a2 00 00 00 00 00 00 00 00 00 00 00
                                 005363d9b620 53 46 43 4f 00 00 00 00 00 00 00 00 3d f9 49 27
                                 005363d9b630 00 00 00 00 00 00 00 00 00 00 00 00 00 00 00 00
                                 005363d9b640 53 46 43 49 00 00 00 00 75 27 00 00 00 00 00 00
                                 005363d9b650 49 f4 4a 00 00 00 00 10 a2 bb 15 d1 90 7b 0b fc
                                 005363d9b660 00 00 00 00 00 00 00 00 00 00 00 00 00 00 00 00
                                 005363d9b670 00 00 00 00 00 00 00 00 00 00 00 00 00 00 00 00
                                 005363d9b680 00 00 00 00 00 00 00 00 00 00 00 00 00 00 00 00
                                 005363d9b690 00 00 00 00 00 00 00 00 00 00 00 00 00 00 00 00
                                 005363d9b6a0 00 00 00 00 00 00 00 00 00 00 00 00 00 00 00 00
                                 005363d9b6b0 00 00 00 00 00 00 00 00 00 00 00 00 00 00 00 00
                                 005363d9b6c0 00 00 00 00 00 00 00 00 00 00 00 00 00 00 00 00
                                 005363d9b6d0 00 00 00 00 00 00 00 00 00 00 00 00 00 00 00 00
                                 005363d9b6e0 00 00 00 00 00 00 00 00 00 00 00 00 00 00 00 00
                                 005363d9b6f0 00 00 00 00 00 00 00 00 00 00 00 00 00 00 00 00
Threads[11]:
    Thread ID:                   000000000000035c
    Thread Name:                 SaveDataManager
    Stack Region:                00000028bd546000-00000028bd55f000
    Registers:
        X[00]:                   0000003a636ac3b8
        X[01]:                   0000003a636ac3c0
        X[02]:                   00000000001401dc
        X[03]:                   ffffffffffffffff
        X[04]:                   0000000000000000
        X[05]:                   0000000000000000
        X[06]:                   0000000000000000
        X[07]:                   0000000000000000
        X[08]:                   0000000000000000
        X[09]:                   0000000000000000
        X[10]:                   0000000000000000
        X[11]:                   0000000000000000
        X[12]:                   0000000000000000
        X[13]:                   0000000000000000
        X[14]:                   0000000000000000
        X[15]:                   0000000000000000
        X[16]:                   0000000000000000
        X[17]:                   0000000000000000
        X[18]:                   0000000000000000
        X[19]:                   0000000000000000
        X[20]:                   0000000000000000
        X[21]:                   0000000000000000
        X[22]:                   0000000000000000
        X[23]:                   0000000000000000
        X[24]:                   0000000000000000
        X[25]:                   0000000000000000
        X[26]:                   0000000000000000
        X[27]:                   0000000000000000
        X[28]:                   0000000000000000
        FP:                      00000028bd55eee0
        LR:                      00000066b30e39e8 (nnSdk + 0x969e8) (_ZN2nn2os6detail38InternalConditionVariableImplByHorizon4WaitEPNS1_23InternalCriticalSectionE + 0x30)
        SP:                      00000028bd55eec0
        PC:                      00000066b30fe56c (nnSdk + 0xb156c)
    Stack Trace:
        ReturnAddress[00]:       00000066b30dbd38 (nnSdk + 0x8ed38) (_ZN2nn2os19ReceiveMessageQueueEPmPNS0_16MessageQueueTypeE + 0x3c)
        ReturnAddress[01]:       00000066b1c29098 (TurboS.nss + 0x625098)
        ReturnAddress[02]:       00000066b1c29b40 (TurboS.nss + 0x625b40)
        ReturnAddress[03]:       00000066b1c293cc (TurboS.nss + 0x6253cc)
        ReturnAddress[04]:       00000066b30deb48 (nnSdk + 0x91b48)
        ReturnAddress[05]:       00000066b30e2b24 (nnSdk + 0x95b24)
        ReturnAddress[06]:       0000000000000000
    Stack Dump:                               00 01 02 03 04 05 06 07 08 09 0a 0b 0c 0d 0e 0f
                                 0028bd55eec0 00 00 00 00 00 00 00 00 20 94 a2 b3 66 00 00 00
                                 0028bd55eed0 b8 c3 6a 63 3a 00 00 00 80 c3 6a 63 3a 00 00 00
                                 0028bd55eee0 10 ef 55 bd 28 00 00 00 38 bd 0d b3 66 00 00 00
                                 0028bd55eef0 00 00 00 00 00 00 00 00 d4 31 79 63 3a 00 00 00
                                 0028bd55ef00 80 c3 6a 63 3a 00 00 00 50 c3 6a 63 3a 00 00 00
                                 0028bd55ef10 30 ef 55 bd 28 00 00 00 98 90 c2 b1 66 00 00 00
                                 0028bd55ef20 80 c3 6a 63 3a 00 00 00 50 c3 6a 63 3a 00 00 00
                                 0028bd55ef30 50 ef 55 bd 28 00 00 00 40 9b c2 b1 66 00 00 00
                                 0028bd55ef40 00 00 00 00 00 00 00 00 50 c3 6a 63 3a 00 00 00
                                 0028bd55ef50 70 ef 55 bd 28 00 00 00 cc 93 c2 b1 66 00 00 00
                                 0028bd55ef60 d0 31 79 63 3a 00 00 00 20 30 79 63 3a 00 00 00
                                 0028bd55ef70 a0 ef 55 bd 28 00 00 00 48 eb 0d b3 66 00 00 00
                                 0028bd55ef80 00 00 00 00 00 00 00 00 00 00 00 00 00 00 00 00
                                 0028bd55ef90 00 00 00 00 00 00 00 00 20 30 79 63 3a 00 00 00
                                 0028bd55efa0 d0 ef 55 bd 28 00 00 00 24 2b 0e b3 66 00 00 00
                                 0028bd55efb0 00 00 00 00 00 00 00 00 00 00 00 00 00 00 00 00
    TLS Address:                 0000005363d9b800
    TLS Dump:                                 00 01 02 03 04 05 06 07 08 09 0a 0b 0c 0d 0e 0f
                                 005363d9b800 00 00 00 00 0c 00 00 00 00 00 00 00 00 00 00 00
                                 005363d9b810 00 00 00 00 00 00 00 00 00 00 00 00 00 00 00 00
                                 005363d9b820 53 46 43 4f 00 00 00 00 00 00 00 00 a1 ea ef 56
                                 005363d9b830 00 00 00 00 00 00 00 00 01 00 00 00 00 00 00 00
                                 005363d9b840 00 00 00 00 00 00 00 00 48 00 00 00 00 00 00 00
                                 005363d9b850 18 3b 01 00 00 00 00 00 00 00 00 00 00 00 00 00
                                 005363d9b860 00 00 00 00 00 00 00 00 00 00 00 00 00 00 00 00
                                 005363d9b870 00 00 00 00 00 00 00 00 00 00 00 00 00 00 00 00
                                 005363d9b880 00 00 00 00 00 00 00 00 00 00 00 00 00 00 00 00
                                 005363d9b890 00 00 00 00 00 00 00 00 00 00 00 00 00 00 00 00
                                 005363d9b8a0 00 00 00 00 00 00 00 00 00 00 00 00 00 00 00 00
                                 005363d9b8b0 00 00 00 00 00 00 00 00 00 00 00 00 00 00 00 00
                                 005363d9b8c0 00 00 00 00 00 00 00 00 00 00 00 00 00 00 00 00
                                 005363d9b8d0 00 00 00 00 00 00 00 00 00 00 00 00 00 00 00 00
                                 005363d9b8e0 00 00 00 00 00 00 00 00 00 00 00 00 00 00 00 00
                                 005363d9b8f0 00 00 00 00 00 00 00 00 00 00 00 00 00 00 00 00
Threads[12]:
    Thread ID:                   000000000000035e
    Thread Name:                 ControllerAppletThread
    Stack Region:                00000028ce09e000-00000028ce0a0000
    Registers:
        X[00]:                   0000000000000000
        X[01]:                   0000000000000000
        X[02]:                   0000000000000000
        X[03]:                   0000000000000000
        X[04]:                   0000000000000000
        X[05]:                   0000000000000000
        X[06]:                   0000000000000000
        X[07]:                   0000000000000000
        X[08]:                   0000000000000000
        X[09]:                   0000000000000000
        X[10]:                   0000000000000000
        X[11]:                   0000000000000000
        X[12]:                   0000000000000000
        X[13]:                   0000000000000000
        X[14]:                   0000000000000000
        X[15]:                   0000000000000000
        X[16]:                   0000000000000000
        X[17]:                   0000000000000000
        X[18]:                   0000000000000000
        X[19]:                   0000000000000000
        X[20]:                   0000000000000000
        X[21]:                   0000000000000000
        X[22]:                   0000000000000000
        X[23]:                   0000000000000000
        X[24]:                   0000000000000000
        X[25]:                   0000000000000000
        X[26]:                   0000000000000000
        X[27]:                   0000000000000000
        X[28]:                   0000000000000000
        FP:                      00000028ce09fcd0
        LR:                      00000066b30926dc (nnSdk + 0x456dc) (_ZN2nn4diag6detail5AbortEv + 0x18)
        SP:                      00000028ce09fcd0
        PC:                      00000066b30fe5d4 (nnSdk + 0xb15d4)
    Stack Trace:
        ReturnAddress[00]:       00000066b30914a8 (nnSdk + 0x444a8) (_ZN2nn4diag6detail9AbortImplEPKcS3_S3_iPKNS_6ResultEPKNS_2os17UserExceptionInfoES3_z + 0x0)
        ReturnAddress[01]:       00000066b3091560 (nnSdk + 0x44560) (_ZN2nn4diag6detail9AbortImplEPKcS3_S3_iS3_z + 0x0)
        ReturnAddress[02]:       00000066b30915f0 (nnSdk + 0x445f0) (_ZN2nn4diag6detail18OnAssertionFailureENS0_13AssertionTypeEPKcS4_S4_iS4_z + 0x0)
        ReturnAddress[03]:       00000066b3201a00 (nnSdk + 0x1b4a00) (_ZN2nn2la22StartLibraryAppletEasyENS_6applet8AppletIdERKNS0_21CommonArgumentsWriterEPKvmPvmPmb + 0x0)
        ReturnAddress[04]:       00000066b329bf70 (nnSdk + 0x24ef70) (_ZN2nn3hid6detail25ShowControllerSupportCoreEPNS0_27ControllerSupportResultInfoERKNS0_20ControllerSupportArgERKNS0_6system27Con + 0xc0)
        ReturnAddress[05]:       00000066b329c1dc (nnSdk + 0x24f1dc) (_ZN2nn3hid21ShowControllerSupportEPNS0_27ControllerSupportResultInfoERKNS0_20ControllerSupportArgE + 0x48)
        ReturnAddress[06]:       00000066b1e71bec (TurboS.nss + 0x86dbec)
        ReturnAddress[07]:       00000066b1c29b34 (TurboS.nss + 0x625b34)
        ReturnAddress[08]:       00000066b1c293cc (TurboS.nss + 0x6253cc)
        ReturnAddress[09]:       00000066b30deb48 (nnSdk + 0x91b48)
        ReturnAddress[10]:       00000066b30e2b24 (nnSdk + 0x95b24)
        ReturnAddress[11]:       0000000000000000
    Stack Dump:                               00 01 02 03 04 05 06 07 08 09 0a 0b 0c 0d 0e 0f
                                 0028ce09fcd0 70 fd 09 ce 28 00 00 00 a8 14 09 b3 66 00 00 00
                                 0028ce09fce0 03 00 00 00 66 00 00 00 50 fd 09 ce 28 00 00 00
                                 0028ce09fcf0 c0 46 7e b3 66 00 00 00 c0 46 7e b3 66 00 00 00
                                 0028ce09fd00 c0 46 7e b3 66 00 00 00 00 00 00 00 00 00 00 00
                                 0028ce09fd10 00 00 00 00 00 00 00 00 00 00 00 00 00 00 00 00
                                 0028ce09fd20 03 00 00 00 66 00 00 00 50 fd 09 ce 28 00 00 00
                                 0028ce09fd30 c0 46 7e b3 66 00 00 00 c0 46 7e b3 66 00 00 00
                                 0028ce09fd40 c0 46 7e b3 66 00 00 00 00 00 00 00 00 00 00 00
                                 0028ce09fd50 c0 46 7e b3 66 00 00 00 10 fe 09 ce 28 00 00 00
                                 0028ce09fd60 2d 1f cc 63 3a 00 00 00 20 c7 9f b3 66 00 00 00
                                 0028ce09fd70 30 fe 09 ce 28 00 00 00 60 15 09 b3 66 00 00 00
                                 0028ce09fd80 00 00 00 00 00 00 00 00 00 00 00 00 00 00 00 00
                                 0028ce09fd90 00 00 00 00 00 00 00 00 00 00 00 00 00 00 00 00
                                 0028ce09fda0 00 00 00 00 00 00 00 00 00 00 00 00 00 00 00 00
                                 0028ce09fdb0 00 00 00 00 00 00 00 00 00 00 00 00 00 00 00 00
                                 0028ce09fdc0 00 00 00 00 00 00 00 00 00 00 00 00 00 00 00 00
    TLS Address:                 0000005363d9ba00
    TLS Dump:                                 00 01 02 03 04 05 06 07 08 09 0a 0b 0c 0d 0e 0f
                                 005363d9ba00 00 00 00 00 0c 00 00 00 00 00 00 00 00 00 00 00
                                 005363d9ba10 00 00 00 00 00 00 00 00 00 00 00 00 00 00 00 00
                                 005363d9ba20 53 46 43 4f 00 00 00 00 00 00 00 00 0e 61 f9 21
                                 005363d9ba30 00 00 00 00 00 00 00 00 0a 00 00 00 00 00 00 00
                                 005363d9ba40 00 00 00 00 00 00 00 00 00 00 00 00 00 00 00 00
                                 005363d9ba50 00 00 00 00 00 00 00 00 00 00 00 00 00 00 00 00
                                 005363d9ba60 00 00 00 00 00 00 00 00 00 00 00 00 00 00 00 00
                                 005363d9ba70 00 00 00 00 00 00 00 00 00 00 00 00 00 00 00 00
                                 005363d9ba80 00 00 00 00 00 00 00 00 00 00 00 00 00 00 00 00
                                 005363d9ba90 00 00 00 00 00 00 00 00 00 00 00 00 00 00 00 00
                                 005363d9baa0 00 00 00 00 00 00 00 00 00 00 00 00 00 00 00 00
                                 005363d9bab0 00 00 00 00 00 00 00 00 00 00 00 00 00 00 00 00
                                 005363d9bac0 00 00 00 00 00 00 00 00 00 00 00 00 00 00 00 00
                                 005363d9bad0 00 00 00 00 00 00 00 00 00 00 00 00 00 00 00 00
                                 005363d9bae0 00 00 00 00 00 00 00 00 00 00 00 00 00 00 00 00
                                 005363d9baf0 00 00 00 00 00 00 00 00 00 00 00 00 00 00 00 00
Threads[13]:
    Thread ID:                   000000000000035f
    Thread Name:                 KeyboardAppletThread
    Stack Region:                000000285c74b000-000000285c74d000
    Registers:
        X[00]:                   0000003a63cc21b8
        X[01]:                   0000003a63cc21c0
        X[02]:                   00000000001501da
        X[03]:                   ffffffffffffffff
        X[04]:                   0000000000000000
        X[05]:                   0000000000000000
        X[06]:                   0000000000000000
        X[07]:                   0000000000000000
        X[08]:                   0000000000000000
        X[09]:                   0000000000000000
        X[10]:                   0000000000000000
        X[11]:                   0000000000000000
        X[12]:                   0000000000000000
        X[13]:                   0000000000000000
        X[14]:                   0000000000000000
        X[15]:                   0000000000000000
        X[16]:                   0000000000000000
        X[17]:                   0000000000000000
        X[18]:                   0000000000000000
        X[19]:                   0000000000000000
        X[20]:                   0000000000000000
        X[21]:                   0000000000000000
        X[22]:                   0000000000000000
        X[23]:                   0000000000000000
        X[24]:                   0000000000000000
        X[25]:                   0000000000000000
        X[26]:                   0000000000000000
        X[27]:                   0000000000000000
        X[28]:                   0000000000000000
        FP:                      000000285c74cee0
        LR:                      00000066b30e39e8 (nnSdk + 0x969e8) (_ZN2nn2os6detail38InternalConditionVariableImplByHorizon4WaitEPNS1_23InternalCriticalSectionE + 0x30)
        SP:                      000000285c74cec0
        PC:                      00000066b30fe56c (nnSdk + 0xb156c)
    Stack Trace:
        ReturnAddress[00]:       00000066b30dbd38 (nnSdk + 0x8ed38) (_ZN2nn2os19ReceiveMessageQueueEPmPNS0_16MessageQueueTypeE + 0x3c)
        ReturnAddress[01]:       00000066b1c29098 (TurboS.nss + 0x625098)
        ReturnAddress[02]:       00000066b1c29b40 (TurboS.nss + 0x625b40)
        ReturnAddress[03]:       00000066b1c293cc (TurboS.nss + 0x6253cc)
        ReturnAddress[04]:       00000066b30deb48 (nnSdk + 0x91b48)
        ReturnAddress[05]:       00000066b30e2b24 (nnSdk + 0x95b24)
        ReturnAddress[06]:       0000000000000000
    Stack Dump:                               00 01 02 03 04 05 06 07 08 09 0a 0b 0c 0d 0e 0f
                                 00285c74cec0 00 00 00 00 00 00 00 00 00 00 00 00 00 00 00 00
                                 00285c74ced0 b8 21 cc 63 3a 00 00 00 80 21 cc 63 3a 00 00 00
                                 00285c74cee0 10 cf 74 5c 28 00 00 00 38 bd 0d b3 66 00 00 00
                                 00285c74cef0 00 00 00 00 00 00 00 00 d4 81 cc 63 3a 00 00 00
                                 00285c74cf00 80 21 cc 63 3a 00 00 00 50 21 cc 63 3a 00 00 00
                                 00285c74cf10 30 cf 74 5c 28 00 00 00 98 90 c2 b1 66 00 00 00
                                 00285c74cf20 00 00 00 00 00 00 00 00 00 00 00 00 00 00 00 00
                                 00285c74cf30 50 cf 74 5c 28 00 00 00 40 9b c2 b1 66 00 00 00
                                 00285c74cf40 00 00 00 00 00 00 00 00 50 21 cc 63 3a 00 00 00
                                 00285c74cf50 70 cf 74 5c 28 00 00 00 cc 93 c2 b1 66 00 00 00
                                 00285c74cf60 d0 81 cc 63 3a 00 00 00 20 80 cc 63 3a 00 00 00
                                 00285c74cf70 a0 cf 74 5c 28 00 00 00 48 eb 0d b3 66 00 00 00
                                 00285c74cf80 00 00 00 00 00 00 00 00 00 00 00 00 00 00 00 00
                                 00285c74cf90 00 00 00 00 00 00 00 00 20 80 cc 63 3a 00 00 00
                                 00285c74cfa0 d0 cf 74 5c 28 00 00 00 24 2b 0e b3 66 00 00 00
                                 00285c74cfb0 00 00 00 00 00 00 00 00 00 00 00 00 00 00 00 00
    TLS Address:                 0000005363d9bc00
    TLS Dump:                                 00 01 02 03 04 05 06 07 08 09 0a 0b 0c 0d 0e 0f
                                 005363d9bc00 00 00 00 00 00 00 00 00 00 00 00 00 00 00 00 00
                                 005363d9bc10 00 00 00 00 00 00 00 00 00 00 00 00 00 00 00 00
                                 005363d9bc20 00 00 00 00 00 00 00 00 00 00 00 00 00 00 00 00
                                 005363d9bc30 00 00 00 00 00 00 00 00 00 00 00 00 00 00 00 00
                                 005363d9bc40 00 00 00 00 00 00 00 00 00 00 00 00 00 00 00 00
                                 005363d9bc50 00 00 00 00 00 00 00 00 00 00 00 00 00 00 00 00
                                 005363d9bc60 00 00 00 00 00 00 00 00 00 00 00 00 00 00 00 00
                                 005363d9bc70 00 00 00 00 00 00 00 00 00 00 00 00 00 00 00 00
                                 005363d9bc80 00 00 00 00 00 00 00 00 00 00 00 00 00 00 00 00
                                 005363d9bc90 00 00 00 00 00 00 00 00 00 00 00 00 00 00 00 00
                                 005363d9bca0 00 00 00 00 00 00 00 00 00 00 00 00 00 00 00 00
                                 005363d9bcb0 00 00 00 00 00 00 00 00 00 00 00 00 00 00 00 00
                                 005363d9bcc0 00 00 00 00 00 00 00 00 00 00 00 00 00 00 00 00
                                 005363d9bcd0 00 00 00 00 00 00 00 00 00 00 00 00 00 00 00 00
                                 005363d9bce0 00 00 00 00 00 00 00 00 00 00 00 00 00 00 00 00
                                 005363d9bcf0 00 00 00 00 00 00 00 00 00 00 00 00 00 00 00 00
Threads[14]:
    Thread ID:                   0000000000000360
    Thread Name:                 OfflineWebAppletThread
    Stack Region:                00000028cd94c000-00000028cd950000
    Registers:
        X[00]:                   0000003a63cc2700
        X[01]:                   0000003a63cc2708
        X[02]:                   00000000001581d9
        X[03]:                   ffffffffffffffff
        X[04]:                   0000000000000000
        X[05]:                   0000000000000000
        X[06]:                   0000000000000000
        X[07]:                   0000000000000000
        X[08]:                   0000000000000000
        X[09]:                   0000000000000000
        X[10]:                   0000000000000000
        X[11]:                   0000000000000000
        X[12]:                   0000000000000000
        X[13]:                   0000000000000000
        X[14]:                   0000000000000000
        X[15]:                   0000000000000000
        X[16]:                   0000000000000000
        X[17]:                   0000000000000000
        X[18]:                   0000000000000000
        X[19]:                   0000000000000000
        X[20]:                   0000000000000000
        X[21]:                   0000000000000000
        X[22]:                   0000000000000000
        X[23]:                   0000000000000000
        X[24]:                   0000000000000000
        X[25]:                   0000000000000000
        X[26]:                   0000000000000000
        X[27]:                   0000000000000000
        X[28]:                   0000000000000000
        FP:                      00000028cd94fee0
        LR:                      00000066b30e39e8 (nnSdk + 0x969e8) (_ZN2nn2os6detail38InternalConditionVariableImplByHorizon4WaitEPNS1_23InternalCriticalSectionE + 0x30)
        SP:                      00000028cd94fec0
        PC:                      00000066b30fe56c (nnSdk + 0xb156c)
    Stack Trace:
        ReturnAddress[00]:       00000066b30dbd38 (nnSdk + 0x8ed38) (_ZN2nn2os19ReceiveMessageQueueEPmPNS0_16MessageQueueTypeE + 0x3c)
        ReturnAddress[01]:       00000066b1c29098 (TurboS.nss + 0x625098)
        ReturnAddress[02]:       00000066b1c29b40 (TurboS.nss + 0x625b40)
        ReturnAddress[03]:       00000066b1c293cc (TurboS.nss + 0x6253cc)
        ReturnAddress[04]:       00000066b30deb48 (nnSdk + 0x91b48)
        ReturnAddress[05]:       00000066b30e2b24 (nnSdk + 0x95b24)
        ReturnAddress[06]:       0000000000000000
    Stack Dump:                               00 01 02 03 04 05 06 07 08 09 0a 0b 0c 0d 0e 0f
                                 0028cd94fec0 00 00 00 00 00 00 00 00 00 00 00 00 00 00 00 00
                                 0028cd94fed0 00 27 cc 63 3a 00 00 00 c8 26 cc 63 3a 00 00 00
                                 0028cd94fee0 10 ff 94 cd 28 00 00 00 38 bd 0d b3 66 00 00 00
                                 0028cd94fef0 00 00 00 00 00 00 00 00 d4 11 cd 63 3a 00 00 00
                                 0028cd94ff00 c8 26 cc 63 3a 00 00 00 98 26 cc 63 3a 00 00 00
                                 0028cd94ff10 30 ff 94 cd 28 00 00 00 98 90 c2 b1 66 00 00 00
                                 0028cd94ff20 00 00 00 00 00 00 00 00 00 00 00 00 00 00 00 00
                                 0028cd94ff30 50 ff 94 cd 28 00 00 00 40 9b c2 b1 66 00 00 00
                                 0028cd94ff40 00 00 00 00 00 00 00 00 98 26 cc 63 3a 00 00 00
                                 0028cd94ff50 70 ff 94 cd 28 00 00 00 cc 93 c2 b1 66 00 00 00
                                 0028cd94ff60 d0 11 cd 63 3a 00 00 00 20 10 cd 63 3a 00 00 00
                                 0028cd94ff70 a0 ff 94 cd 28 00 00 00 48 eb 0d b3 66 00 00 00
                                 0028cd94ff80 00 00 00 00 00 00 00 00 00 00 00 00 00 00 00 00
                                 0028cd94ff90 00 00 00 00 00 00 00 00 20 10 cd 63 3a 00 00 00
                                 0028cd94ffa0 d0 ff 94 cd 28 00 00 00 24 2b 0e b3 66 00 00 00
                                 0028cd94ffb0 00 00 00 00 00 00 00 00 00 00 00 00 00 00 00 00
    TLS Address:                 0000005363d9be00
    TLS Dump:                                 00 01 02 03 04 05 06 07 08 09 0a 0b 0c 0d 0e 0f
                                 005363d9be00 00 00 00 00 00 00 00 00 00 00 00 00 00 00 00 00
                                 005363d9be10 00 00 00 00 00 00 00 00 00 00 00 00 00 00 00 00
                                 005363d9be20 00 00 00 00 00 00 00 00 00 00 00 00 00 00 00 00
                                 005363d9be30 00 00 00 00 00 00 00 00 00 00 00 00 00 00 00 00
                                 005363d9be40 00 00 00 00 00 00 00 00 00 00 00 00 00 00 00 00
                                 005363d9be50 00 00 00 00 00 00 00 00 00 00 00 00 00 00 00 00
                                 005363d9be60 00 00 00 00 00 00 00 00 00 00 00 00 00 00 00 00
                                 005363d9be70 00 00 00 00 00 00 00 00 00 00 00 00 00 00 00 00
                                 005363d9be80 00 00 00 00 00 00 00 00 00 00 00 00 00 00 00 00
                                 005363d9be90 00 00 00 00 00 00 00 00 00 00 00 00 00 00 00 00
                                 005363d9bea0 00 00 00 00 00 00 00 00 00 00 00 00 00 00 00 00
                                 005363d9beb0 00 00 00 00 00 00 00 00 00 00 00 00 00 00 00 00
                                 005363d9bec0 00 00 00 00 00 00 00 00 00 00 00 00 00 00 00 00
                                 005363d9bed0 00 00 00 00 00 00 00 00 00 00 00 00 00 00 00 00
                                 005363d9bee0 00 00 00 00 00 00 00 00 00 00 00 00 00 00 00 00
                                 005363d9bef0 00 00 00 00 00 00 00 00 00 00 00 00 00 00 00 00
Threads[15]:
    Thread ID:                   0000000000000361
    Thread Name:                 MiiEditAppletThread
    Stack Region:                00000028ccb1c000-00000028ccb1d000
    Registers:
        X[00]:                   0000003a63cc27f8
        X[01]:                   0000003a63cc2800
        X[02]:                   00000000001601d8
        X[03]:                   ffffffffffffffff
        X[04]:                   0000000000000000
        X[05]:                   0000000000000000
        X[06]:                   0000000000000000
        X[07]:                   0000000000000000
        X[08]:                   0000000000000000
        X[09]:                   0000000000000000
        X[10]:                   0000000000000000
        X[11]:                   0000000000000000
        X[12]:                   0000000000000000
        X[13]:                   0000000000000000
        X[14]:                   0000000000000000
        X[15]:                   0000000000000000
        X[16]:                   0000000000000000
        X[17]:                   0000000000000000
        X[18]:                   0000000000000000
        X[19]:                   0000000000000000
        X[20]:                   0000000000000000
        X[21]:                   0000000000000000
        X[22]:                   0000000000000000
        X[23]:                   0000000000000000
        X[24]:                   0000000000000000
        X[25]:                   0000000000000000
        X[26]:                   0000000000000000
        X[27]:                   0000000000000000
        X[28]:                   0000000000000000
        FP:                      00000028ccb1cee0
        LR:                      00000066b30e39e8 (nnSdk + 0x969e8) (_ZN2nn2os6detail38InternalConditionVariableImplByHorizon4WaitEPNS1_23InternalCriticalSectionE + 0x30)
        SP:                      00000028ccb1cec0
        PC:                      00000066b30fe56c (nnSdk + 0xb156c)
    Stack Trace:
        ReturnAddress[00]:       00000066b30dbd38 (nnSdk + 0x8ed38) (_ZN2nn2os19ReceiveMessageQueueEPmPNS0_16MessageQueueTypeE + 0x3c)
        ReturnAddress[01]:       00000066b1c29098 (TurboS.nss + 0x625098)
        ReturnAddress[02]:       00000066b1c29b40 (TurboS.nss + 0x625b40)
        ReturnAddress[03]:       00000066b1c293cc (TurboS.nss + 0x6253cc)
        ReturnAddress[04]:       00000066b30deb48 (nnSdk + 0x91b48)
        ReturnAddress[05]:       00000066b30e2b24 (nnSdk + 0x95b24)
        ReturnAddress[06]:       0000000000000000
    Stack Dump:                               00 01 02 03 04 05 06 07 08 09 0a 0b 0c 0d 0e 0f
                                 0028ccb1cec0 00 00 00 00 00 00 00 00 00 00 00 00 00 00 00 00
                                 0028ccb1ced0 f8 27 cc 63 3a 00 00 00 c0 27 cc 63 3a 00 00 00
                                 0028ccb1cee0 10 cf b1 cc 28 00 00 00 38 bd 0d b3 66 00 00 00
                                 0028ccb1cef0 00 00 00 00 00 00 00 00 d4 31 cd 63 3a 00 00 00
                                 0028ccb1cf00 c0 27 cc 63 3a 00 00 00 90 27 cc 63 3a 00 00 00
                                 0028ccb1cf10 30 cf b1 cc 28 00 00 00 98 90 c2 b1 66 00 00 00
                                 0028ccb1cf20 00 00 00 00 00 00 00 00 00 00 00 00 00 00 00 00
                                 0028ccb1cf30 50 cf b1 cc 28 00 00 00 40 9b c2 b1 66 00 00 00
                                 0028ccb1cf40 00 00 00 00 00 00 00 00 90 27 cc 63 3a 00 00 00
                                 0028ccb1cf50 70 cf b1 cc 28 00 00 00 cc 93 c2 b1 66 00 00 00
                                 0028ccb1cf60 d0 31 cd 63 3a 00 00 00 20 30 cd 63 3a 00 00 00
                                 0028ccb1cf70 a0 cf b1 cc 28 00 00 00 48 eb 0d b3 66 00 00 00
                                 0028ccb1cf80 00 00 00 00 00 00 00 00 00 00 00 00 00 00 00 00
                                 0028ccb1cf90 00 00 00 00 00 00 00 00 20 30 cd 63 3a 00 00 00
                                 0028ccb1cfa0 d0 cf b1 cc 28 00 00 00 24 2b 0e b3 66 00 00 00
                                 0028ccb1cfb0 00 00 00 00 00 00 00 00 00 00 00 00 00 00 00 00
    TLS Address:                 00000052d3265000
    TLS Dump:                                 00 01 02 03 04 05 06 07 08 09 0a 0b 0c 0d 0e 0f
                                 0052d3265000 00 00 00 00 00 00 00 00 00 00 00 00 00 00 00 00
                                 0052d3265010 00 00 00 00 00 00 00 00 00 00 00 00 00 00 00 00
                                 0052d3265020 00 00 00 00 00 00 00 00 00 00 00 00 00 00 00 00
                                 0052d3265030 00 00 00 00 00 00 00 00 00 00 00 00 00 00 00 00
                                 0052d3265040 00 00 00 00 00 00 00 00 00 00 00 00 00 00 00 00
                                 0052d3265050 00 00 00 00 00 00 00 00 00 00 00 00 00 00 00 00
                                 0052d3265060 00 00 00 00 00 00 00 00 00 00 00 00 00 00 00 00
                                 0052d3265070 00 00 00 00 00 00 00 00 00 00 00 00 00 00 00 00
                                 0052d3265080 00 00 00 00 00 00 00 00 00 00 00 00 00 00 00 00
                                 0052d3265090 00 00 00 00 00 00 00 00 00 00 00 00 00 00 00 00
                                 0052d32650a0 00 00 00 00 00 00 00 00 00 00 00 00 00 00 00 00
                                 0052d32650b0 00 00 00 00 00 00 00 00 00 00 00 00 00 00 00 00
                                 0052d32650c0 00 00 00 00 00 00 00 00 00 00 00 00 00 00 00 00
                                 0052d32650d0 00 00 00 00 00 00 00 00 00 00 00 00 00 00 00 00
                                 0052d32650e0 00 00 00 00 00 00 00 00 00 00 00 00 00 00 00 00
                                 0052d32650f0 00 00 00 00 00 00 00 00 00 00 00 00 00 00 00 00
Threads[16]:
    Thread ID:                   0000000000000362
    Thread Name:                 ErrorAppletThread
    Stack Region:                00000028c89fa000-00000028c89fb000
    Registers:
        X[00]:                   0000003a63cc28f8
        X[01]:                   0000003a63cc2900
        X[02]:                   00000000001681d7
        X[03]:                   ffffffffffffffff
        X[04]:                   0000000000000000
        X[05]:                   0000000000000000
        X[06]:                   0000000000000000
        X[07]:                   0000000000000000
        X[08]:                   0000000000000000
        X[09]:                   0000000000000000
        X[10]:                   0000000000000000
        X[11]:                   0000000000000000
        X[12]:                   0000000000000000
        X[13]:                   0000000000000000
        X[14]:                   0000000000000000
        X[15]:                   0000000000000000
        X[16]:                   0000000000000000
        X[17]:                   0000000000000000
        X[18]:                   0000000000000000
        X[19]:                   0000000000000000
        X[20]:                   0000000000000000
        X[21]:                   0000000000000000
        X[22]:                   0000000000000000
        X[23]:                   0000000000000000
        X[24]:                   0000000000000000
        X[25]:                   0000000000000000
        X[26]:                   0000000000000000
        X[27]:                   0000000000000000
        X[28]:                   0000000000000000
        FP:                      00000028c89faee0
        LR:                      00000066b30e39e8 (nnSdk + 0x969e8) (_ZN2nn2os6detail38InternalConditionVariableImplByHorizon4WaitEPNS1_23InternalCriticalSectionE + 0x30)
        SP:                      00000028c89faec0
        PC:                      00000066b30fe56c (nnSdk + 0xb156c)
    Stack Trace:
        ReturnAddress[00]:       00000066b30dbd38 (nnSdk + 0x8ed38) (_ZN2nn2os19ReceiveMessageQueueEPmPNS0_16MessageQueueTypeE + 0x3c)
        ReturnAddress[01]:       00000066b1c29098 (TurboS.nss + 0x625098)
        ReturnAddress[02]:       00000066b1c29b40 (TurboS.nss + 0x625b40)
        ReturnAddress[03]:       00000066b1c293cc (TurboS.nss + 0x6253cc)
        ReturnAddress[04]:       00000066b30deb48 (nnSdk + 0x91b48)
        ReturnAddress[05]:       00000066b30e2b24 (nnSdk + 0x95b24)
        ReturnAddress[06]:       0000000000000000
    Stack Dump:                               00 01 02 03 04 05 06 07 08 09 0a 0b 0c 0d 0e 0f
                                 0028c89faec0 00 00 00 00 00 00 00 00 00 00 00 00 00 00 00 00
                                 0028c89faed0 f8 28 cc 63 3a 00 00 00 c0 28 cc 63 3a 00 00 00
                                 0028c89faee0 10 af 9f c8 28 00 00 00 38 bd 0d b3 66 00 00 00
                                 0028c89faef0 00 00 00 00 00 00 00 00 d4 51 cd 63 3a 00 00 00
                                 0028c89faf00 c0 28 cc 63 3a 00 00 00 90 28 cc 63 3a 00 00 00
                                 0028c89faf10 30 af 9f c8 28 00 00 00 98 90 c2 b1 66 00 00 00
                                 0028c89faf20 00 00 00 00 00 00 00 00 00 00 00 00 00 00 00 00
                                 0028c89faf30 50 af 9f c8 28 00 00 00 40 9b c2 b1 66 00 00 00
                                 0028c89faf40 00 00 00 00 00 00 00 00 90 28 cc 63 3a 00 00 00
                                 0028c89faf50 70 af 9f c8 28 00 00 00 cc 93 c2 b1 66 00 00 00
                                 0028c89faf60 d0 51 cd 63 3a 00 00 00 20 50 cd 63 3a 00 00 00
                                 0028c89faf70 a0 af 9f c8 28 00 00 00 48 eb 0d b3 66 00 00 00
                                 0028c89faf80 00 00 00 00 00 00 00 00 00 00 00 00 00 00 00 00
                                 0028c89faf90 00 00 00 00 00 00 00 00 20 50 cd 63 3a 00 00 00
                                 0028c89fafa0 d0 af 9f c8 28 00 00 00 24 2b 0e b3 66 00 00 00
                                 0028c89fafb0 00 00 00 00 00 00 00 00 00 00 00 00 00 00 00 00
    TLS Address:                 00000052d3265200
    TLS Dump:                                 00 01 02 03 04 05 06 07 08 09 0a 0b 0c 0d 0e 0f
                                 0052d3265200 00 00 00 00 00 00 00 00 00 00 00 00 00 00 00 00
                                 0052d3265210 00 00 00 00 00 00 00 00 00 00 00 00 00 00 00 00
                                 0052d3265220 00 00 00 00 00 00 00 00 00 00 00 00 00 00 00 00
                                 0052d3265230 00 00 00 00 00 00 00 00 00 00 00 00 00 00 00 00
                                 0052d3265240 00 00 00 00 00 00 00 00 00 00 00 00 00 00 00 00
                                 0052d3265250 00 00 00 00 00 00 00 00 00 00 00 00 00 00 00 00
                                 0052d3265260 00 00 00 00 00 00 00 00 00 00 00 00 00 00 00 00
                                 0052d3265270 00 00 00 00 00 00 00 00 00 00 00 00 00 00 00 00
                                 0052d3265280 00 00 00 00 00 00 00 00 00 00 00 00 00 00 00 00
                                 0052d3265290 00 00 00 00 00 00 00 00 00 00 00 00 00 00 00 00
                                 0052d32652a0 00 00 00 00 00 00 00 00 00 00 00 00 00 00 00 00
                                 0052d32652b0 00 00 00 00 00 00 00 00 00 00 00 00 00 00 00 00
                                 0052d32652c0 00 00 00 00 00 00 00 00 00 00 00 00 00 00 00 00
                                 0052d32652d0 00 00 00 00 00 00 00 00 00 00 00 00 00 00 00 00
                                 0052d32652e0 00 00 00 00 00 00 00 00 00 00 00 00 00 00 00 00
                                 0052d32652f0 00 00 00 00 00 00 00 00 00 00 00 00 00 00 00 00
Threads[17]:
    Thread ID:                   0000000000000363
    Thread Name:                 NifmAppletThread
    Stack Region:                000000289ca61000-000000289ca63000
    Registers:
        X[00]:                   0000003a63cc2a10
        X[01]:                   0000003a63cc2a18
        X[02]:                   00000000001701d6
        X[03]:                   ffffffffffffffff
        X[04]:                   0000000000000000
        X[05]:                   0000000000000000
        X[06]:                   0000000000000000
        X[07]:                   0000000000000000
        X[08]:                   0000000000000000
        X[09]:                   0000000000000000
        X[10]:                   0000000000000000
        X[11]:                   0000000000000000
        X[12]:                   0000000000000000
        X[13]:                   0000000000000000
        X[14]:                   0000000000000000
        X[15]:                   0000000000000000
        X[16]:                   0000000000000000
        X[17]:                   0000000000000000
        X[18]:                   0000000000000000
        X[19]:                   0000000000000000
        X[20]:                   0000000000000000
        X[21]:                   0000000000000000
        X[22]:                   0000000000000000
        X[23]:                   0000000000000000
        X[24]:                   0000000000000000
        X[25]:                   0000000000000000
        X[26]:                   0000000000000000
        X[27]:                   0000000000000000
        X[28]:                   0000000000000000
        FP:                      000000289ca62ee0
        LR:                      00000066b30e39e8 (nnSdk + 0x969e8) (_ZN2nn2os6detail38InternalConditionVariableImplByHorizon4WaitEPNS1_23InternalCriticalSectionE + 0x30)
        SP:                      000000289ca62ec0
        PC:                      00000066b30fe56c (nnSdk + 0xb156c)
    Stack Trace:
        ReturnAddress[00]:       00000066b30dbd38 (nnSdk + 0x8ed38) (_ZN2nn2os19ReceiveMessageQueueEPmPNS0_16MessageQueueTypeE + 0x3c)
        ReturnAddress[01]:       00000066b1c29098 (TurboS.nss + 0x625098)
        ReturnAddress[02]:       00000066b1c29b40 (TurboS.nss + 0x625b40)
        ReturnAddress[03]:       00000066b1c293cc (TurboS.nss + 0x6253cc)
        ReturnAddress[04]:       00000066b30deb48 (nnSdk + 0x91b48)
        ReturnAddress[05]:       00000066b30e2b24 (nnSdk + 0x95b24)
        ReturnAddress[06]:       0000000000000000
    Stack Dump:                               00 01 02 03 04 05 06 07 08 09 0a 0b 0c 0d 0e 0f
                                 00289ca62ec0 00 00 00 00 00 00 00 00 00 00 00 00 00 00 00 00
                                 00289ca62ed0 10 2a cc 63 3a 00 00 00 d8 29 cc 63 3a 00 00 00
                                 00289ca62ee0 10 2f a6 9c 28 00 00 00 38 bd 0d b3 66 00 00 00
                                 00289ca62ef0 00 00 00 00 00 00 00 00 d4 81 cd 63 3a 00 00 00
                                 00289ca62f00 d8 29 cc 63 3a 00 00 00 a8 29 cc 63 3a 00 00 00
                                 00289ca62f10 30 2f a6 9c 28 00 00 00 98 90 c2 b1 66 00 00 00
                                 00289ca62f20 00 00 00 00 00 00 00 00 00 00 00 00 00 00 00 00
                                 00289ca62f30 50 2f a6 9c 28 00 00 00 40 9b c2 b1 66 00 00 00
                                 00289ca62f40 00 00 00 00 00 00 00 00 a8 29 cc 63 3a 00 00 00
                                 00289ca62f50 70 2f a6 9c 28 00 00 00 cc 93 c2 b1 66 00 00 00
                                 00289ca62f60 d0 81 cd 63 3a 00 00 00 20 80 cd 63 3a 00 00 00
                                 00289ca62f70 a0 2f a6 9c 28 00 00 00 48 eb 0d b3 66 00 00 00
                                 00289ca62f80 00 00 00 00 00 00 00 00 00 00 00 00 00 00 00 00
                                 00289ca62f90 00 00 00 00 00 00 00 00 20 80 cd 63 3a 00 00 00
                                 00289ca62fa0 d0 2f a6 9c 28 00 00 00 24 2b 0e b3 66 00 00 00
                                 00289ca62fb0 00 00 00 00 00 00 00 00 00 00 00 00 00 00 00 00
    TLS Address:                 00000052d3265400
    TLS Dump:                                 00 01 02 03 04 05 06 07 08 09 0a 0b 0c 0d 0e 0f
                                 0052d3265400 00 00 00 00 00 00 00 00 00 00 00 00 00 00 00 00
                                 0052d3265410 00 00 00 00 00 00 00 00 00 00 00 00 00 00 00 00
                                 0052d3265420 00 00 00 00 00 00 00 00 00 00 00 00 00 00 00 00
                                 0052d3265430 00 00 00 00 00 00 00 00 00 00 00 00 00 00 00 00
                                 0052d3265440 00 00 00 00 00 00 00 00 00 00 00 00 00 00 00 00
                                 0052d3265450 00 00 00 00 00 00 00 00 00 00 00 00 00 00 00 00
                                 0052d3265460 00 00 00 00 00 00 00 00 00 00 00 00 00 00 00 00
                                 0052d3265470 00 00 00 00 00 00 00 00 00 00 00 00 00 00 00 00
                                 0052d3265480 00 00 00 00 00 00 00 00 00 00 00 00 00 00 00 00
                                 0052d3265490 00 00 00 00 00 00 00 00 00 00 00 00 00 00 00 00
                                 0052d32654a0 00 00 00 00 00 00 00 00 00 00 00 00 00 00 00 00
                                 0052d32654b0 00 00 00 00 00 00 00 00 00 00 00 00 00 00 00 00
                                 0052d32654c0 00 00 00 00 00 00 00 00 00 00 00 00 00 00 00 00
                                 0052d32654d0 00 00 00 00 00 00 00 00 00 00 00 00 00 00 00 00
                                 0052d32654e0 00 00 00 00 00 00 00 00 00 00 00 00 00 00 00 00
                                 0052d32654f0 00 00 00 00 00 00 00 00 00 00 00 00 00 00 00 00
Threads[18]:
    Thread ID:                   0000000000000364
    Thread Name:                 NSAAppletThread
    Stack Region:                00000028d7d06000-00000028d7d08000
    Registers:
        X[00]:                   0000003a63cc2b10
        X[01]:                   0000003a63cc2b18
        X[02]:                   00000000001781d5
        X[03]:                   ffffffffffffffff
        X[04]:                   0000000000000000
        X[05]:                   0000000000000000
        X[06]:                   0000000000000000
        X[07]:                   0000000000000000
        X[08]:                   0000000000000000
        X[09]:                   0000000000000000
        X[10]:                   0000000000000000
        X[11]:                   0000000000000000
        X[12]:                   0000000000000000
        X[13]:                   0000000000000000
        X[14]:                   0000000000000000
        X[15]:                   0000000000000000
        X[16]:                   0000000000000000
        X[17]:                   0000000000000000
        X[18]:                   0000000000000000
        X[19]:                   0000000000000000
        X[20]:                   0000000000000000
        X[21]:                   0000000000000000
        X[22]:                   0000000000000000
        X[23]:                   0000000000000000
        X[24]:                   0000000000000000
        X[25]:                   0000000000000000
        X[26]:                   0000000000000000
        X[27]:                   0000000000000000
        X[28]:                   0000000000000000
        FP:                      00000028d7d07ee0
        LR:                      00000066b30e39e8 (nnSdk + 0x969e8) (_ZN2nn2os6detail38InternalConditionVariableImplByHorizon4WaitEPNS1_23InternalCriticalSectionE + 0x30)
        SP:                      00000028d7d07ec0
        PC:                      00000066b30fe56c (nnSdk + 0xb156c)
    Stack Trace:
        ReturnAddress[00]:       00000066b30dbd38 (nnSdk + 0x8ed38) (_ZN2nn2os19ReceiveMessageQueueEPmPNS0_16MessageQueueTypeE + 0x3c)
        ReturnAddress[01]:       00000066b1c29098 (TurboS.nss + 0x625098)
        ReturnAddress[02]:       00000066b1c29b40 (TurboS.nss + 0x625b40)
        ReturnAddress[03]:       00000066b1c293cc (TurboS.nss + 0x6253cc)
        ReturnAddress[04]:       00000066b30deb48 (nnSdk + 0x91b48)
        ReturnAddress[05]:       00000066b30e2b24 (nnSdk + 0x95b24)
        ReturnAddress[06]:       0000000000000000
    Stack Dump:                               00 01 02 03 04 05 06 07 08 09 0a 0b 0c 0d 0e 0f
                                 0028d7d07ec0 00 00 00 00 00 00 00 00 00 00 00 00 00 00 00 00
                                 0028d7d07ed0 10 2b cc 63 3a 00 00 00 d8 2a cc 63 3a 00 00 00
                                 0028d7d07ee0 10 7f d0 d7 28 00 00 00 38 bd 0d b3 66 00 00 00
                                 0028d7d07ef0 00 00 00 00 00 00 00 00 d4 b1 cd 63 3a 00 00 00
                                 0028d7d07f00 d8 2a cc 63 3a 00 00 00 a8 2a cc 63 3a 00 00 00
                                 0028d7d07f10 30 7f d0 d7 28 00 00 00 98 90 c2 b1 66 00 00 00
                                 0028d7d07f20 00 00 00 00 00 00 00 00 00 00 00 00 00 00 00 00
                                 0028d7d07f30 50 7f d0 d7 28 00 00 00 40 9b c2 b1 66 00 00 00
                                 0028d7d07f40 00 00 00 00 00 00 00 00 a8 2a cc 63 3a 00 00 00
                                 0028d7d07f50 70 7f d0 d7 28 00 00 00 cc 93 c2 b1 66 00 00 00
                                 0028d7d07f60 d0 b1 cd 63 3a 00 00 00 20 b0 cd 63 3a 00 00 00
                                 0028d7d07f70 a0 7f d0 d7 28 00 00 00 48 eb 0d b3 66 00 00 00
                                 0028d7d07f80 00 00 00 00 00 00 00 00 00 00 00 00 00 00 00 00
                                 0028d7d07f90 00 00 00 00 00 00 00 00 20 b0 cd 63 3a 00 00 00
                                 0028d7d07fa0 d0 7f d0 d7 28 00 00 00 24 2b 0e b3 66 00 00 00
                                 0028d7d07fb0 00 00 00 00 00 00 00 00 00 00 00 00 00 00 00 00
    TLS Address:                 00000052d3265600
    TLS Dump:                                 00 01 02 03 04 05 06 07 08 09 0a 0b 0c 0d 0e 0f
                                 0052d3265600 00 00 00 00 00 00 00 00 00 00 00 00 00 00 00 00
                                 0052d3265610 00 00 00 00 00 00 00 00 00 00 00 00 00 00 00 00
                                 0052d3265620 00 00 00 00 00 00 00 00 00 00 00 00 00 00 00 00
                                 0052d3265630 00 00 00 00 00 00 00 00 00 00 00 00 00 00 00 00
                                 0052d3265640 00 00 00 00 00 00 00 00 00 00 00 00 00 00 00 00
                                 0052d3265650 00 00 00 00 00 00 00 00 00 00 00 00 00 00 00 00
                                 0052d3265660 00 00 00 00 00 00 00 00 00 00 00 00 00 00 00 00
                                 0052d3265670 00 00 00 00 00 00 00 00 00 00 00 00 00 00 00 00
                                 0052d3265680 00 00 00 00 00 00 00 00 00 00 00 00 00 00 00 00
                                 0052d3265690 00 00 00 00 00 00 00 00 00 00 00 00 00 00 00 00
                                 0052d32656a0 00 00 00 00 00 00 00 00 00 00 00 00 00 00 00 00
                                 0052d32656b0 00 00 00 00 00 00 00 00 00 00 00 00 00 00 00 00
                                 0052d32656c0 00 00 00 00 00 00 00 00 00 00 00 00 00 00 00 00
                                 0052d32656d0 00 00 00 00 00 00 00 00 00 00 00 00 00 00 00 00
                                 0052d32656e0 00 00 00 00 00 00 00 00 00 00 00 00 00 00 00 00
                                 0052d32656f0 00 00 00 00 00 00 00 00 00 00 00 00 00 00 00 00
Threads[19]:
    Thread ID:                   0000000000000365
    Thread Name:                 OeMessageDispatchThread
    Stack Region:                00000028ab9ba000-00000028ab9bc000
    Registers:
        X[00]:                   00000000000f4240
        X[01]:                   00000028ab9bbeac
        X[02]:                   00000028ab9bbea8
        X[03]:                   0000000000000000
        X[04]:                   0000000000000000
        X[05]:                   0000000000000000
        X[06]:                   0000000000000000
        X[07]:                   0000000000000000
        X[08]:                   0000000000000000
        X[09]:                   0000000000000000
        X[10]:                   0000000000000000
        X[11]:                   0000000000000000
        X[12]:                   0000000000000000
        X[13]:                   0000000000000000
        X[14]:                   0000000000000000
        X[15]:                   0000000000000000
        X[16]:                   0000000000000000
        X[17]:                   0000000000000000
        X[18]:                   0000000000000000
        X[19]:                   0000000000000000
        X[20]:                   0000000000000000
        X[21]:                   0000000000000000
        X[22]:                   0000000000000000
        X[23]:                   0000000000000000
        X[24]:                   0000000000000000
        X[25]:                   0000000000000000
        X[26]:                   0000000000000000
        X[27]:                   0000000000000000
        X[28]:                   0000000000000000
        FP:                      00000028ab9bbef0
        LR:                      00000066b1403b88 (saltynx_core + 0x3b88)
        SP:                      00000028ab9bbef0
        PC:                      00000066b140da28 (saltynx_core + 0xda28)
    Stack Trace:
        ReturnAddress[00]:       00000066b1eea384 (TurboS.nss + 0x8e6384)
        ReturnAddress[01]:       00000066b1c29b34 (TurboS.nss + 0x625b34)
        ReturnAddress[02]:       00000066b1c293cc (TurboS.nss + 0x6253cc)
        ReturnAddress[03]:       00000066b30deb48 (nnSdk + 0x91b48)
        ReturnAddress[04]:       00000066b30e2b24 (nnSdk + 0x95b24)
        ReturnAddress[05]:       0000000000000000
    Stack Dump:                               00 01 02 03 04 05 06 07 08 09 0a 0b 0c 0d 0e 0f
                                 0028ab9bbef0 30 bf 9b ab 28 00 00 00 84 a3 ee b1 66 00 00 00
                                 0028ab9bbf00 78 b2 ed 63 3a 00 00 00 78 b2 ed 63 3a 00 00 00
                                 0028ab9bbf10 30 bf 9b ab 28 00 00 00 80 90 c2 b1 00 00 00 00
                                 0028ab9bbf20 78 b2 ed 63 3a 00 00 00 00 00 00 00 00 00 00 00
                                 0028ab9bbf30 50 bf 9b ab 28 00 00 00 34 9b c2 b1 66 00 00 00
                                 0028ab9bbf40 00 00 00 00 00 00 00 00 78 b2 ed 63 3a 00 00 00
                                 0028ab9bbf50 70 bf 9b ab 28 00 00 00 cc 93 c2 b1 66 00 00 00
                                 0028ab9bbf60 d0 e1 ed 63 3a 00 00 00 20 e0 ed 63 3a 00 00 00
                                 0028ab9bbf70 a0 bf 9b ab 28 00 00 00 48 eb 0d b3 66 00 00 00
                                 0028ab9bbf80 00 00 00 00 00 00 00 00 00 00 00 00 00 00 00 00
                                 0028ab9bbf90 00 00 00 00 00 00 00 00 20 e0 ed 63 3a 00 00 00
                                 0028ab9bbfa0 d0 bf 9b ab 28 00 00 00 24 2b 0e b3 66 00 00 00
                                 0028ab9bbfb0 00 00 00 00 00 00 00 00 00 00 00 00 00 00 00 00
                                 0028ab9bbfc0 00 00 00 00 00 00 00 00 65 03 00 00 00 00 00 00
                                 0028ab9bbfd0 00 00 00 00 00 00 00 00 00 00 00 00 00 00 00 00
                                 0028ab9bbfe0 e8 ea 0d b3 66 00 00 00 00 00 00 00 00 00 00 00
    TLS Address:                 00000052d3265800
    TLS Dump:                                 00 01 02 03 04 05 06 07 08 09 0a 0b 0c 0d 0e 0f
                                 0052d3265800 00 00 00 00 0d 00 00 00 00 00 00 00 00 00 00 00
                                 0052d3265810 00 00 00 00 00 00 00 00 00 00 00 00 00 00 00 00
                                 0052d3265820 53 46 43 4f 00 00 00 00 00 00 00 00 77 7d f2 32
                                 0052d3265830 00 00 00 00 00 00 00 00 00 00 00 00 00 00 00 00
                                 0052d3265840 00 00 00 00 00 00 00 00 00 00 00 00 00 00 00 00
                                 0052d3265850 00 00 00 00 00 00 00 00 00 00 00 00 00 00 00 00
                                 0052d3265860 00 00 00 00 00 00 00 00 00 00 00 00 00 00 00 00
                                 0052d3265870 00 00 00 00 00 00 00 00 00 00 00 00 00 00 00 00
                                 0052d3265880 00 00 00 00 00 00 00 00 00 00 00 00 00 00 00 00
                                 0052d3265890 00 00 00 00 00 00 00 00 00 00 00 00 00 00 00 00
                                 0052d32658a0 00 00 00 00 00 00 00 00 00 00 00 00 00 00 00 00
                                 0052d32658b0 00 00 00 00 00 00 00 00 00 00 00 00 00 00 00 00
                                 0052d32658c0 00 00 00 00 00 00 00 00 00 00 00 00 00 00 00 00
                                 0052d32658d0 00 00 00 00 00 00 00 00 00 00 00 00 00 00 00 00
                                 0052d32658e0 00 00 00 00 00 00 00 00 00 00 00 00 00 00 00 00
                                 0052d32658f0 00 00 00 00 00 00 00 00 00 00 00 00 00 00 00 00
Threads[20]:
    Thread ID:                   0000000000000366
    Thread Name:                 gear::VibrationThread
    Stack Region:                00000028ac1a0000-00000028ac1f0000
    Registers:
        X[00]:                   00000000004c4b40
        X[01]:                   0000000000017700
        X[02]:                   0000000000000000
        X[03]:                   00000066b1ddb388 (TurboS.nss + 0x7d7388)
        X[04]:                   0000000000000000
        X[05]:                   0000000000000000
        X[06]:                   0000000000000000
        X[07]:                   0000000000000000
        X[08]:                   0000000000000000
        X[09]:                   0000000000000000
        X[10]:                   0000000000000000
        X[11]:                   0000000000000000
        X[12]:                   0000000000000000
        X[13]:                   0000000000000000
        X[14]:                   0000000000000000
        X[15]:                   0000000000000000
        X[16]:                   0000000000000000
        X[17]:                   0000000000000000
        X[18]:                   0000000000000000
        X[19]:                   0000000000000000
        X[20]:                   0000000000000000
        X[21]:                   0000000000000000
        X[22]:                   0000000000000000
        X[23]:                   0000000000000000
        X[24]:                   0000000000000000
        X[25]:                   0000000000000000
        X[26]:                   0000000000000000
        X[27]:                   0000000000000000
        X[28]:                   0000000000000000
        FP:                      00000028ac1eff50
        LR:                      00000066b1c29b34 (TurboS.nss + 0x625b34)
        SP:                      00000028ac1eff40
        PC:                      00000066b30fe49c (nnSdk + 0xb149c)
    Stack Trace:
        ReturnAddress[00]:       00000066b1c293cc (TurboS.nss + 0x6253cc)
        ReturnAddress[01]:       00000066b30deb48 (nnSdk + 0x91b48)
        ReturnAddress[02]:       00000066b30e2b24 (nnSdk + 0x95b24)
        ReturnAddress[03]:       0000000000000000
    Stack Dump:                               00 01 02 03 04 05 06 07 08 09 0a 0b 0c 0d 0e 0f
                                 0028ac1eff00 00 00 00 00 00 00 00 00 00 00 00 00 00 00 00 00
                                 0028ac1eff10 00 00 00 00 00 00 00 00 d4 91 f8 63 3a 00 00 00
                                 0028ac1eff20 90 8a f3 63 3a 00 00 00 60 8a f3 63 3a 00 00 00
                                 0028ac1eff30 50 ff 1e ac 28 00 00 00 34 9b c2 b1 66 00 00 00
                                 0028ac1eff40 00 00 00 00 00 00 00 00 60 8a f3 63 3a 00 00 00
                                 0028ac1eff50 70 ff 1e ac 28 00 00 00 cc 93 c2 b1 66 00 00 00
                                 0028ac1eff60 d0 91 f8 63 3a 00 00 00 20 90 f8 63 3a 00 00 00
                                 0028ac1eff70 a0 ff 1e ac 28 00 00 00 48 eb 0d b3 66 00 00 00
                                 0028ac1eff80 00 00 00 00 00 00 00 00 00 00 00 00 00 00 00 00
                                 0028ac1eff90 00 00 00 00 00 00 00 00 20 90 f8 63 3a 00 00 00
                                 0028ac1effa0 d0 ff 1e ac 28 00 00 00 24 2b 0e b3 66 00 00 00
                                 0028ac1effb0 00 00 00 00 00 00 00 00 00 00 00 00 00 00 00 00
                                 0028ac1effc0 00 00 00 00 00 00 00 00 66 03 00 00 00 00 00 00
                                 0028ac1effd0 00 00 00 00 00 00 00 00 00 00 00 00 00 00 00 00
                                 0028ac1effe0 e8 ea 0d b3 66 00 00 00 00 00 00 00 00 00 00 00
                                 0028ac1efff0 00 00 00 00 00 00 00 00 00 00 00 00 00 00 00 00
    TLS Address:                 00000052d3265a00
    TLS Dump:                                 00 01 02 03 04 05 06 07 08 09 0a 0b 0c 0d 0e 0f
                                 0052d3265a00 00 00 00 00 00 00 00 00 00 00 00 00 00 00 00 00
                                 0052d3265a10 00 00 00 00 00 00 00 00 00 00 00 00 00 00 00 00
                                 0052d3265a20 00 00 00 00 00 00 00 00 00 00 00 00 00 00 00 00
                                 0052d3265a30 00 00 00 00 00 00 00 00 00 00 00 00 00 00 00 00
                                 0052d3265a40 00 00 00 00 00 00 00 00 00 00 00 00 00 00 00 00
                                 0052d3265a50 00 00 00 00 00 00 00 00 00 00 00 00 00 00 00 00
                                 0052d3265a60 00 00 00 00 00 00 00 00 00 00 00 00 00 00 00 00
                                 0052d3265a70 00 00 00 00 00 00 00 00 00 00 00 00 00 00 00 00
                                 0052d3265a80 00 00 00 00 00 00 00 00 00 00 00 00 00 00 00 00
                                 0052d3265a90 00 00 00 00 00 00 00 00 00 00 00 00 00 00 00 00
                                 0052d3265aa0 00 00 00 00 00 00 00 00 00 00 00 00 00 00 00 00
                                 0052d3265ab0 00 00 00 00 00 00 00 00 00 00 00 00 00 00 00 00
                                 0052d3265ac0 00 00 00 00 00 00 00 00 00 00 00 00 00 00 00 00
                                 0052d3265ad0 00 00 00 00 00 00 00 00 00 00 00 00 00 00 00 00
                                 0052d3265ae0 00 00 00 00 00 00 00 00 00 00 00 00 00 00 00 00
                                 0052d3265af0 00 00 00 00 00 00 00 00 00 00 00 00 00 00 00 00
Threads[21]:
    Thread ID:                   0000000000000368
    Thread Name:                 MiiDirectorDelegateThread
    Stack Region:                0000002873b66000-0000002873b76000
    Registers:
        X[00]:                   0000000002dc6c00
        X[01]:                   00000000000e1000
        X[02]:                   0000000000000000
        X[03]:                   00000066b1e1f3c0 (TurboS.nss + 0x81b3c0)
        X[04]:                   0000000000000000
        X[05]:                   0000000000000000
        X[06]:                   0000000000000000
        X[07]:                   0000000000000000
        X[08]:                   0000000000000000
        X[09]:                   0000000000000000
        X[10]:                   0000000000000000
        X[11]:                   0000000000000000
        X[12]:                   0000000000000000
        X[13]:                   0000000000000000
        X[14]:                   0000000000000000
        X[15]:                   0000000000000000
        X[16]:                   0000000000000000
        X[17]:                   0000000000000000
        X[18]:                   0000000000000000
        X[19]:                   0000000000000000
        X[20]:                   0000000000000000
        X[21]:                   0000000000000000
        X[22]:                   0000000000000000
        X[23]:                   0000000000000000
        X[24]:                   0000000000000000
        X[25]:                   0000000000000000
        X[26]:                   0000000000000000
        X[27]:                   0000000000000000
        X[28]:                   0000000000000000
        FP:                      0000002873b75f50
        LR:                      00000066b1c29b34 (TurboS.nss + 0x625b34)
        SP:                      0000002873b75f40
        PC:                      00000066b30fe49c (nnSdk + 0xb149c)
    Stack Trace:
        ReturnAddress[00]:       00000066b1c293cc (TurboS.nss + 0x6253cc)
        ReturnAddress[01]:       00000066b30deb48 (nnSdk + 0x91b48)
        ReturnAddress[02]:       00000066b30e2b24 (nnSdk + 0x95b24)
        ReturnAddress[03]:       0000000000000000
    Stack Dump:                               00 01 02 03 04 05 06 07 08 09 0a 0b 0c 0d 0e 0f
                                 002873b75f00 30 5f b7 73 28 00 00 00 e0 f3 e1 b1 66 00 00 00
                                 002873b75f10 d4 81 d0 74 3a 00 00 00 80 90 c2 b1 66 00 00 00
                                 002873b75f20 50 74 cf 74 3a 00 00 00 20 74 cf 74 3a 00 00 00
                                 002873b75f30 50 5f b7 73 28 00 00 00 34 9b c2 b1 66 00 00 00
                                 002873b75f40 00 00 00 00 00 00 00 00 20 74 cf 74 3a 00 00 00
                                 002873b75f50 70 5f b7 73 28 00 00 00 cc 93 c2 b1 66 00 00 00
                                 002873b75f60 d0 81 d0 74 3a 00 00 00 20 80 d0 74 3a 00 00 00
                                 002873b75f70 a0 5f b7 73 28 00 00 00 48 eb 0d b3 66 00 00 00
                                 002873b75f80 00 00 00 00 00 00 00 00 00 00 00 00 00 00 00 00
                                 002873b75f90 00 00 00 00 00 00 00 00 20 80 d0 74 3a 00 00 00
                                 002873b75fa0 d0 5f b7 73 28 00 00 00 24 2b 0e b3 66 00 00 00
                                 002873b75fb0 00 00 00 00 00 00 00 00 00 00 00 00 00 00 00 00
                                 002873b75fc0 00 00 00 00 00 00 00 00 68 03 00 00 00 00 00 00
                                 002873b75fd0 00 00 00 00 00 00 00 00 00 00 00 00 00 00 00 00
                                 002873b75fe0 e8 ea 0d b3 66 00 00 00 00 00 00 00 00 00 00 00
                                 002873b75ff0 00 00 00 00 00 00 00 00 00 00 00 00 00 00 00 00
    TLS Address:                 00000052d3265c00
    TLS Dump:                                 00 01 02 03 04 05 06 07 08 09 0a 0b 0c 0d 0e 0f
                                 0052d3265c00 00 00 01 00 09 08 e0 03 80 80 28 00 d8 4e b7 73
                                 0052d3265c10 53 46 43 4f 00 00 00 00 00 00 00 00 99 5d e2 a4
                                 0052d3265c20 00 00 00 00 00 00 00 00 00 00 00 00 00 00 00 00
                                 0052d3265c30 00 00 00 00 00 00 00 00 01 00 00 00 00 00 00 00
                                 0052d3265c40 01 00 6b 01 06 41 28 c0 00 00 00 00 00 00 00 00
                                 0052d3265c50 28 00 00 00 d8 4e b7 73 28 00 28 00 00 00 00 00
                                 0052d3265c60 00 00 00 00 00 00 00 00 00 00 00 00 00 00 00 00
                                 0052d3265c70 00 00 00 00 00 00 00 00 00 00 00 00 00 00 00 00
                                 0052d3265c80 00 00 00 00 00 00 00 00 00 00 00 00 00 00 00 00
                                 0052d3265c90 00 00 00 00 00 00 00 00 00 00 00 00 00 00 00 00
                                 0052d3265ca0 00 00 00 00 00 00 00 00 00 00 00 00 00 00 00 00
                                 0052d3265cb0 00 00 00 00 00 00 00 00 00 00 00 00 00 00 00 00
                                 0052d3265cc0 00 00 00 00 00 00 00 00 00 00 00 00 00 00 00 00
                                 0052d3265cd0 00 00 00 00 00 00 00 00 00 00 00 00 00 00 00 00
                                 0052d3265ce0 00 00 00 00 00 00 00 00 00 00 00 00 00 00 00 00
                                 0052d3265cf0 00 00 00 00 00 00 00 00 00 00 00 00 00 00 00 00
Threads[22]:
    Thread ID:                   0000000000000369
    Thread Name:                 gsys::MiiResource
    Stack Region:                00000028aec09000-00000028aec29000
    Registers:
        X[00]:                   0000000000f42400
        X[01]:                   000000000004b000
        X[02]:                   0000000000000000
        X[03]:                   00000066b1e226ec (TurboS.nss + 0x81e6ec)
        X[04]:                   0000000000000000
        X[05]:                   0000000000000000
        X[06]:                   0000000000000000
        X[07]:                   0000000000000000
        X[08]:                   0000000000000000
        X[09]:                   0000000000000000
        X[10]:                   0000000000000000
        X[11]:                   0000000000000000
        X[12]:                   0000000000000000
        X[13]:                   0000000000000000
        X[14]:                   0000000000000000
        X[15]:                   0000000000000000
        X[16]:                   0000000000000000
        X[17]:                   0000000000000000
        X[18]:                   0000000000000000
        X[19]:                   0000000000000000
        X[20]:                   0000000000000000
        X[21]:                   0000000000000000
        X[22]:                   0000000000000000
        X[23]:                   0000000000000000
        X[24]:                   0000000000000000
        X[25]:                   0000000000000000
        X[26]:                   0000000000000000
        X[27]:                   0000000000000000
        X[28]:                   0000000000000000
        FP:                      00000028aec28f50
        LR:                      00000066b1c29b34 (TurboS.nss + 0x625b34)
        SP:                      00000028aec28f40
        PC:                      00000066b30fe49c (nnSdk + 0xb149c)
    Stack Trace:
        ReturnAddress[00]:       00000066b1c293cc (TurboS.nss + 0x6253cc)
        ReturnAddress[01]:       00000066b30deb48 (nnSdk + 0x91b48)
        ReturnAddress[02]:       00000066b30e2b24 (nnSdk + 0x95b24)
        ReturnAddress[03]:       0000000000000000
    Stack Dump:                               00 01 02 03 04 05 06 07 08 09 0a 0b 0c 0d 0e 0f
                                 0028aec28f00 30 8f c2 ae 28 00 00 00 0c 27 e2 b1 66 00 00 00
                                 0028aec28f10 d4 81 f6 74 3a 00 00 00 80 90 c2 b1 66 00 00 00
                                 0028aec28f20 b8 73 f4 74 3a 00 00 00 88 73 f4 74 3a 00 00 00
                                 0028aec28f30 50 8f c2 ae 28 00 00 00 34 9b c2 b1 66 00 00 00
                                 0028aec28f40 00 00 00 00 00 00 00 00 88 73 f4 74 3a 00 00 00
                                 0028aec28f50 70 8f c2 ae 28 00 00 00 cc 93 c2 b1 66 00 00 00
                                 0028aec28f60 d0 81 f6 74 3a 00 00 00 20 80 f6 74 3a 00 00 00
                                 0028aec28f70 a0 8f c2 ae 28 00 00 00 48 eb 0d b3 66 00 00 00
                                 0028aec28f80 00 00 00 00 00 00 00 00 00 00 00 00 00 00 00 00
                                 0028aec28f90 00 00 00 00 00 00 00 00 20 80 f6 74 3a 00 00 00
                                 0028aec28fa0 d0 8f c2 ae 28 00 00 00 24 2b 0e b3 66 00 00 00
                                 0028aec28fb0 00 00 00 00 00 00 00 00 00 00 00 00 00 00 00 00
                                 0028aec28fc0 00 00 00 00 00 00 00 00 69 03 00 00 00 00 00 00
                                 0028aec28fd0 00 00 00 00 00 00 00 00 00 00 00 00 00 00 00 00
                                 0028aec28fe0 e8 ea 0d b3 66 00 00 00 00 00 00 00 00 00 00 00
                                 0028aec28ff0 00 00 00 00 00 00 00 00 00 00 00 00 00 00 00 00
    TLS Address:                 00000052d3265e00
    TLS Dump:                                 00 01 02 03 04 05 06 07 08 09 0a 0b 0c 0d 0e 0f
                                 0052d3265e00 00 00 01 00 09 08 e0 03 80 80 18 00 98 8d c2 ae
                                 0052d3265e10 53 46 43 4f 00 00 00 00 00 00 00 00 99 5d e2 a4
                                 0052d3265e20 00 00 00 00 00 00 00 00 00 00 00 00 00 00 00 00
                                 0052d3265e30 00 00 00 00 00 00 00 00 01 00 00 00 00 00 00 00
                                 0052d3265e40 02 00 6b 01 05 01 18 c0 00 00 00 00 00 00 00 00
                                 0052d3265e50 18 00 00 00 98 8d c2 ae 28 00 18 00 00 00 00 00
                                 0052d3265e60 00 00 00 00 00 00 00 00 00 00 00 00 00 00 00 00
                                 0052d3265e70 00 00 00 00 00 00 00 00 00 00 00 00 00 00 00 00
                                 0052d3265e80 00 00 00 00 00 00 00 00 00 00 00 00 00 00 00 00
                                 0052d3265e90 00 00 00 00 00 00 00 00 00 00 00 00 00 00 00 00
                                 0052d3265ea0 00 00 00 00 00 00 00 00 00 00 00 00 00 00 00 00
                                 0052d3265eb0 00 00 00 00 00 00 00 00 00 00 00 00 00 00 00 00
                                 0052d3265ec0 00 00 00 00 00 00 00 00 00 00 00 00 00 00 00 00
                                 0052d3265ed0 00 00 00 00 00 00 00 00 00 00 00 00 00 00 00 00
                                 0052d3265ee0 00 00 00 00 00 00 00 00 00 00 00 00 00 00 00 00
                                 0052d3265ef0 00 00 00 00 00 00 00 00 00 00 00 00 00 00 00 00
Threads[23]:
    Thread ID:                   000000000000036a
    Stack Region:                0000002863830000-0000002863840000
    Registers:
        X[00]:                   0000003a7c22e020
        X[01]:                   0000000000000000
        X[02]:                   0000000000000000
        X[03]:                   0000000000000000
        X[04]:                   0000000000000000
        X[05]:                   0000000000000000
        X[06]:                   0000000000000000
        X[07]:                   0000000000000000
        X[08]:                   0000000000000000
        X[09]:                   0000000000000000
        X[10]:                   0000000000000000
        X[11]:                   0000000000000000
        X[12]:                   0000000000000000
        X[13]:                   0000000000000000
        X[14]:                   0000000000000000
        X[15]:                   0000000000000000
        X[16]:                   0000000000000000
        X[17]:                   0000000000000000
        X[18]:                   5669d801bed888ed
        X[19]:                   0000000000000000
        X[20]:                   0000000000000000
        X[21]:                   0000000000000000
        X[22]:                   0000000000000000
        X[23]:                   0000000000000000
        X[24]:                   0000000000000000
        X[25]:                   0000000000000000
        X[26]:                   0000000000000000
        X[27]:                   0000000000000000
        X[28]:                   0000000000000000
        FP:                      0000000000000000
        LR:                      0000000000000000
        SP:                      000000286383ffe0
        PC:                      00000066b30e2aac (nnSdk + 0x95aac)
    Stack Dump:                               00 01 02 03 04 05 06 07 08 09 0a 0b 0c 0d 0e 0f
                                 00286383ff00 00 00 00 00 00 00 00 00 00 00 00 00 00 00 00 00
                                 00286383ff10 00 00 00 00 00 00 00 00 00 00 00 00 00 00 00 00
                                 00286383ff20 00 00 00 00 00 00 00 00 00 00 00 00 00 00 00 00
                                 00286383ff30 00 00 00 00 00 00 00 00 00 00 00 00 00 00 00 00
                                 00286383ff40 00 00 00 00 00 00 00 00 00 00 00 00 00 00 00 00
                                 00286383ff50 00 00 00 00 00 00 00 00 00 00 00 00 00 00 00 00
                                 00286383ff60 00 00 00 00 00 00 00 00 00 00 00 00 00 00 00 00
                                 00286383ff70 00 00 00 00 00 00 00 00 00 00 00 00 00 00 00 00
                                 00286383ff80 00 00 00 00 00 00 00 00 00 00 00 00 00 00 00 00
                                 00286383ff90 00 00 00 00 00 00 00 00 00 00 00 00 00 00 00 00
                                 00286383ffa0 00 00 00 00 00 00 00 00 00 00 00 00 00 00 00 00
                                 00286383ffb0 00 00 00 00 00 00 00 00 00 00 00 00 00 00 00 00
                                 00286383ffc0 00 00 00 00 00 00 00 00 00 00 00 00 00 00 00 00
                                 00286383ffd0 00 00 00 00 00 00 00 00 00 00 00 00 00 00 00 00
                                 00286383ffe0 e8 ea 0d b3 66 00 00 00 00 00 00 00 00 00 00 00
                                 00286383fff0 00 00 00 00 00 00 00 00 00 00 00 00 00 00 00 00
Threads[24]:
    Thread ID:                   000000000000036b
    Thread Name:                 enl::TaskThread
    Stack Region:                000000286e81a000-000000286e82a000
    Registers:
        X[00]:                   0000003a7d6d3b08
        X[01]:                   0000000000000002
        X[02]:                   0000000000000001
        X[03]:                   000000000bebc163
        X[04]:                   0000000000000000
        X[05]:                   0000000000000000
        X[06]:                   0000000000000000
        X[07]:                   0000000000000000
        X[08]:                   0000000000000000
        X[09]:                   0000000000000000
        X[10]:                   0000000000000000
        X[11]:                   0000000000000000
        X[12]:                   0000000000000000
        X[13]:                   0000000000000000
        X[14]:                   0000000000000000
        X[15]:                   0000000000000000
        X[16]:                   0000000000000000
        X[17]:                   0000000000000000
        X[18]:                   0000000000000000
        X[19]:                   0000000000000000
        X[20]:                   0000000000000000
        X[21]:                   0000000000000000
        X[22]:                   0000000000000000
        X[23]:                   0000000000000000
        X[24]:                   0000000000000000
        X[25]:                   0000000000000000
        X[26]:                   0000000000000000
        X[27]:                   0000000000000000
        X[28]:                   0000000000000000
        FP:                      000000286e829ef0
        LR:                      00000066b30da9f8 (nnSdk + 0x8d9f8) (_ZN2nn2os6detail23TimedWaitLightEventImplEPNS0_14LightEventTypeENS_8TimeSpanE + 0xc8)
        SP:                      000000286e829eb0
        PC:                      00000066b30fe664 (nnSdk + 0xb1664)
    Stack Trace:
        ReturnAddress[00]:       00000066b1b587b0 (TurboS.nss + 0x5547b0)
        ReturnAddress[01]:       00000066b1c29b34 (TurboS.nss + 0x625b34)
        ReturnAddress[02]:       00000066b1c293cc (TurboS.nss + 0x6253cc)
        ReturnAddress[03]:       00000066b30deb48 (nnSdk + 0x91b48)
        ReturnAddress[04]:       00000066b30e2b24 (nnSdk + 0x95b24)
        ReturnAddress[05]:       0000000000000000
    Stack Dump:                               00 01 02 03 04 05 06 07 08 09 0a 0b 0c 0d 0e 0f
                                 00286e829eb0 20 b0 cc 7c 3a 00 00 00 13 16 13 a7 01 00 00 00
                                 00286e829ec0 00 00 00 00 00 00 00 00 00 00 00 00 00 00 00 00
                                 00286e829ed0 00 00 00 00 00 00 00 00 d4 b1 cc 7c 3a 00 00 00
                                 00286e829ee0 00 00 00 00 00 00 00 00 70 38 6d 7d 3a 00 00 00
                                 00286e829ef0 30 9f 82 6e 28 00 00 00 b0 87 b5 b1 66 00 00 00
                                 00286e829f00 a0 38 6d 7d 3a 00 00 00 70 38 6d 7d 3a 00 00 00
                                 00286e829f10 00 00 00 00 00 00 00 00 d4 b1 cc 7c 3a 00 00 00
                                 00286e829f20 a0 38 6d 7d 3a 00 00 00 70 38 6d 7d 3a 00 00 00
                                 00286e829f30 50 9f 82 6e 28 00 00 00 34 9b c2 b1 66 00 00 00
                                 00286e829f40 00 00 00 00 00 00 00 00 70 38 6d 7d 3a 00 00 00
                                 00286e829f50 70 9f 82 6e 28 00 00 00 cc 93 c2 b1 66 00 00 00
                                 00286e829f60 d0 b1 cc 7c 3a 00 00 00 20 b0 cc 7c 3a 00 00 00
                                 00286e829f70 a0 9f 82 6e 28 00 00 00 48 eb 0d b3 66 00 00 00
                                 00286e829f80 00 00 00 00 00 00 00 00 00 00 00 00 00 00 00 00
                                 00286e829f90 00 00 00 00 00 00 00 00 20 b0 cc 7c 3a 00 00 00
                                 00286e829fa0 d0 9f 82 6e 28 00 00 00 24 2b 0e b3 66 00 00 00
    TLS Address:                 0000004ddabe3200
    TLS Dump:                                 00 01 02 03 04 05 06 07 08 09 0a 0b 0c 0d 0e 0f
                                 004ddabe3200 00 00 00 00 00 00 00 00 00 00 00 00 00 00 00 00
                                 004ddabe3210 00 00 00 00 00 00 00 00 00 00 00 00 00 00 00 00
                                 004ddabe3220 00 00 00 00 00 00 00 00 00 00 00 00 00 00 00 00
                                 004ddabe3230 00 00 00 00 00 00 00 00 00 00 00 00 00 00 00 00
                                 004ddabe3240 00 00 00 00 00 00 00 00 00 00 00 00 00 00 00 00
                                 004ddabe3250 00 00 00 00 00 00 00 00 00 00 00 00 00 00 00 00
                                 004ddabe3260 00 00 00 00 00 00 00 00 00 00 00 00 00 00 00 00
                                 004ddabe3270 00 00 00 00 00 00 00 00 00 00 00 00 00 00 00 00
                                 004ddabe3280 00 00 00 00 00 00 00 00 00 00 00 00 00 00 00 00
                                 004ddabe3290 00 00 00 00 00 00 00 00 00 00 00 00 00 00 00 00
                                 004ddabe32a0 00 00 00 00 00 00 00 00 00 00 00 00 00 00 00 00
                                 004ddabe32b0 00 00 00 00 00 00 00 00 00 00 00 00 00 00 00 00
                                 004ddabe32c0 00 00 00 00 00 00 00 00 00 00 00 00 00 00 00 00
                                 004ddabe32d0 00 00 00 00 00 00 00 00 00 00 00 00 00 00 00 00
                                 004ddabe32e0 00 00 00 00 00 00 00 00 00 00 00 00 00 00 00 00
                                 004ddabe32f0 00 00 00 00 00 00 00 00 00 00 00 00 00 00 00 00
Threads[25]:
    Thread ID:                   000000000000036c
    Thread Name:                 Pia BackgroundScheduler
    Stack Region:                00000028c7b17000-00000028c7b1c000
    Registers:
        X[00]:                   0000003a7d094574
        X[01]:                   0000003a7d094578
        X[02]:                   00000000001d01cb
        X[03]:                   ffffffffffffffff
        X[04]:                   0000000000000000
        X[05]:                   0000000000000000
        X[06]:                   0000000000000000
        X[07]:                   0000000000000000
        X[08]:                   0000000000000000
        X[09]:                   0000000000000000
        X[10]:                   0000000000000000
        X[11]:                   0000000000000000
        X[12]:                   0000000000000000
        X[13]:                   0000000000000000
        X[14]:                   0000000000000000
        X[15]:                   0000000000000000
        X[16]:                   0000000000000000
        X[17]:                   0000000000000000
        X[18]:                   0000000000000000
        X[19]:                   0000000000000000
        X[20]:                   0000000000000000
        X[21]:                   0000000000000000
        X[22]:                   0000000000000000
        X[23]:                   0000000000000000
        X[24]:                   0000000000000000
        X[25]:                   0000000000000000
        X[26]:                   0000000000000000
        X[27]:                   0000000000000000
        X[28]:                   0000000000000000
        FP:                      00000028c7b1beb0
        LR:                      00000066b30e39e8 (nnSdk + 0x969e8) (_ZN2nn2os6detail38InternalConditionVariableImplByHorizon4WaitEPNS1_23InternalCriticalSectionE + 0x30)
        SP:                      00000028c7b1be90
        PC:                      00000066b30fe56c (nnSdk + 0xb156c)
    Stack Trace:
        ReturnAddress[00]:       00000066b30da424 (nnSdk + 0x8d424) (_ZN2nn2os9WaitEventEPNS0_9EventTypeE + 0x48)
        ReturnAddress[01]:       00000066b1b68188 (TurboS.nss + 0x564188)
        ReturnAddress[02]:       00000066b1b72cf0 (TurboS.nss + 0x56ecf0)
        ReturnAddress[03]:       00000066b1b73614 (TurboS.nss + 0x56f614)
        ReturnAddress[04]:       00000066b30deb48 (nnSdk + 0x91b48)
        ReturnAddress[05]:       00000066b30e2b24 (nnSdk + 0x95b24)
        ReturnAddress[06]:       0000000000000000
    Stack Dump:                               00 01 02 03 04 05 06 07 08 09 0a 0b 0c 0d 0e 0f
                                 0028c7b1be90 58 45 09 7d 3a 00 00 00 38 44 09 7d 3a 00 00 00
                                 0028c7b1bea0 58 45 09 7d 3a 00 00 00 74 45 09 7d 3a 00 00 00
                                 0028c7b1beb0 e0 be b1 c7 28 00 00 00 24 a4 0d b3 66 00 00 00
                                 0028c7b1bec0 88 45 09 7d 3a 00 00 00 18 44 09 7d 3a 00 00 00
                                 0028c7b1bed0 38 44 09 7d 3a 00 00 00 d0 43 09 7d 3a 00 00 00
                                 0028c7b1bee0 30 bf b1 c7 28 00 00 00 88 81 b6 b1 66 00 00 00
                                 0028c7b1bef0 00 00 00 00 00 00 00 00 00 00 00 00 00 00 00 00
                                 0028c7b1bf00 00 00 00 00 00 00 00 00 00 00 00 00 00 00 00 00
                                 0028c7b1bf10 00 00 00 00 00 00 00 00 d4 a1 09 7d 3a 00 00 00
                                 0028c7b1bf20 68 44 09 7d 3a 00 00 00 38 44 09 7d 3a 00 00 00
                                 0028c7b1bf30 50 bf b1 c7 28 00 00 00 f0 2c b7 b1 66 00 00 00
                                 0028c7b1bf40 1e 00 00 00 00 00 00 00 38 44 09 7d 3a 00 00 00
                                 0028c7b1bf50 70 bf b1 c7 28 00 00 00 14 36 b7 b1 66 00 00 00
                                 0028c7b1bf60 d0 a1 09 7d 3a 00 00 00 20 a0 09 7d 3a 00 00 00
                                 0028c7b1bf70 a0 bf b1 c7 28 00 00 00 48 eb 0d b3 66 00 00 00
                                 0028c7b1bf80 00 00 00 00 00 00 00 00 00 00 00 00 00 00 00 00
    TLS Address:                 0000004ddabe3400
    TLS Dump:                                 00 01 02 03 04 05 06 07 08 09 0a 0b 0c 0d 0e 0f
                                 004ddabe3400 00 00 00 00 00 00 00 00 00 00 00 00 00 00 00 00
                                 004ddabe3410 00 00 00 00 00 00 00 00 00 00 00 00 00 00 00 00
                                 004ddabe3420 00 00 00 00 00 00 00 00 00 00 00 00 00 00 00 00
                                 004ddabe3430 00 00 00 00 00 00 00 00 00 00 00 00 00 00 00 00
                                 004ddabe3440 00 00 00 00 00 00 00 00 00 00 00 00 00 00 00 00
                                 004ddabe3450 00 00 00 00 00 00 00 00 00 00 00 00 00 00 00 00
                                 004ddabe3460 00 00 00 00 00 00 00 00 00 00 00 00 00 00 00 00
                                 004ddabe3470 00 00 00 00 00 00 00 00 00 00 00 00 00 00 00 00
                                 004ddabe3480 00 00 00 00 00 00 00 00 00 00 00 00 00 00 00 00
                                 004ddabe3490 00 00 00 00 00 00 00 00 00 00 00 00 00 00 00 00
                                 004ddabe34a0 00 00 00 00 00 00 00 00 00 00 00 00 00 00 00 00
                                 004ddabe34b0 00 00 00 00 00 00 00 00 00 00 00 00 00 00 00 00
                                 004ddabe34c0 00 00 00 00 00 00 00 00 00 00 00 00 00 00 00 00
                                 004ddabe34d0 00 00 00 00 00 00 00 00 00 00 00 00 00 00 00 00
                                 004ddabe34e0 00 00 00 00 00 00 00 00 00 00 00 00 00 00 00 00
                                 004ddabe34f0 00 00 00 00 00 00 00 00 00 00 00 00 00 00 00 00
Threads[26]:
    Thread ID:                   000000000000036d
    Thread Name:                 Network::Send
    Stack Region:                00000028b361c000-00000028b3624000
    Registers:
        X[00]:                   0000003a7c3b4fa8
        X[01]:                   0000003a7c3b4fb0
        X[02]:                   00000000001e01c9
        X[03]:                   ffffffffffffffff
        X[04]:                   0000000000000000
        X[05]:                   0000000000000000
        X[06]:                   0000000000000000
        X[07]:                   0000000000000000
        X[08]:                   0000000000000000
        X[09]:                   0000000000000000
        X[10]:                   0000000000000000
        X[11]:                   0000000000000000
        X[12]:                   0000000000000000
        X[13]:                   0000000000000000
        X[14]:                   0000000000000000
        X[15]:                   0000000000000000
        X[16]:                   0000000000000000
        X[17]:                   0000000000000000
        X[18]:                   0000000000000000
        X[19]:                   0000000000000000
        X[20]:                   0000000000000000
        X[21]:                   0000000000000000
        X[22]:                   0000000000000000
        X[23]:                   0000000000000000
        X[24]:                   0000000000000000
        X[25]:                   0000000000000000
        X[26]:                   0000000000000000
        X[27]:                   0000000000000000
        X[28]:                   0000000000000000
        FP:                      00000028b3623ee0
        LR:                      00000066b30e39e8 (nnSdk + 0x969e8) (_ZN2nn2os6detail38InternalConditionVariableImplByHorizon4WaitEPNS1_23InternalCriticalSectionE + 0x30)
        SP:                      00000028b3623ec0
        PC:                      00000066b30fe56c (nnSdk + 0xb156c)
    Stack Trace:
        ReturnAddress[00]:       00000066b30dbd38 (nnSdk + 0x8ed38) (_ZN2nn2os19ReceiveMessageQueueEPmPNS0_16MessageQueueTypeE + 0x3c)
        ReturnAddress[01]:       00000066b1c29098 (TurboS.nss + 0x625098)
        ReturnAddress[02]:       00000066b1c29b40 (TurboS.nss + 0x625b40)
        ReturnAddress[03]:       00000066b1c293cc (TurboS.nss + 0x6253cc)
        ReturnAddress[04]:       00000066b30deb48 (nnSdk + 0x91b48)
        ReturnAddress[05]:       00000066b30e2b24 (nnSdk + 0x95b24)
        ReturnAddress[06]:       0000000000000000
    Stack Dump:                               00 01 02 03 04 05 06 07 08 09 0a 0b 0c 0d 0e 0f
                                 0028b3623ec0 20 20 ad 7d 3a 00 00 00 c0 71 1f 7c 3a 00 00 00
                                 0028b3623ed0 a8 4f 3b 7c 3a 00 00 00 70 4f 3b 7c 3a 00 00 00
                                 0028b3623ee0 10 3f 62 b3 28 00 00 00 38 bd 0d b3 66 00 00 00
                                 0028b3623ef0 00 00 00 00 00 00 00 00 d4 21 ad 7d 3a 00 00 00
                                 0028b3623f00 70 4f 3b 7c 3a 00 00 00 40 4f 3b 7c 3a 00 00 00
                                 0028b3623f10 30 3f 62 b3 28 00 00 00 98 90 c2 b1 66 00 00 00
                                 0028b3623f20 70 4f 3b 7c 3a 00 00 00 40 4f 3b 7c 3a 00 00 00
                                 0028b3623f30 50 3f 62 b3 28 00 00 00 40 9b c2 b1 66 00 00 00
                                 0028b3623f40 00 00 00 00 00 00 00 00 40 4f 3b 7c 3a 00 00 00
                                 0028b3623f50 70 3f 62 b3 28 00 00 00 cc 93 c2 b1 66 00 00 00
                                 0028b3623f60 d0 21 ad 7d 3a 00 00 00 20 20 ad 7d 3a 00 00 00
                                 0028b3623f70 a0 3f 62 b3 28 00 00 00 48 eb 0d b3 66 00 00 00
                                 0028b3623f80 00 00 00 00 00 00 00 00 00 00 00 00 00 00 00 00
                                 0028b3623f90 00 00 00 00 00 00 00 00 20 20 ad 7d 3a 00 00 00
                                 0028b3623fa0 d0 3f 62 b3 28 00 00 00 24 2b 0e b3 66 00 00 00
                                 0028b3623fb0 00 00 00 00 00 00 00 00 00 00 00 00 00 00 00 00
    TLS Address:                 0000004ddabe3600
    TLS Dump:                                 00 01 02 03 04 05 06 07 08 09 0a 0b 0c 0d 0e 0f
                                 004ddabe3600 00 00 00 00 00 00 00 00 00 00 00 00 00 00 00 00
                                 004ddabe3610 00 00 00 00 00 00 00 00 00 00 00 00 00 00 00 00
                                 004ddabe3620 00 00 00 00 00 00 00 00 00 00 00 00 00 00 00 00
                                 004ddabe3630 00 00 00 00 00 00 00 00 00 00 00 00 00 00 00 00
                                 004ddabe3640 00 00 00 00 00 00 00 00 00 00 00 00 00 00 00 00
                                 004ddabe3650 00 00 00 00 00 00 00 00 00 00 00 00 00 00 00 00
                                 004ddabe3660 00 00 00 00 00 00 00 00 00 00 00 00 00 00 00 00
                                 004ddabe3670 00 00 00 00 00 00 00 00 00 00 00 00 00 00 00 00
                                 004ddabe3680 00 00 00 00 00 00 00 00 00 00 00 00 00 00 00 00
                                 004ddabe3690 00 00 00 00 00 00 00 00 00 00 00 00 00 00 00 00
                                 004ddabe36a0 00 00 00 00 00 00 00 00 00 00 00 00 00 00 00 00
                                 004ddabe36b0 00 00 00 00 00 00 00 00 00 00 00 00 00 00 00 00
                                 004ddabe36c0 00 00 00 00 00 00 00 00 00 00 00 00 00 00 00 00
                                 004ddabe36d0 00 00 00 00 00 00 00 00 00 00 00 00 00 00 00 00
                                 004ddabe36e0 00 00 00 00 00 00 00 00 00 00 00 00 00 00 00 00
                                 004ddabe36f0 00 00 00 00 00 00 00 00 00 00 00 00 00 00 00 00
Threads[27]:
    Thread ID:                   000000000000036f
    Stack Region:                0000002898dd5000-0000002898dd9000
    Registers:
        X[00]:                   00000066b294d2f0
        X[01]:                   00000066b294d2f8
        X[02]:                   00000000002401c3
        X[03]:                   ffffffffffffffff
        X[04]:                   0000000000000000
        X[05]:                   0000000000000000
        X[06]:                   0000000000000000
        X[07]:                   0000000000000000
        X[08]:                   0000000000000000
        X[09]:                   0000000000000000
        X[10]:                   0000000000000000
        X[11]:                   0000000000000000
        X[12]:                   0000000000000000
        X[13]:                   0000000000000000
        X[14]:                   0000000000000000
        X[15]:                   0000000000000000
        X[16]:                   0000000000000000
        X[17]:                   0000000000000000
        X[18]:                   0000000000000000
        X[19]:                   0000000000000000
        X[20]:                   0000000000000000
        X[21]:                   0000000000000000
        X[22]:                   0000000000000000
        X[23]:                   0000000000000000
        X[24]:                   0000000000000000
        X[25]:                   0000000000000000
        X[26]:                   0000000000000000
        X[27]:                   0000000000000000
        X[28]:                   0000000000000000
        FP:                      0000002898dd8ed0
        LR:                      00000066b30e39e8 (nnSdk + 0x969e8) (_ZN2nn2os6detail38InternalConditionVariableImplByHorizon4WaitEPNS1_23InternalCriticalSectionE + 0x30)
        SP:                      0000002898dd8eb0
        PC:                      00000066b30fe56c (nnSdk + 0xb156c)
    Stack Trace:
        ReturnAddress[00]:       00000066b30dbd38 (nnSdk + 0x8ed38) (_ZN2nn2os19ReceiveMessageQueueEPmPNS0_16MessageQueueTypeE + 0x3c)
        ReturnAddress[01]:       00000066b1c011b8 (TurboS.nss + 0x5fd1b8)
        ReturnAddress[02]:       00000066b1c0140c (TurboS.nss + 0x5fd40c)
        ReturnAddress[03]:       00000066b1beee24 (TurboS.nss + 0x5eae24)
        ReturnAddress[04]:       00000066b30deb48 (nnSdk + 0x91b48)
        ReturnAddress[05]:       00000066b30e2b24 (nnSdk + 0x95b24)
        ReturnAddress[06]:       0000000000000000
    Stack Dump:                               00 01 02 03 04 05 06 07 08 09 0a 0b 0c 0d 0e 0f
                                 002898dd8eb0 e0 8e dd 98 28 00 00 00 ec c3 0d b3 66 00 00 00
                                 002898dd8ec0 f0 d2 94 b2 66 00 00 00 b8 d2 94 b2 66 00 00 00
                                 002898dd8ed0 00 8f dd 98 28 00 00 00 38 bd 0d b3 66 00 00 00
                                 002898dd8ee0 00 00 00 00 00 00 00 00 fc d5 94 b2 66 00 00 00
                                 002898dd8ef0 b8 d2 94 b2 66 00 00 00 58 d2 94 b2 66 00 00 00
                                 002898dd8f00 30 8f dd 98 28 00 00 00 b8 11 c0 b1 66 00 00 00
                                 002898dd8f10 fc d5 94 b2 66 00 00 00 fc d5 94 b2 66 00 00 00
                                 002898dd8f20 30 d6 94 b2 66 00 00 00 38 d4 94 b2 66 00 00 00
                                 002898dd8f30 50 8f dd 98 28 00 00 00 0c 14 c0 b1 66 00 00 00
                                 002898dd8f40 f8 d5 94 b2 66 00 00 00 40 d4 94 b2 66 00 00 00
                                 002898dd8f50 70 8f dd 98 28 00 00 00 24 ee be b1 66 00 00 00
                                 002898dd8f60 48 d4 94 b2 66 00 00 00 48 d4 94 b2 66 00 00 00
                                 002898dd8f70 a0 8f dd 98 28 00 00 00 48 eb 0d b3 66 00 00 00
                                 002898dd8f80 00 00 00 00 00 00 00 00 00 00 00 00 00 00 00 00
                                 002898dd8f90 00 00 00 00 00 00 00 00 48 d4 94 b2 66 00 00 00
                                 002898dd8fa0 d0 8f dd 98 28 00 00 00 24 2b 0e b3 66 00 00 00
    TLS Address:                 0000004ddabe3800
    TLS Dump:                                 00 01 02 03 04 05 06 07 08 09 0a 0b 0c 0d 0e 0f
                                 004ddabe3800 00 00 00 00 0c 00 00 00 00 00 00 00 00 00 00 00
                                 004ddabe3810 00 00 00 00 00 00 00 00 00 00 00 00 00 00 00 00
                                 004ddabe3820 53 46 43 4f 00 00 00 00 00 00 00 00 eb ca d2 c4
                                 004ddabe3830 00 00 00 00 00 00 00 00 00 00 00 00 00 00 00 00
                                 004ddabe3840 e0 42 9c 0b 00 00 00 00 00 00 0a 00 00 00 00 00
                                 004ddabe3850 00 00 00 00 00 00 00 00 00 00 00 00 00 00 00 00
                                 004ddabe3860 00 00 00 00 00 00 00 00 00 00 00 00 00 00 00 00
                                 004ddabe3870 00 00 00 00 00 00 00 00 00 00 00 00 00 00 00 00
                                 004ddabe3880 00 00 00 00 00 00 00 00 00 00 00 00 00 00 00 00
                                 004ddabe3890 00 00 00 00 00 00 00 00 00 00 00 00 00 00 00 00
                                 004ddabe38a0 00 00 00 00 00 00 00 00 00 00 00 00 00 00 00 00
                                 004ddabe38b0 00 00 00 00 00 00 00 00 00 00 00 00 00 00 00 00
                                 004ddabe38c0 00 00 00 00 00 00 00 00 00 00 00 00 00 00 00 00
                                 004ddabe38d0 00 00 00 00 00 00 00 00 00 00 00 00 00 00 00 00
                                 004ddabe38e0 00 00 00 00 00 00 00 00 00 00 00 00 00 00 00 00
                                 004ddabe38f0 00 00 00 00 00 00 00 00 00 00 00 00 00 00 00 00
Threads[28]:
    Thread ID:                   0000000000000370
    Stack Region:                000000285e260000-000000285e264000
    Registers:
        X[00]:                   000000285e263ec8
        X[01]:                   000000285e263ecc
        X[02]:                   0000000000000001
        X[03]:                   0000000005f5e097
        X[04]:                   0000000000000000
        X[05]:                   0000000000000000
        X[06]:                   0000000000000000
        X[07]:                   0000000000000000
        X[08]:                   0000000000000000
        X[09]:                   0000000000000000
        X[10]:                   0000000000000000
        X[11]:                   0000000000000000
        X[12]:                   0000000000000000
        X[13]:                   0000000000000000
        X[14]:                   0000000000000000
        X[15]:                   0000000000000000
        X[16]:                   0000000000000000
        X[17]:                   0000000000000000
        X[18]:                   0000000000000000
        X[19]:                   0000000000000000
        X[20]:                   0000000000000000
        X[21]:                   0000000000000000
        X[22]:                   0000000000000000
        X[23]:                   0000000000000000
        X[24]:                   0000000000000000
        X[25]:                   0000000000000000
        X[26]:                   0000000000000000
        X[27]:                   0000000000000000
        X[28]:                   0000000000000000
        FP:                      000000285e263ee0
        LR:                      00000066b30e3678 (nnSdk + 0x96678) (_ZN2nn2os6detail30InterProcessEventImplByHorizon9TimedWaitEjbNS_8TimeSpanE + 0x8c)
        SP:                      000000285e263ea0
        PC:                      00000066b30fe540 (nnSdk + 0xb1540)
    Stack Trace:
        ReturnAddress[00]:       00000066b1be8e14 (TurboS.nss + 0x5e4e14)
        ReturnAddress[01]:       00000066b1beee24 (TurboS.nss + 0x5eae24)
        ReturnAddress[02]:       00000066b30deb48 (nnSdk + 0x91b48)
        ReturnAddress[03]:       00000066b30e2b24 (nnSdk + 0x95b24)
        ReturnAddress[04]:       0000000000000000
    Stack Dump:                               00 01 02 03 04 05 06 07 08 09 0a 0b 0c 0d 0e 0f
                                 00285e263ea0 c8 3e 26 5e 28 00 00 00 28 74 94 b2 66 00 00 00
                                 00285e263eb0 00 00 00 00 00 00 00 00 f7 a2 2e a7 01 00 00 00
                                 00285e263ec0 28 74 94 b2 66 00 00 00 14 4e be b1 c4 81 23 00
                                 00285e263ed0 80 71 94 b2 66 00 00 00 88 6f 94 b2 66 00 00 00
                                 00285e263ee0 50 3f 26 5e 28 00 00 00 14 8e be b1 66 00 00 00
                                 00285e263ef0 00 00 00 00 00 00 00 00 00 00 00 00 00 00 00 00
                                 00285e263f00 00 00 00 00 00 00 00 00 00 00 00 00 00 00 00 00
                                 00285e263f10 00 00 00 00 00 00 00 00 00 00 00 00 00 00 00 00
                                 00285e263f20 00 00 00 00 00 00 00 00 00 00 00 00 00 00 00 00
                                 00285e263f30 00 00 00 00 00 00 00 00 4c 71 94 b2 66 00 00 00
                                 00285e263f40 48 71 94 b2 66 00 00 00 90 6f 94 b2 66 00 00 00
                                 00285e263f50 70 3f 26 5e 28 00 00 00 24 ee be b1 66 00 00 00
                                 00285e263f60 98 6f 94 b2 66 00 00 00 98 6f 94 b2 66 00 00 00
                                 00285e263f70 a0 3f 26 5e 28 00 00 00 48 eb 0d b3 66 00 00 00
                                 00285e263f80 00 00 00 00 00 00 00 00 00 00 00 00 00 00 00 00
                                 00285e263f90 00 00 00 00 00 00 00 00 98 6f 94 b2 66 00 00 00
    TLS Address:                 0000004ddabe3a00
    TLS Dump:                                 00 01 02 03 04 05 06 07 08 09 0a 0b 0c 0d 0e 0f
                                 004ddabe3a00 00 00 00 00 08 00 00 00 00 00 00 00 00 00 00 00
                                 004ddabe3a10 53 46 43 4f 00 00 00 00 00 00 00 00 25 0a 2e 59
                                 004ddabe3a20 00 00 00 00 00 00 00 00 00 00 00 00 00 00 00 00
                                 004ddabe3a30 53 46 43 49 00 00 00 00 04 00 00 00 00 00 00 00
                                 004ddabe3a40 00 00 00 00 00 00 00 00 00 00 00 00 00 00 00 00
                                 004ddabe3a50 00 00 00 00 00 00 00 00 00 00 00 00 00 00 00 00
                                 004ddabe3a60 00 00 00 00 00 00 00 00 00 00 00 00 00 00 00 00
                                 004ddabe3a70 00 00 00 00 00 00 00 00 00 00 00 00 00 00 00 00
                                 004ddabe3a80 00 00 00 00 00 00 00 00 00 00 00 00 00 00 00 00
                                 004ddabe3a90 00 00 00 00 00 00 00 00 00 00 00 00 00 00 00 00
                                 004ddabe3aa0 00 00 00 00 00 00 00 00 00 00 00 00 00 00 00 00
                                 004ddabe3ab0 00 00 00 00 00 00 00 00 00 00 00 00 00 00 00 00
                                 004ddabe3ac0 00 00 00 00 00 00 00 00 00 00 00 00 00 00 00 00
                                 004ddabe3ad0 00 00 00 00 00 00 00 00 00 00 00 00 00 00 00 00
                                 004ddabe3ae0 00 00 00 00 00 00 00 00 00 00 00 00 00 00 00 00
                                 004ddabe3af0 00 00 00 00 00 00 00 00 00 00 00 00 00 00 00 00
Threads[29]:
    Thread ID:                   0000000000000371
    Thread Name:                 aal::LowPrioWorkerThread
    Stack Region:                00000028ca268000-00000028ca270000
    Registers:
        X[00]:                   0000003a7e6b7b48
        X[01]:                   0000003a7e6b7b50
        X[02]:                   00000000002a01bf
        X[03]:                   ffffffffffffffff
        X[04]:                   00000028ca26fe30
        X[05]:                   00000028ca26fe28
        X[06]:                   0000000000000000
        X[07]:                   0000000000000000
        X[08]:                   0000000000000000
        X[09]:                   0000000000000000
        X[10]:                   0000000000000000
        X[11]:                   0000000000000000
        X[12]:                   0000000000000000
        X[13]:                   0000000000000000
        X[14]:                   0000000000000000
        X[15]:                   0000000000000000
        X[16]:                   0000000000000000
        X[17]:                   0000000000000000
        X[18]:                   0000000000000000
        X[19]:                   0000000000000000
        X[20]:                   0000000000000000
        X[21]:                   0000000000000000
        X[22]:                   0000000000000000
        X[23]:                   0000000000000000
        X[24]:                   0000000000000000
        X[25]:                   0000000000000000
        X[26]:                   0000000000000000
        X[27]:                   0000000000000000
        X[28]:                   0000000000000000
        FP:                      00000028ca26fee0
        LR:                      00000066b30e39e8 (nnSdk + 0x969e8) (_ZN2nn2os6detail38InternalConditionVariableImplByHorizon4WaitEPNS1_23InternalCriticalSectionE + 0x30)
        SP:                      00000028ca26fec0
        PC:                      00000066b30fe56c (nnSdk + 0xb156c)
    Stack Trace:
        ReturnAddress[00]:       00000066b30dbd38 (nnSdk + 0x8ed38) (_ZN2nn2os19ReceiveMessageQueueEPmPNS0_16MessageQueueTypeE + 0x3c)
        ReturnAddress[01]:       00000066b1c29098 (TurboS.nss + 0x625098)
        ReturnAddress[02]:       00000066b1c29b40 (TurboS.nss + 0x625b40)
        ReturnAddress[03]:       00000066b1c293cc (TurboS.nss + 0x6253cc)
        ReturnAddress[04]:       00000066b30deb48 (nnSdk + 0x91b48)
        ReturnAddress[05]:       00000066b30e2b24 (nnSdk + 0x95b24)
        ReturnAddress[06]:       0000000000000000
    Stack Dump:                               00 01 02 03 04 05 06 07 08 09 0a 0b 0c 0d 0e 0f
                                 0028ca26fec0 00 ac 6c 7e 3a 00 00 00 00 00 00 00 00 00 00 00
                                 0028ca26fed0 48 7b 6b 7e 3a 00 00 00 10 7b 6b 7e 3a 00 00 00
                                 0028ca26fee0 10 ff 26 ca 28 00 00 00 38 bd 0d b3 66 00 00 00
                                 0028ca26fef0 00 00 00 00 00 00 00 00 d4 01 6c 7e 3a 00 00 00
                                 0028ca26ff00 10 7b 6b 7e 3a 00 00 00 e0 7a 6b 7e 3a 00 00 00
                                 0028ca26ff10 30 ff 26 ca 28 00 00 00 98 90 c2 b1 66 00 00 00
                                 0028ca26ff20 10 7b 6b 7e 3a 00 00 00 e0 7a 6b 7e 3a 00 00 00
                                 0028ca26ff30 50 ff 26 ca 28 00 00 00 40 9b c2 b1 66 00 00 00
                                 0028ca26ff40 00 00 00 00 00 00 00 00 e0 7a 6b 7e 3a 00 00 00
                                 0028ca26ff50 70 ff 26 ca 28 00 00 00 cc 93 c2 b1 66 00 00 00
                                 0028ca26ff60 d0 01 6c 7e 3a 00 00 00 20 00 6c 7e 3a 00 00 00
                                 0028ca26ff70 a0 ff 26 ca 28 00 00 00 48 eb 0d b3 66 00 00 00
                                 0028ca26ff80 00 00 00 00 00 00 00 00 00 00 00 00 00 00 00 00
                                 0028ca26ff90 00 00 00 00 00 00 00 00 20 00 6c 7e 3a 00 00 00
                                 0028ca26ffa0 d0 ff 26 ca 28 00 00 00 24 2b 0e b3 66 00 00 00
                                 0028ca26ffb0 00 00 00 00 00 00 00 00 00 00 00 00 00 00 00 00
    TLS Address:                 0000004ddabe3c00
    TLS Dump:                                 00 01 02 03 04 05 06 07 08 09 0a 0b 0c 0d 0e 0f
                                 004ddabe3c00 00 00 00 00 00 00 00 00 00 00 00 00 00 00 00 00
                                 004ddabe3c10 00 00 00 00 00 00 00 00 00 00 00 00 00 00 00 00
                                 004ddabe3c20 00 00 00 00 00 00 00 00 00 00 00 00 00 00 00 00
                                 004ddabe3c30 00 00 00 00 00 00 00 00 00 00 00 00 00 00 00 00
                                 004ddabe3c40 00 00 00 00 00 00 00 00 00 00 00 00 00 00 00 00
                                 004ddabe3c50 00 00 00 00 00 00 00 00 00 00 00 00 00 00 00 00
                                 004ddabe3c60 00 00 00 00 00 00 00 00 00 00 00 00 00 00 00 00
                                 004ddabe3c70 00 00 00 00 00 00 00 00 00 00 00 00 00 00 00 00
                                 004ddabe3c80 00 00 00 00 00 00 00 00 00 00 00 00 00 00 00 00
                                 004ddabe3c90 00 00 00 00 00 00 00 00 00 00 00 00 00 00 00 00
                                 004ddabe3ca0 00 00 00 00 00 00 00 00 00 00 00 00 00 00 00 00
                                 004ddabe3cb0 00 00 00 00 00 00 00 00 00 00 00 00 00 00 00 00
                                 004ddabe3cc0 00 00 00 00 00 00 00 00 00 00 00 00 00 00 00 00
                                 004ddabe3cd0 00 00 00 00 00 00 00 00 00 00 00 00 00 00 00 00
                                 004ddabe3ce0 00 00 00 00 00 00 00 00 00 00 00 00 00 00 00 00
                                 004ddabe3cf0 00 00 00 00 00 00 00 00 00 00 00 00 00 00 00 00
Threads[30]:
    Thread ID:                   0000000000000372
    Thread Name:                 UIMovieRecreatingThread
    Stack Region:                0000002896fec000-0000002896ff0000
    Registers:
        X[00]:                   0000003a835f7368
        X[01]:                   0000003a835f7370
        X[02]:                   00000000002a81c0
        X[03]:                   ffffffffffffffff
        X[04]:                   0000000000000000
        X[05]:                   0000000000000000
        X[06]:                   0000000000000000
        X[07]:                   0000000000000000
        X[08]:                   0000000000000000
        X[09]:                   0000000000000000
        X[10]:                   0000000000000000
        X[11]:                   0000000000000000
        X[12]:                   0000000000000000
        X[13]:                   0000000000000000
        X[14]:                   0000000000000000
        X[15]:                   0000000000000000
        X[16]:                   0000000000000000
        X[17]:                   0000000000000000
        X[18]:                   0000000000000000
        X[19]:                   0000000000000000
        X[20]:                   0000000000000000
        X[21]:                   0000000000000000
        X[22]:                   0000000000000000
        X[23]:                   0000000000000000
        X[24]:                   0000000000000000
        X[25]:                   0000000000000000
        X[26]:                   0000000000000000
        X[27]:                   0000000000000000
        X[28]:                   0000000000000000
        FP:                      0000002896fefee0
        LR:                      00000066b30e39e8 (nnSdk + 0x969e8) (_ZN2nn2os6detail38InternalConditionVariableImplByHorizon4WaitEPNS1_23InternalCriticalSectionE + 0x30)
        SP:                      0000002896fefec0
        PC:                      00000066b30fe56c (nnSdk + 0xb156c)
    Stack Trace:
        ReturnAddress[00]:       00000066b30dbd38 (nnSdk + 0x8ed38) (_ZN2nn2os19ReceiveMessageQueueEPmPNS0_16MessageQueueTypeE + 0x3c)
        ReturnAddress[01]:       00000066b1c29098 (TurboS.nss + 0x625098)
        ReturnAddress[02]:       00000066b1c29b40 (TurboS.nss + 0x625b40)
        ReturnAddress[03]:       00000066b1c293cc (TurboS.nss + 0x6253cc)
        ReturnAddress[04]:       00000066b30deb48 (nnSdk + 0x91b48)
        ReturnAddress[05]:       00000066b30e2b24 (nnSdk + 0x95b24)
        ReturnAddress[06]:       0000000000000000
    Stack Dump:                               00 01 02 03 04 05 06 07 08 09 0a 0b 0c 0d 0e 0f
                                 002896fefec0 00 00 00 00 00 00 00 00 00 00 00 00 00 00 00 00
                                 002896fefed0 68 73 5f 83 3a 00 00 00 30 73 5f 83 3a 00 00 00
                                 002896fefee0 10 ff fe 96 28 00 00 00 38 bd 0d b3 66 00 00 00
                                 002896fefef0 00 00 00 00 00 00 00 00 d4 c1 5f 83 3a 00 00 00
                                 002896feff00 30 73 5f 83 3a 00 00 00 00 73 5f 83 3a 00 00 00
                                 002896feff10 30 ff fe 96 28 00 00 00 98 90 c2 b1 66 00 00 00
                                 002896feff20 00 00 00 00 00 00 00 00 00 00 00 00 00 00 00 00
                                 002896feff30 50 ff fe 96 28 00 00 00 40 9b c2 b1 66 00 00 00
                                 002896feff40 00 00 00 00 00 00 00 00 00 73 5f 83 3a 00 00 00
                                 002896feff50 70 ff fe 96 28 00 00 00 cc 93 c2 b1 66 00 00 00
                                 002896feff60 d0 c1 5f 83 3a 00 00 00 20 c0 5f 83 3a 00 00 00
                                 002896feff70 a0 ff fe 96 28 00 00 00 48 eb 0d b3 66 00 00 00
                                 002896feff80 00 00 00 00 00 00 00 00 00 00 00 00 00 00 00 00
                                 002896feff90 00 00 00 00 00 00 00 00 20 c0 5f 83 3a 00 00 00
                                 002896feffa0 d0 ff fe 96 28 00 00 00 24 2b 0e b3 66 00 00 00
                                 002896feffb0 00 00 00 00 00 00 00 00 00 00 00 00 00 00 00 00
    TLS Address:                 0000004ddabe3e00
    TLS Dump:                                 00 01 02 03 04 05 06 07 08 09 0a 0b 0c 0d 0e 0f
                                 004ddabe3e00 00 00 00 00 00 00 00 00 00 00 00 00 00 00 00 00
                                 004ddabe3e10 00 00 00 00 00 00 00 00 00 00 00 00 00 00 00 00
                                 004ddabe3e20 00 00 00 00 00 00 00 00 00 00 00 00 00 00 00 00
                                 004ddabe3e30 00 00 00 00 00 00 00 00 00 00 00 00 00 00 00 00
                                 004ddabe3e40 00 00 00 00 00 00 00 00 00 00 00 00 00 00 00 00
                                 004ddabe3e50 00 00 00 00 00 00 00 00 00 00 00 00 00 00 00 00
                                 004ddabe3e60 00 00 00 00 00 00 00 00 00 00 00 00 00 00 00 00
                                 004ddabe3e70 00 00 00 00 00 00 00 00 00 00 00 00 00 00 00 00
                                 004ddabe3e80 00 00 00 00 00 00 00 00 00 00 00 00 00 00 00 00
                                 004ddabe3e90 00 00 00 00 00 00 00 00 00 00 00 00 00 00 00 00
                                 004ddabe3ea0 00 00 00 00 00 00 00 00 00 00 00 00 00 00 00 00
                                 004ddabe3eb0 00 00 00 00 00 00 00 00 00 00 00 00 00 00 00 00
                                 004ddabe3ec0 00 00 00 00 00 00 00 00 00 00 00 00 00 00 00 00
                                 004ddabe3ed0 00 00 00 00 00 00 00 00 00 00 00 00 00 00 00 00
                                 004ddabe3ee0 00 00 00 00 00 00 00 00 00 00 00 00 00 00 00 00
                                 004ddabe3ef0 00 00 00 00 00 00 00 00 00 00 00 00 00 00 00 00
Threads[31]:
    Thread ID:                   0000000000000373
    Stack Region:                000000288b170000-000000288b174000
    Registers:
        X[00]:                   0000003a83604020
        X[01]:                   0000000000000000
        X[02]:                   0000000000000000
        X[03]:                   0000000000000000
        X[04]:                   0000000000000000
        X[05]:                   0000000000000000
        X[06]:                   0000000000000000
        X[07]:                   0000000000000000
        X[08]:                   0000000000000000
        X[09]:                   0000000000000000
        X[10]:                   0000000000000000
        X[11]:                   0000000000000000
        X[12]:                   0000000000000000
        X[13]:                   0000000000000000
        X[14]:                   0000000000000000
        X[15]:                   0000000000000000
        X[16]:                   0000000000000000
        X[17]:                   0000000000000000
        X[18]:                   6a5e2ae862dc2267
        X[19]:                   0000000000000000
        X[20]:                   0000000000000000
        X[21]:                   0000000000000000
        X[22]:                   0000000000000000
        X[23]:                   0000000000000000
        X[24]:                   0000000000000000
        X[25]:                   0000000000000000
        X[26]:                   0000000000000000
        X[27]:                   0000000000000000
        X[28]:                   0000000000000000
        FP:                      0000000000000000
        LR:                      0000000000000000
        SP:                      000000288b173fe0
        PC:                      00000066b30e2aac (nnSdk + 0x95aac)
    Stack Dump:                               00 01 02 03 04 05 06 07 08 09 0a 0b 0c 0d 0e 0f
                                 00288b173f00 00 00 00 00 00 00 00 00 00 00 00 00 00 00 00 00
                                 00288b173f10 00 00 00 00 00 00 00 00 00 00 00 00 00 00 00 00
                                 00288b173f20 00 00 00 00 00 00 00 00 00 00 00 00 00 00 00 00
                                 00288b173f30 00 00 00 00 00 00 00 00 00 00 00 00 00 00 00 00
                                 00288b173f40 00 00 00 00 00 00 00 00 00 00 00 00 00 00 00 00
                                 00288b173f50 00 00 00 00 00 00 00 00 00 00 00 00 00 00 00 00
                                 00288b173f60 00 00 00 00 00 00 00 00 00 00 00 00 00 00 00 00
                                 00288b173f70 00 00 00 00 00 00 00 00 00 00 00 00 00 00 00 00
                                 00288b173f80 00 00 00 00 00 00 00 00 00 00 00 00 00 00 00 00
                                 00288b173f90 00 00 00 00 00 00 00 00 00 00 00 00 00 00 00 00
                                 00288b173fa0 00 00 00 00 00 00 00 00 00 00 00 00 00 00 00 00
                                 00288b173fb0 00 00 00 00 00 00 00 00 00 00 00 00 00 00 00 00
                                 00288b173fc0 00 00 00 00 00 00 00 00 00 00 00 00 00 00 00 00
                                 00288b173fd0 00 00 00 00 00 00 00 00 00 00 00 00 00 00 00 00
                                 00288b173fe0 e8 ea 0d b3 66 00 00 00 00 00 00 00 00 00 00 00
                                 00288b173ff0 00 00 00 00 00 00 00 00 00 00 00 00 00 00 00 00
Threads[32]:
    Thread ID:                   0000000000000374
    Thread Name:                 UILoadThread
    Stack Region:                000000287a74f000-000000287a753000
    Registers:
        X[00]:                   0000003a83b80670
        X[01]:                   0000003a83b80678
        X[02]:                   00000000002b81bd
        X[03]:                   ffffffffffffffff
        X[04]:                   0000000000000000
        X[05]:                   0000000000000000
        X[06]:                   0000000000000000
        X[07]:                   0000000000000000
        X[08]:                   0000000000000000
        X[09]:                   0000000000000000
        X[10]:                   0000000000000000
        X[11]:                   0000000000000000
        X[12]:                   0000000000000000
        X[13]:                   0000000000000000
        X[14]:                   0000000000000000
        X[15]:                   0000000000000000
        X[16]:                   0000000000000000
        X[17]:                   0000000000000000
        X[18]:                   0000000000000000
        X[19]:                   0000000000000000
        X[20]:                   0000000000000000
        X[21]:                   0000000000000000
        X[22]:                   0000000000000000
        X[23]:                   0000000000000000
        X[24]:                   0000000000000000
        X[25]:                   0000000000000000
        X[26]:                   0000000000000000
        X[27]:                   0000000000000000
        X[28]:                   0000000000000000
        FP:                      000000287a752ee0
        LR:                      00000066b30e39e8 (nnSdk + 0x969e8) (_ZN2nn2os6detail38InternalConditionVariableImplByHorizon4WaitEPNS1_23InternalCriticalSectionE + 0x30)
        SP:                      000000287a752ec0
        PC:                      00000066b30fe56c (nnSdk + 0xb156c)
    Stack Trace:
        ReturnAddress[00]:       00000066b30dbd38 (nnSdk + 0x8ed38) (_ZN2nn2os19ReceiveMessageQueueEPmPNS0_16MessageQueueTypeE + 0x3c)
        ReturnAddress[01]:       00000066b1c29098 (TurboS.nss + 0x625098)
        ReturnAddress[02]:       00000066b1c29b40 (TurboS.nss + 0x625b40)
        ReturnAddress[03]:       00000066b1c293cc (TurboS.nss + 0x6253cc)
        ReturnAddress[04]:       00000066b30deb48 (nnSdk + 0x91b48)
        ReturnAddress[05]:       00000066b30e2b24 (nnSdk + 0x95b24)
        ReturnAddress[06]:       0000000000000000
    Stack Dump:                               00 01 02 03 04 05 06 07 08 09 0a 0b 0c 0d 0e 0f
                                 00287a752ec0 00 00 00 00 00 00 00 00 85 00 00 00 3a 00 00 00
                                 00287a752ed0 70 06 b8 83 3a 00 00 00 38 06 b8 83 3a 00 00 00
                                 00287a752ee0 10 2f 75 7a 28 00 00 00 38 bd 0d b3 66 00 00 00
                                 00287a752ef0 00 00 00 00 00 00 00 00 d4 61 b8 83 3a 00 00 00
                                 00287a752f00 38 06 b8 83 3a 00 00 00 08 06 b8 83 3a 00 00 00
                                 00287a752f10 30 2f 75 7a 28 00 00 00 98 90 c2 b1 66 00 00 00
                                 00287a752f20 38 06 b8 83 3a 00 00 00 08 06 b8 83 3a 00 00 00
                                 00287a752f30 50 2f 75 7a 28 00 00 00 40 9b c2 b1 66 00 00 00
                                 00287a752f40 00 00 00 00 00 00 00 00 08 06 b8 83 3a 00 00 00
                                 00287a752f50 70 2f 75 7a 28 00 00 00 cc 93 c2 b1 66 00 00 00
                                 00287a752f60 d0 61 b8 83 3a 00 00 00 20 60 b8 83 3a 00 00 00
                                 00287a752f70 a0 2f 75 7a 28 00 00 00 48 eb 0d b3 66 00 00 00
                                 00287a752f80 00 00 00 00 00 00 00 00 00 00 00 00 00 00 00 00
                                 00287a752f90 00 00 00 00 00 00 00 00 20 60 b8 83 3a 00 00 00
                                 00287a752fa0 d0 2f 75 7a 28 00 00 00 24 2b 0e b3 66 00 00 00
                                 00287a752fb0 00 00 00 00 00 00 00 00 00 00 00 00 00 00 00 00
    TLS Address:                 0000004f84960200
    TLS Dump:                                 00 01 02 03 04 05 06 07 08 09 0a 0b 0c 0d 0e 0f
                                 004f84960200 00 00 01 00 09 08 e0 03 80 80 28 00 f8 29 75 7a
                                 004f84960210 53 46 43 4f 00 00 00 00 00 00 00 00 99 5d e2 a4
                                 004f84960220 00 00 00 00 00 00 00 00 00 00 00 00 00 00 00 00
                                 004f84960230 00 00 00 00 00 00 00 00 01 00 00 00 00 00 00 00
                                 004f84960240 01 00 6b 01 06 41 28 c0 a6 0b 00 00 00 00 00 00
                                 004f84960250 28 00 00 00 f8 29 75 7a 28 00 28 00 00 00 00 00
                                 004f84960260 00 00 00 00 00 00 00 00 00 00 00 00 00 00 00 00
                                 004f84960270 00 00 00 00 00 00 00 00 00 00 00 00 00 00 00 00
                                 004f84960280 00 00 00 00 00 00 00 00 00 00 00 00 00 00 00 00
                                 004f84960290 00 00 00 00 00 00 00 00 00 00 00 00 00 00 00 00
                                 004f849602a0 00 00 00 00 00 00 00 00 00 00 00 00 00 00 00 00
                                 004f849602b0 00 00 00 00 00 00 00 00 00 00 00 00 00 00 00 00
                                 004f849602c0 00 00 00 00 00 00 00 00 00 00 00 00 00 00 00 00
                                 004f849602d0 00 00 00 00 00 00 00 00 00 00 00 00 00 00 00 00
                                 004f849602e0 00 00 00 00 00 00 00 00 00 00 00 00 00 00 00 00
                                 004f849602f0 00 00 00 00 00 00 00 00 00 00 00 00 00 00 00 00
Threads[33]:
    Thread ID:                   0000000000000375
    Thread Name:                 UIMiiThread
    Stack Region:                00000028c6ec4000-00000028c6ec8000
    Registers:
        X[00]:                   0000003a83b80b20
        X[01]:                   0000003a83b80b28
        X[02]:                   00000000002c01bc
        X[03]:                   ffffffffffffffff
        X[04]:                   0000000000000000
        X[05]:                   0000000000000000
        X[06]:                   0000000000000000
        X[07]:                   0000000000000000
        X[08]:                   0000000000000000
        X[09]:                   0000000000000000
        X[10]:                   0000000000000000
        X[11]:                   0000000000000000
        X[12]:                   0000000000000000
        X[13]:                   0000000000000000
        X[14]:                   0000000000000000
        X[15]:                   0000000000000000
        X[16]:                   0000000000000000
        X[17]:                   0000000000000000
        X[18]:                   0000000000000000
        X[19]:                   0000000000000000
        X[20]:                   0000000000000000
        X[21]:                   0000000000000000
        X[22]:                   0000000000000000
        X[23]:                   0000000000000000
        X[24]:                   0000000000000000
        X[25]:                   0000000000000000
        X[26]:                   0000000000000000
        X[27]:                   0000000000000000
        X[28]:                   0000000000000000
        FP:                      00000028c6ec7ee0
        LR:                      00000066b30e39e8 (nnSdk + 0x969e8) (_ZN2nn2os6detail38InternalConditionVariableImplByHorizon4WaitEPNS1_23InternalCriticalSectionE + 0x30)
        SP:                      00000028c6ec7ec0
        PC:                      00000066b30fe56c (nnSdk + 0xb156c)
    Stack Trace:
        ReturnAddress[00]:       00000066b30dbd38 (nnSdk + 0x8ed38) (_ZN2nn2os19ReceiveMessageQueueEPmPNS0_16MessageQueueTypeE + 0x3c)
        ReturnAddress[01]:       00000066b1c29098 (TurboS.nss + 0x625098)
        ReturnAddress[02]:       00000066b1c29b40 (TurboS.nss + 0x625b40)
        ReturnAddress[03]:       00000066b1c293cc (TurboS.nss + 0x6253cc)
        ReturnAddress[04]:       00000066b30deb48 (nnSdk + 0x91b48)
        ReturnAddress[05]:       00000066b30e2b24 (nnSdk + 0x95b24)
        ReturnAddress[06]:       0000000000000000
    Stack Dump:                               00 01 02 03 04 05 06 07 08 09 0a 0b 0c 0d 0e 0f
                                 0028c6ec7ec0 04 00 00 00 3a 00 00 00 02 00 00 00 02 00 00 00
                                 0028c6ec7ed0 20 0b b8 83 3a 00 00 00 e8 0a b8 83 3a 00 00 00
                                 0028c6ec7ee0 10 7f ec c6 28 00 00 00 38 bd 0d b3 66 00 00 00
                                 0028c6ec7ef0 00 00 00 00 00 00 00 00 d4 b1 b8 83 3a 00 00 00
                                 0028c6ec7f00 e8 0a b8 83 3a 00 00 00 b8 0a b8 83 3a 00 00 00
                                 0028c6ec7f10 30 7f ec c6 28 00 00 00 98 90 c2 b1 66 00 00 00
                                 0028c6ec7f20 e8 0a b8 83 3a 00 00 00 b8 0a b8 83 3a 00 00 00
                                 0028c6ec7f30 50 7f ec c6 28 00 00 00 40 9b c2 b1 66 00 00 00
                                 0028c6ec7f40 00 00 00 00 00 00 00 00 b8 0a b8 83 3a 00 00 00
                                 0028c6ec7f50 70 7f ec c6 28 00 00 00 cc 93 c2 b1 66 00 00 00
                                 0028c6ec7f60 d0 b1 b8 83 3a 00 00 00 20 b0 b8 83 3a 00 00 00
                                 0028c6ec7f70 a0 7f ec c6 28 00 00 00 48 eb 0d b3 66 00 00 00
                                 0028c6ec7f80 00 00 00 00 00 00 00 00 00 00 00 00 00 00 00 00
                                 0028c6ec7f90 00 00 00 00 00 00 00 00 20 b0 b8 83 3a 00 00 00
                                 0028c6ec7fa0 d0 7f ec c6 28 00 00 00 24 2b 0e b3 66 00 00 00
                                 0028c6ec7fb0 00 00 00 00 00 00 00 00 00 00 00 00 00 00 00 00
    TLS Address:                 0000004f84960400
    TLS Dump:                                 00 01 02 03 04 05 06 07 08 09 0a 0b 0c 0d 0e 0f
                                 004f84960400 00 00 00 00 00 00 00 00 00 00 00 00 00 00 00 00
                                 004f84960410 00 00 00 00 00 00 00 00 00 00 00 00 00 00 00 00
                                 004f84960420 00 00 00 00 00 00 00 00 00 00 00 00 00 00 00 00
                                 004f84960430 00 00 00 00 00 00 00 00 00 00 00 00 00 00 00 00
                                 004f84960440 00 00 00 00 00 00 00 00 00 00 00 00 00 00 00 00
                                 004f84960450 00 00 00 00 00 00 00 00 00 00 00 00 00 00 00 00
                                 004f84960460 00 00 00 00 00 00 00 00 00 00 00 00 00 00 00 00
                                 004f84960470 00 00 00 00 00 00 00 00 00 00 00 00 00 00 00 00
                                 004f84960480 00 00 00 00 00 00 00 00 00 00 00 00 00 00 00 00
                                 004f84960490 00 00 00 00 00 00 00 00 00 00 00 00 00 00 00 00
                                 004f849604a0 00 00 00 00 00 00 00 00 00 00 00 00 00 00 00 00
                                 004f849604b0 00 00 00 00 00 00 00 00 00 00 00 00 00 00 00 00
                                 004f849604c0 00 00 00 00 00 00 00 00 00 00 00 00 00 00 00 00
                                 004f849604d0 00 00 00 00 00 00 00 00 00 00 00 00 00 00 00 00
                                 004f849604e0 00 00 00 00 00 00 00 00 00 00 00 00 00 00 00 00
                                 004f849604f0 00 00 00 00 00 00 00 00 00 00 00 00 00 00 00 00
Threads[34]:
    Thread ID:                   0000000000000376
    Thread Name:                 UIMiiThread
    Stack Region:                00000028837de000-00000028837e2000
    Registers:
        X[00]:                   0000003a84f9ec08
        X[01]:                   0000003a84f9ec10
        X[02]:                   00000000002c81bb
        X[03]:                   ffffffffffffffff
        X[04]:                   0000000000000000
        X[05]:                   0000000000000000
        X[06]:                   0000000000000000
        X[07]:                   0000000000000000
        X[08]:                   0000000000000000
        X[09]:                   0000000000000000
        X[10]:                   0000000000000000
        X[11]:                   0000000000000000
        X[12]:                   0000000000000000
        X[13]:                   0000000000000000
        X[14]:                   0000000000000000
        X[15]:                   0000000000000000
        X[16]:                   0000000000000000
        X[17]:                   0000000000000000
        X[18]:                   0000000000000000
        X[19]:                   0000000000000000
        X[20]:                   0000000000000000
        X[21]:                   0000000000000000
        X[22]:                   0000000000000000
        X[23]:                   0000000000000000
        X[24]:                   0000000000000000
        X[25]:                   0000000000000000
        X[26]:                   0000000000000000
        X[27]:                   0000000000000000
        X[28]:                   0000000000000000
        FP:                      00000028837e1ee0
        LR:                      00000066b30e39e8 (nnSdk + 0x969e8) (_ZN2nn2os6detail38InternalConditionVariableImplByHorizon4WaitEPNS1_23InternalCriticalSectionE + 0x30)
        SP:                      00000028837e1ec0
        PC:                      00000066b30fe56c (nnSdk + 0xb156c)
    Stack Trace:
        ReturnAddress[00]:       00000066b30dbd38 (nnSdk + 0x8ed38) (_ZN2nn2os19ReceiveMessageQueueEPmPNS0_16MessageQueueTypeE + 0x3c)
        ReturnAddress[01]:       00000066b1c29098 (TurboS.nss + 0x625098)
        ReturnAddress[02]:       00000066b1c29b40 (TurboS.nss + 0x625b40)
        ReturnAddress[03]:       00000066b1c293cc (TurboS.nss + 0x6253cc)
        ReturnAddress[04]:       00000066b30deb48 (nnSdk + 0x91b48)
        ReturnAddress[05]:       00000066b30e2b24 (nnSdk + 0x95b24)
        ReturnAddress[06]:       0000000000000000
    Stack Dump:                               00 01 02 03 04 05 06 07 08 09 0a 0b 0c 0d 0e 0f
                                 0028837e1ec0 00 00 00 00 00 00 00 00 00 00 00 00 00 00 00 00
                                 0028837e1ed0 08 ec f9 84 3a 00 00 00 d0 eb f9 84 3a 00 00 00
                                 0028837e1ee0 10 1f 7e 83 28 00 00 00 38 bd 0d b3 66 00 00 00
                                 0028837e1ef0 00 00 00 00 00 00 00 00 d4 31 fa 84 3a 00 00 00
                                 0028837e1f00 d0 eb f9 84 3a 00 00 00 a0 eb f9 84 3a 00 00 00
                                 0028837e1f10 30 1f 7e 83 28 00 00 00 98 90 c2 b1 66 00 00 00
                                 0028837e1f20 00 00 00 00 00 00 00 00 00 00 00 00 00 00 00 00
                                 0028837e1f30 50 1f 7e 83 28 00 00 00 40 9b c2 b1 66 00 00 00
                                 0028837e1f40 00 00 00 00 00 00 00 00 a0 eb f9 84 3a 00 00 00
                                 0028837e1f50 70 1f 7e 83 28 00 00 00 cc 93 c2 b1 66 00 00 00
                                 0028837e1f60 d0 31 fa 84 3a 00 00 00 20 30 fa 84 3a 00 00 00
                                 0028837e1f70 a0 1f 7e 83 28 00 00 00 48 eb 0d b3 66 00 00 00
                                 0028837e1f80 00 00 00 00 00 00 00 00 00 00 00 00 00 00 00 00
                                 0028837e1f90 00 00 00 00 00 00 00 00 20 30 fa 84 3a 00 00 00
                                 0028837e1fa0 d0 1f 7e 83 28 00 00 00 24 2b 0e b3 66 00 00 00
                                 0028837e1fb0 00 00 00 00 00 00 00 00 00 00 00 00 00 00 00 00
    TLS Address:                 0000004f84960600
    TLS Dump:                                 00 01 02 03 04 05 06 07 08 09 0a 0b 0c 0d 0e 0f
                                 004f84960600 00 00 00 00 00 00 00 00 00 00 00 00 00 00 00 00
                                 004f84960610 00 00 00 00 00 00 00 00 00 00 00 00 00 00 00 00
                                 004f84960620 00 00 00 00 00 00 00 00 00 00 00 00 00 00 00 00
                                 004f84960630 00 00 00 00 00 00 00 00 00 00 00 00 00 00 00 00
                                 004f84960640 00 00 00 00 00 00 00 00 00 00 00 00 00 00 00 00
                                 004f84960650 00 00 00 00 00 00 00 00 00 00 00 00 00 00 00 00
                                 004f84960660 00 00 00 00 00 00 00 00 00 00 00 00 00 00 00 00
                                 004f84960670 00 00 00 00 00 00 00 00 00 00 00 00 00 00 00 00
                                 004f84960680 00 00 00 00 00 00 00 00 00 00 00 00 00 00 00 00
                                 004f84960690 00 00 00 00 00 00 00 00 00 00 00 00 00 00 00 00
                                 004f849606a0 00 00 00 00 00 00 00 00 00 00 00 00 00 00 00 00
                                 004f849606b0 00 00 00 00 00 00 00 00 00 00 00 00 00 00 00 00
                                 004f849606c0 00 00 00 00 00 00 00 00 00 00 00 00 00 00 00 00
                                 004f849606d0 00 00 00 00 00 00 00 00 00 00 00 00 00 00 00 00
                                 004f849606e0 00 00 00 00 00 00 00 00 00 00 00 00 00 00 00 00
                                 004f849606f0 00 00 00 00 00 00 00 00 00 00 00 00 00 00 00 00
Threads[35]:
    Thread ID:                   0000000000000377
    Thread Name:                 UIScalableFont
    Stack Region:                00000028a3e2c000-00000028a3e30000
    Registers:
        X[00]:                   0000003a853cfe10
        X[01]:                   0000003a853cfe18
        X[02]:                   00000000002e01ba
        X[03]:                   ffffffffffffffff
        X[04]:                   0000000000000000
        X[05]:                   0000000000000000
        X[06]:                   0000000000000000
        X[07]:                   0000000000000000
        X[08]:                   0000000000000000
        X[09]:                   0000000000000000
        X[10]:                   0000000000000000
        X[11]:                   0000000000000000
        X[12]:                   0000000000000000
        X[13]:                   0000000000000000
        X[14]:                   0000000000000000
        X[15]:                   0000000000000000
        X[16]:                   0000000000000000
        X[17]:                   0000000000000000
        X[18]:                   0000000000000000
        X[19]:                   0000000000000000
        X[20]:                   0000000000000000
        X[21]:                   0000000000000000
        X[22]:                   0000000000000000
        X[23]:                   0000000000000000
        X[24]:                   0000000000000000
        X[25]:                   0000000000000000
        X[26]:                   0000000000000000
        X[27]:                   0000000000000000
        X[28]:                   0000000000000000
        FP:                      00000028a3e2fee0
        LR:                      00000066b30e39e8 (nnSdk + 0x969e8) (_ZN2nn2os6detail38InternalConditionVariableImplByHorizon4WaitEPNS1_23InternalCriticalSectionE + 0x30)
        SP:                      00000028a3e2fec0
        PC:                      00000066b30fe56c (nnSdk + 0xb156c)
    Stack Trace:
        ReturnAddress[00]:       00000066b30dbd38 (nnSdk + 0x8ed38) (_ZN2nn2os19ReceiveMessageQueueEPmPNS0_16MessageQueueTypeE + 0x3c)
        ReturnAddress[01]:       00000066b1c29098 (TurboS.nss + 0x625098)
        ReturnAddress[02]:       00000066b1c29b40 (TurboS.nss + 0x625b40)
        ReturnAddress[03]:       00000066b1c293cc (TurboS.nss + 0x6253cc)
        ReturnAddress[04]:       00000066b30deb48 (nnSdk + 0x91b48)
        ReturnAddress[05]:       00000066b30e2b24 (nnSdk + 0x95b24)
        ReturnAddress[06]:       0000000000000000
    Stack Dump:                               00 01 02 03 04 05 06 07 08 09 0a 0b 0c 0d 0e 0f
                                 0028a3e2fec0 00 00 00 00 00 00 00 00 00 00 00 00 00 00 00 00
                                 0028a3e2fed0 10 fe 3c 85 3a 00 00 00 d8 fd 3c 85 3a 00 00 00
                                 0028a3e2fee0 10 ff e2 a3 28 00 00 00 38 bd 0d b3 66 00 00 00
                                 0028a3e2fef0 00 00 00 00 00 00 00 00 d4 51 3e 85 3a 00 00 00
                                 0028a3e2ff00 d8 fd 3c 85 3a 00 00 00 a8 fd 3c 85 3a 00 00 00
                                 0028a3e2ff10 30 ff e2 a3 28 00 00 00 98 90 c2 b1 66 00 00 00
                                 0028a3e2ff20 00 00 00 00 00 00 00 00 00 00 00 00 00 00 00 00
                                 0028a3e2ff30 50 ff e2 a3 28 00 00 00 40 9b c2 b1 66 00 00 00
                                 0028a3e2ff40 00 00 00 00 00 00 00 00 a8 fd 3c 85 3a 00 00 00
                                 0028a3e2ff50 70 ff e2 a3 28 00 00 00 cc 93 c2 b1 66 00 00 00
                                 0028a3e2ff60 d0 51 3e 85 3a 00 00 00 20 50 3e 85 3a 00 00 00
                                 0028a3e2ff70 a0 ff e2 a3 28 00 00 00 48 eb 0d b3 66 00 00 00
                                 0028a3e2ff80 00 00 00 00 00 00 00 00 00 00 00 00 00 00 00 00
                                 0028a3e2ff90 00 00 00 00 00 00 00 00 20 50 3e 85 3a 00 00 00
                                 0028a3e2ffa0 d0 ff e2 a3 28 00 00 00 24 2b 0e b3 66 00 00 00
                                 0028a3e2ffb0 00 00 00 00 00 00 00 00 00 00 00 00 00 00 00 00
    TLS Address:                 0000004f84960800
    TLS Dump:                                 00 01 02 03 04 05 06 07 08 09 0a 0b 0c 0d 0e 0f
                                 004f84960800 00 00 00 00 00 00 00 00 00 00 00 00 00 00 00 00
                                 004f84960810 00 00 00 00 00 00 00 00 00 00 00 00 00 00 00 00
                                 004f84960820 00 00 00 00 00 00 00 00 00 00 00 00 00 00 00 00
                                 004f84960830 00 00 00 00 00 00 00 00 00 00 00 00 00 00 00 00
                                 004f84960840 00 00 00 00 00 00 00 00 00 00 00 00 00 00 00 00
                                 004f84960850 00 00 00 00 00 00 00 00 00 00 00 00 00 00 00 00
                                 004f84960860 00 00 00 00 00 00 00 00 00 00 00 00 00 00 00 00
                                 004f84960870 00 00 00 00 00 00 00 00 00 00 00 00 00 00 00 00
                                 004f84960880 00 00 00 00 00 00 00 00 00 00 00 00 00 00 00 00
                                 004f84960890 00 00 00 00 00 00 00 00 00 00 00 00 00 00 00 00
                                 004f849608a0 00 00 00 00 00 00 00 00 00 00 00 00 00 00 00 00
                                 004f849608b0 00 00 00 00 00 00 00 00 00 00 00 00 00 00 00 00
                                 004f849608c0 00 00 00 00 00 00 00 00 00 00 00 00 00 00 00 00
                                 004f849608d0 00 00 00 00 00 00 00 00 00 00 00 00 00 00 00 00
                                 004f849608e0 00 00 00 00 00 00 00 00 00 00 00 00 00 00 00 00
                                 004f849608f0 00 00 00 00 00 00 00 00 00 00 00 00 00 00 00 00
Threads[36]:
    Thread ID:                   0000000000000378
    Thread Name:                 repl::Thread
    Stack Region:                00000028d6a50000-00000028d6a69000
    Registers:
        X[00]:                   0000003a97e63288
        X[01]:                   0000003a97e63290
        X[02]:                   00000000003101b6
        X[03]:                   ffffffffffffffff
        X[04]:                   0000000000000000
        X[05]:                   0000000000000000
        X[06]:                   0000000000000000
        X[07]:                   0000000000000000
        X[08]:                   0000000000000000
        X[09]:                   0000000000000000
        X[10]:                   0000000000000000
        X[11]:                   0000000000000000
        X[12]:                   0000000000000000
        X[13]:                   0000000000000000
        X[14]:                   0000000000000000
        X[15]:                   0000000000000000
        X[16]:                   0000000000000000
        X[17]:                   0000000000000000
        X[18]:                   0000000000000000
        X[19]:                   0000000000000000
        X[20]:                   0000000000000000
        X[21]:                   0000000000000000
        X[22]:                   0000000000000000
        X[23]:                   0000000000000000
        X[24]:                   0000000000000000
        X[25]:                   0000000000000000
        X[26]:                   0000000000000000
        X[27]:                   0000000000000000
        X[28]:                   0000000000000000
        FP:                      00000028d6a68ee0
        LR:                      00000066b30e39e8 (nnSdk + 0x969e8) (_ZN2nn2os6detail38InternalConditionVariableImplByHorizon4WaitEPNS1_23InternalCriticalSectionE + 0x30)
        SP:                      00000028d6a68ec0
        PC:                      00000066b30fe56c (nnSdk + 0xb156c)
    Stack Trace:
        ReturnAddress[00]:       00000066b30dbd38 (nnSdk + 0x8ed38) (_ZN2nn2os19ReceiveMessageQueueEPmPNS0_16MessageQueueTypeE + 0x3c)
        ReturnAddress[01]:       00000066b1c29098 (TurboS.nss + 0x625098)
        ReturnAddress[02]:       00000066b1c29b40 (TurboS.nss + 0x625b40)
        ReturnAddress[03]:       00000066b1c293cc (TurboS.nss + 0x6253cc)
        ReturnAddress[04]:       00000066b30deb48 (nnSdk + 0x91b48)
        ReturnAddress[05]:       00000066b30e2b24 (nnSdk + 0x95b24)
        ReturnAddress[06]:       0000000000000000
    Stack Dump:                               00 01 02 03 04 05 06 07 08 09 0a 0b 0c 0d 0e 0f
                                 0028d6a68ec0 00 00 00 00 00 00 00 00 00 00 00 00 00 00 00 00
                                 0028d6a68ed0 88 32 e6 97 3a 00 00 00 50 32 e6 97 3a 00 00 00
                                 0028d6a68ee0 10 8f a6 d6 28 00 00 00 38 bd 0d b3 66 00 00 00
                                 0028d6a68ef0 00 00 00 00 00 00 00 00 d4 d1 e7 97 3a 00 00 00
                                 0028d6a68f00 50 32 e6 97 3a 00 00 00 20 32 e6 97 3a 00 00 00
                                 0028d6a68f10 30 8f a6 d6 28 00 00 00 98 90 c2 b1 66 00 00 00
                                 0028d6a68f20 20 32 e6 97 3a 00 00 00 01 00 00 00 00 00 00 00
                                 0028d6a68f30 50 8f a6 d6 28 00 00 00 40 9b c2 b1 66 00 00 00
                                 0028d6a68f40 00 00 00 00 00 00 00 00 20 32 e6 97 3a 00 00 00
                                 0028d6a68f50 70 8f a6 d6 28 00 00 00 cc 93 c2 b1 66 00 00 00
                                 0028d6a68f60 d0 d1 e7 97 3a 00 00 00 20 d0 e7 97 3a 00 00 00
                                 0028d6a68f70 a0 8f a6 d6 28 00 00 00 48 eb 0d b3 66 00 00 00
                                 0028d6a68f80 00 00 00 00 00 00 00 00 00 00 00 00 00 00 00 00
                                 0028d6a68f90 00 00 00 00 00 00 00 00 20 d0 e7 97 3a 00 00 00
                                 0028d6a68fa0 d0 8f a6 d6 28 00 00 00 24 2b 0e b3 66 00 00 00
                                 0028d6a68fb0 00 00 00 00 00 00 00 00 00 00 00 00 00 00 00 00
    TLS Address:                 0000004f84960a00
    TLS Dump:                                 00 01 02 03 04 05 06 07 08 09 0a 0b 0c 0d 0e 0f
                                 004f84960a00 00 00 00 00 00 00 00 00 00 00 00 00 00 00 00 00
                                 004f84960a10 00 00 00 00 00 00 00 00 00 00 00 00 00 00 00 00
                                 004f84960a20 00 00 00 00 00 00 00 00 00 00 00 00 00 00 00 00
                                 004f84960a30 00 00 00 00 00 00 00 00 00 00 00 00 00 00 00 00
                                 004f84960a40 00 00 00 00 00 00 00 00 00 00 00 00 00 00 00 00
                                 004f84960a50 00 00 00 00 00 00 00 00 00 00 00 00 00 00 00 00
                                 004f84960a60 00 00 00 00 00 00 00 00 00 00 00 00 00 00 00 00
                                 004f84960a70 00 00 00 00 00 00 00 00 00 00 00 00 00 00 00 00
                                 004f84960a80 00 00 00 00 00 00 00 00 00 00 00 00 00 00 00 00
                                 004f84960a90 00 00 00 00 00 00 00 00 00 00 00 00 00 00 00 00
                                 004f84960aa0 00 00 00 00 00 00 00 00 00 00 00 00 00 00 00 00
                                 004f84960ab0 00 00 00 00 00 00 00 00 00 00 00 00 00 00 00 00
                                 004f84960ac0 00 00 00 00 00 00 00 00 00 00 00 00 00 00 00 00
                                 004f84960ad0 00 00 00 00 00 00 00 00 00 00 00 00 00 00 00 00
                                 004f84960ae0 00 00 00 00 00 00 00 00 00 00 00 00 00 00 00 00
                                 004f84960af0 00 00 00 00 00 00 00 00 00 00 00 00 00 00 00 00
Threads[37]:
    Thread ID:                   0000000000000379
    Thread Name:                 repl::SZSThread
    Stack Region:                00000028868a0000-00000028868b9000
    Registers:
        X[00]:                   0000003a97e7d268
        X[01]:                   0000003a97e7d270
        X[02]:                   00000000003181b5
        X[03]:                   ffffffffffffffff
        X[04]:                   0000000000000000
        X[05]:                   0000000000000000
        X[06]:                   0000000000000000
        X[07]:                   0000000000000000
        X[08]:                   0000000000000000
        X[09]:                   0000000000000000
        X[10]:                   0000000000000000
        X[11]:                   0000000000000000
        X[12]:                   0000000000000000
        X[13]:                   0000000000000000
        X[14]:                   0000000000000000
        X[15]:                   0000000000000000
        X[16]:                   0000000000000000
        X[17]:                   0000000000000000
        X[18]:                   0000000000000000
        X[19]:                   0000000000000000
        X[20]:                   0000000000000000
        X[21]:                   0000000000000000
        X[22]:                   0000000000000000
        X[23]:                   0000000000000000
        X[24]:                   0000000000000000
        X[25]:                   0000000000000000
        X[26]:                   0000000000000000
        X[27]:                   0000000000000000
        X[28]:                   0000000000000000
        FP:                      00000028868b8ee0
        LR:                      00000066b30e39e8 (nnSdk + 0x969e8) (_ZN2nn2os6detail38InternalConditionVariableImplByHorizon4WaitEPNS1_23InternalCriticalSectionE + 0x30)
        SP:                      00000028868b8ec0
        PC:                      00000066b30fe56c (nnSdk + 0xb156c)
    Stack Trace:
        ReturnAddress[00]:       00000066b30dbd38 (nnSdk + 0x8ed38) (_ZN2nn2os19ReceiveMessageQueueEPmPNS0_16MessageQueueTypeE + 0x3c)
        ReturnAddress[01]:       00000066b1c29098 (TurboS.nss + 0x625098)
        ReturnAddress[02]:       00000066b1c29b40 (TurboS.nss + 0x625b40)
        ReturnAddress[03]:       00000066b1c293cc (TurboS.nss + 0x6253cc)
        ReturnAddress[04]:       00000066b30deb48 (nnSdk + 0x91b48)
        ReturnAddress[05]:       00000066b30e2b24 (nnSdk + 0x95b24)
        ReturnAddress[06]:       0000000000000000
    Stack Dump:                               00 01 02 03 04 05 06 07 08 09 0a 0b 0c 0d 0e 0f
                                 0028868b8ec0 00 00 00 00 00 00 00 00 00 00 00 00 00 00 00 00
                                 0028868b8ed0 68 d2 e7 97 3a 00 00 00 30 d2 e7 97 3a 00 00 00
                                 0028868b8ee0 10 8f 8b 86 28 00 00 00 38 bd 0d b3 66 00 00 00
                                 0028868b8ef0 00 00 00 00 00 00 00 00 d4 71 e9 97 3a 00 00 00
                                 0028868b8f00 30 d2 e7 97 3a 00 00 00 00 d2 e7 97 3a 00 00 00
                                 0028868b8f10 30 8f 8b 86 28 00 00 00 98 90 c2 b1 66 00 00 00
                                 0028868b8f20 00 d2 e7 97 3a 00 00 00 01 00 00 00 00 00 00 00
                                 0028868b8f30 50 8f 8b 86 28 00 00 00 40 9b c2 b1 66 00 00 00
                                 0028868b8f40 00 00 00 00 00 00 00 00 00 d2 e7 97 3a 00 00 00
                                 0028868b8f50 70 8f 8b 86 28 00 00 00 cc 93 c2 b1 66 00 00 00
                                 0028868b8f60 d0 71 e9 97 3a 00 00 00 20 70 e9 97 3a 00 00 00
                                 0028868b8f70 a0 8f 8b 86 28 00 00 00 48 eb 0d b3 66 00 00 00
                                 0028868b8f80 00 00 00 00 00 00 00 00 00 00 00 00 00 00 00 00
                                 0028868b8f90 00 00 00 00 00 00 00 00 20 70 e9 97 3a 00 00 00
                                 0028868b8fa0 d0 8f 8b 86 28 00 00 00 24 2b 0e b3 66 00 00 00
                                 0028868b8fb0 00 00 00 00 00 00 00 00 00 00 00 00 00 00 00 00
    TLS Address:                 0000004f84960c00
    TLS Dump:                                 00 01 02 03 04 05 06 07 08 09 0a 0b 0c 0d 0e 0f
                                 004f84960c00 00 00 00 00 00 00 00 00 00 00 00 00 00 00 00 00
                                 004f84960c10 00 00 00 00 00 00 00 00 00 00 00 00 00 00 00 00
                                 004f84960c20 00 00 00 00 00 00 00 00 00 00 00 00 00 00 00 00
                                 004f84960c30 00 00 00 00 00 00 00 00 00 00 00 00 00 00 00 00
                                 004f84960c40 00 00 00 00 00 00 00 00 00 00 00 00 00 00 00 00
                                 004f84960c50 00 00 00 00 00 00 00 00 00 00 00 00 00 00 00 00
                                 004f84960c60 00 00 00 00 00 00 00 00 00 00 00 00 00 00 00 00
                                 004f84960c70 00 00 00 00 00 00 00 00 00 00 00 00 00 00 00 00
                                 004f84960c80 00 00 00 00 00 00 00 00 00 00 00 00 00 00 00 00
                                 004f84960c90 00 00 00 00 00 00 00 00 00 00 00 00 00 00 00 00
                                 004f84960ca0 00 00 00 00 00 00 00 00 00 00 00 00 00 00 00 00
                                 004f84960cb0 00 00 00 00 00 00 00 00 00 00 00 00 00 00 00 00
                                 004f84960cc0 00 00 00 00 00 00 00 00 00 00 00 00 00 00 00 00
                                 004f84960cd0 00 00 00 00 00 00 00 00 00 00 00 00 00 00 00 00
                                 004f84960ce0 00 00 00 00 00 00 00 00 00 00 00 00 00 00 00 00
                                 004f84960cf0 00 00 00 00 00 00 00 00 00 00 00 00 00 00 00 00
Threads[38]:
    Thread ID:                   000000000000037a
    Thread Name:                 MiiActorMgrDelegateThread
    Stack Region:                000000287c7cd000-000000287c7dd000
    Registers:
        X[00]:                   0000000002dc6c00
        X[01]:                   00000000000e1000
        X[02]:                   0000000000000000
        X[03]:                   00000066b19e2204 (TurboS.nss + 0x3de204)
        X[04]:                   0000000000000000
        X[05]:                   0000000000000000
        X[06]:                   0000000000000000
        X[07]:                   0000000000000000
        X[08]:                   0000000000000000
        X[09]:                   0000000000000000
        X[10]:                   0000000000000000
        X[11]:                   0000000000000000
        X[12]:                   0000000000000000
        X[13]:                   0000000000000000
        X[14]:                   0000000000000000
        X[15]:                   0000000000000000
        X[16]:                   0000000000000000
        X[17]:                   0000000000000000
        X[18]:                   0000000000000000
        X[19]:                   0000000000000000
        X[20]:                   0000000000000000
        X[21]:                   0000000000000000
        X[22]:                   0000000000000000
        X[23]:                   0000000000000000
        X[24]:                   0000000000000000
        X[25]:                   0000000000000000
        X[26]:                   0000000000000000
        X[27]:                   0000000000000000
        X[28]:                   0000000000000000
        FP:                      000000287c7dcf50
        LR:                      00000066b1c29b34 (TurboS.nss + 0x625b34)
        SP:                      000000287c7dcf40
        PC:                      00000066b30fe49c (nnSdk + 0xb149c)
    Stack Trace:
        ReturnAddress[00]:       00000066b1c293cc (TurboS.nss + 0x6253cc)
        ReturnAddress[01]:       00000066b30deb48 (nnSdk + 0x91b48)
        ReturnAddress[02]:       00000066b30e2b24 (nnSdk + 0x95b24)
        ReturnAddress[03]:       0000000000000000
    Stack Dump:                               00 01 02 03 04 05 06 07 08 09 0a 0b 0c 0d 0e 0f
                                 00287c7dcf00 30 cf 7d 7c 28 00 00 00 24 22 9e b1 66 00 00 00
                                 00287c7dcf10 d4 81 5a a3 3a 00 00 00 80 90 c2 b1 66 00 00 00
                                 00287c7dcf20 f8 72 59 a3 3a 00 00 00 c8 72 59 a3 3a 00 00 00
                                 00287c7dcf30 50 cf 7d 7c 28 00 00 00 34 9b c2 b1 66 00 00 00
                                 00287c7dcf40 00 00 00 00 00 00 00 00 c8 72 59 a3 3a 00 00 00
                                 00287c7dcf50 70 cf 7d 7c 28 00 00 00 cc 93 c2 b1 66 00 00 00
                                 00287c7dcf60 d0 81 5a a3 3a 00 00 00 20 80 5a a3 3a 00 00 00
                                 00287c7dcf70 a0 cf 7d 7c 28 00 00 00 48 eb 0d b3 66 00 00 00
                                 00287c7dcf80 00 00 00 00 00 00 00 00 00 00 00 00 00 00 00 00
                                 00287c7dcf90 00 00 00 00 00 00 00 00 20 80 5a a3 3a 00 00 00
                                 00287c7dcfa0 d0 cf 7d 7c 28 00 00 00 24 2b 0e b3 66 00 00 00
                                 00287c7dcfb0 00 00 00 00 00 00 00 00 00 00 00 00 00 00 00 00
                                 00287c7dcfc0 00 00 00 00 00 00 00 00 7a 03 00 00 00 00 00 00
                                 00287c7dcfd0 00 00 00 00 00 00 00 00 00 00 00 00 00 00 00 00
                                 00287c7dcfe0 e8 ea 0d b3 66 00 00 00 00 00 00 00 00 00 00 00
                                 00287c7dcff0 00 00 00 00 00 00 00 00 00 00 00 00 00 00 00 00
    TLS Address:                 0000004f84960e00
    TLS Dump:                                 00 01 02 03 04 05 06 07 08 09 0a 0b 0c 0d 0e 0f
                                 004f84960e00 00 00 00 00 00 00 00 00 00 00 00 00 00 00 00 00
                                 004f84960e10 00 00 00 00 00 00 00 00 00 00 00 00 00 00 00 00
                                 004f84960e20 00 00 00 00 00 00 00 00 00 00 00 00 00 00 00 00
                                 004f84960e30 00 00 00 00 00 00 00 00 00 00 00 00 00 00 00 00
                                 004f84960e40 00 00 00 00 00 00 00 00 00 00 00 00 00 00 00 00
                                 004f84960e50 00 00 00 00 00 00 00 00 00 00 00 00 00 00 00 00
                                 004f84960e60 00 00 00 00 00 00 00 00 00 00 00 00 00 00 00 00
                                 004f84960e70 00 00 00 00 00 00 00 00 00 00 00 00 00 00 00 00
                                 004f84960e80 00 00 00 00 00 00 00 00 00 00 00 00 00 00 00 00
                                 004f84960e90 00 00 00 00 00 00 00 00 00 00 00 00 00 00 00 00
                                 004f84960ea0 00 00 00 00 00 00 00 00 00 00 00 00 00 00 00 00
                                 004f84960eb0 00 00 00 00 00 00 00 00 00 00 00 00 00 00 00 00
                                 004f84960ec0 00 00 00 00 00 00 00 00 00 00 00 00 00 00 00 00
                                 004f84960ed0 00 00 00 00 00 00 00 00 00 00 00 00 00 00 00 00
                                 004f84960ee0 00 00 00 00 00 00 00 00 00 00 00 00 00 00 00 00
                                 004f84960ef0 00 00 00 00 00 00 00 00 00 00 00 00 00 00 00 00
Threads[39]:
    Thread ID:                   000000000000037b
    Stack Region:                000000287ad41000-000000287ad81000
    Registers:
        X[00]:                   0000003a3e80b820
        X[01]:                   0000000000000000
        X[02]:                   0000000000000000
        X[03]:                   0000000000000000
        X[04]:                   0000000000000000
        X[05]:                   0000000000000000
        X[06]:                   0000000000000000
        X[07]:                   0000000000000000
        X[08]:                   0000000000000000
        X[09]:                   0000000000000000
        X[10]:                   0000000000000000
        X[11]:                   0000000000000000
        X[12]:                   0000000000000000
        X[13]:                   0000000000000000
        X[14]:                   0000000000000000
        X[15]:                   0000000000000000
        X[16]:                   0000000000000000
        X[17]:                   0000000000000000
        X[18]:                   9376754bb7358bef
        X[19]:                   0000000000000000
        X[20]:                   0000000000000000
        X[21]:                   0000000000000000
        X[22]:                   0000000000000000
        X[23]:                   0000000000000000
        X[24]:                   0000000000000000
        X[25]:                   0000000000000000
        X[26]:                   0000000000000000
        X[27]:                   0000000000000000
        X[28]:                   0000000000000000
        FP:                      0000000000000000
        LR:                      0000000000000000
        SP:                      000000287ad80fe0
        PC:                      00000066b30e2aac (nnSdk + 0x95aac)
    Stack Dump:                               00 01 02 03 04 05 06 07 08 09 0a 0b 0c 0d 0e 0f
                                 00287ad80f00 00 00 00 00 00 00 00 00 00 00 00 00 00 00 00 00
                                 00287ad80f10 00 00 00 00 00 00 00 00 00 00 00 00 00 00 00 00
                                 00287ad80f20 00 00 00 00 00 00 00 00 00 00 00 00 00 00 00 00
                                 00287ad80f30 00 00 00 00 00 00 00 00 00 00 00 00 00 00 00 00
                                 00287ad80f40 00 00 00 00 00 00 00 00 00 00 00 00 00 00 00 00
                                 00287ad80f50 00 00 00 00 00 00 00 00 00 00 00 00 00 00 00 00
                                 00287ad80f60 00 00 00 00 00 00 00 00 00 00 00 00 00 00 00 00
                                 00287ad80f70 00 00 00 00 00 00 00 00 00 00 00 00 00 00 00 00
                                 00287ad80f80 00 00 00 00 00 00 00 00 00 00 00 00 00 00 00 00
                                 00287ad80f90 00 00 00 00 00 00 00 00 00 00 00 00 00 00 00 00
                                 00287ad80fa0 00 00 00 00 00 00 00 00 00 00 00 00 00 00 00 00
                                 00287ad80fb0 00 00 00 00 00 00 00 00 00 00 00 00 00 00 00 00
                                 00287ad80fc0 00 00 00 00 00 00 00 00 00 00 00 00 00 00 00 00
                                 00287ad80fd0 00 00 00 00 00 00 00 00 00 00 00 00 00 00 00 00
                                 00287ad80fe0 e8 ea 0d b3 66 00 00 00 00 00 00 00 00 00 00 00
                                 00287ad80ff0 00 00 00 00 00 00 00 00 00 00 00 00 00 00 00 00
Threads[40]:
    Thread ID:                   000000000000037c
    Stack Region:                000000288052b000-000000288056b000
    Registers:
        X[00]:                   0000003a3e80b9f0
        X[01]:                   0000000000000000
        X[02]:                   0000000000000000
        X[03]:                   0000000000000000
        X[04]:                   0000000000000000
        X[05]:                   0000000000000000
        X[06]:                   0000000000000000
        X[07]:                   0000000000000000
        X[08]:                   0000000000000000
        X[09]:                   0000000000000000
        X[10]:                   0000000000000000
        X[11]:                   0000000000000000
        X[12]:                   0000000000000000
        X[13]:                   0000000000000000
        X[14]:                   0000000000000000
        X[15]:                   0000000000000000
        X[16]:                   0000000000000000
        X[17]:                   0000000000000000
        X[18]:                   9d22900d0202e02d
        X[19]:                   0000000000000000
        X[20]:                   0000000000000000
        X[21]:                   0000000000000000
        X[22]:                   0000000000000000
        X[23]:                   0000000000000000
        X[24]:                   0000000000000000
        X[25]:                   0000000000000000
        X[26]:                   0000000000000000
        X[27]:                   0000000000000000
        X[28]:                   0000000000000000
        FP:                      0000000000000000
        LR:                      0000000000000000
        SP:                      000000288056afe0
        PC:                      00000066b30e2aac (nnSdk + 0x95aac)
    Stack Dump:                               00 01 02 03 04 05 06 07 08 09 0a 0b 0c 0d 0e 0f
                                 00288056af00 00 00 00 00 00 00 00 00 00 00 00 00 00 00 00 00
                                 00288056af10 00 00 00 00 00 00 00 00 00 00 00 00 00 00 00 00
                                 00288056af20 00 00 00 00 00 00 00 00 00 00 00 00 00 00 00 00
                                 00288056af30 00 00 00 00 00 00 00 00 00 00 00 00 00 00 00 00
                                 00288056af40 00 00 00 00 00 00 00 00 00 00 00 00 00 00 00 00
                                 00288056af50 00 00 00 00 00 00 00 00 00 00 00 00 00 00 00 00
                                 00288056af60 00 00 00 00 00 00 00 00 00 00 00 00 00 00 00 00
                                 00288056af70 00 00 00 00 00 00 00 00 00 00 00 00 00 00 00 00
                                 00288056af80 00 00 00 00 00 00 00 00 00 00 00 00 00 00 00 00
                                 00288056af90 00 00 00 00 00 00 00 00 00 00 00 00 00 00 00 00
                                 00288056afa0 00 00 00 00 00 00 00 00 00 00 00 00 00 00 00 00
                                 00288056afb0 00 00 00 00 00 00 00 00 00 00 00 00 00 00 00 00
                                 00288056afc0 00 00 00 00 00 00 00 00 00 00 00 00 00 00 00 00
                                 00288056afd0 00 00 00 00 00 00 00 00 00 00 00 00 00 00 00 00
                                 00288056afe0 e8 ea 0d b3 66 00 00 00 00 00 00 00 00 00 00 00
                                 00288056aff0 00 00 00 00 00 00 00 00 00 00 00 00 00 00 00 00
Threads[41]:
    Thread ID:                   000000000000037d
    Thread Name:                 NuCachedSource2
    Stack Region:                00000028682d3000-00000028682f3000
    Registers:
        X[00]:                   0000003a3e869028
        X[01]:                   0000003a3e869034
        X[02]:                   00000000003381b1
        X[03]:                   000000003b9aa253
        X[04]:                   0000000000000000
        X[05]:                   0000000000000000
        X[06]:                   0000000000000000
        X[07]:                   0000000000000000
        X[08]:                   0000000000000000
        X[09]:                   0000000000000000
        X[10]:                   0000000000000000
        X[11]:                   0000000000000000
        X[12]:                   0000000000000000
        X[13]:                   0000000000000000
        X[14]:                   0000000000000000
        X[15]:                   0000000000000000
        X[16]:                   0000000000000000
        X[17]:                   0000000000000000
        X[18]:                   0000000000000000
        X[19]:                   0000000000000000
        X[20]:                   0000000000000000
        X[21]:                   0000000000000000
        X[22]:                   0000000000000000
        X[23]:                   0000000000000000
        X[24]:                   0000000000000000
        X[25]:                   0000000000000000
        X[26]:                   0000000000000000
        X[27]:                   0000000000000000
        X[28]:                   0000000000000000
        FP:                      00000028682f2eb0
        LR:                      00000066b30e3a64 (nnSdk + 0x96a64) (_ZN2nn2os6detail38InternalConditionVariableImplByHorizon9TimedWaitEPNS1_23InternalCriticalSectionERKNS1_13TimeoutHelperE + 0x44)
        SP:                      00000028682f2e90
        PC:                      00000066b30fe56c (nnSdk + 0xb156c)
    Stack Trace:
        ReturnAddress[00]:       00000066b30da120 (nnSdk + 0x8d120) (_ZN2nn2os26TimedWaitConditionVariableEPNS0_21ConditionVariableTypeEPNS0_9MutexTypeENS_8TimeSpanE + 0x84)
        ReturnAddress[01]:       00000066b2b43fb4 (multimedia + 0x1dcfb4) (_ZN7android7ALooper4loopEv + 0x8c)
        ReturnAddress[02]:       00000066b2c033c4 (multimedia + 0x29c3c4) (_ZN7android8SfThread11_threadLoopEPv + 0x15c)
        ReturnAddress[03]:       00000066b30deb48 (nnSdk + 0x91b48)
        ReturnAddress[04]:       00000066b30e2b24 (nnSdk + 0x95b24)
        ReturnAddress[05]:       0000000000000000
    Stack Dump:                               00 01 02 03 04 05 06 07 08 09 0a 0b 0c 0d 0e 0f
                                 0028682f2e90 ec 46 2f 98 01 00 00 00 e0 3c d8 39 3a 00 00 00
                                 0028682f2ea0 30 90 86 3e 3a 00 00 00 10 90 86 3e 3a 00 00 00
                                 0028682f2eb0 e0 2e 2f 68 28 00 00 00 20 a1 0d b3 66 00 00 00
                                 0028682f2ec0 92 b8 51 15 00 00 00 00 2d 3e 54 99 01 00 00 00
                                 0028682f2ed0 00 90 86 3e 3a 00 00 00 10 90 86 3e 3a 00 00 00
                                 0028682f2ee0 20 2f 2f 68 28 00 00 00 b4 3f b4 b2 66 00 00 00
                                 0028682f2ef0 00 00 00 00 00 00 00 00 00 00 00 00 00 00 00 00
                                 0028682f2f00 40 12 c7 39 3a 00 00 00 58 12 c7 39 3a 00 00 00
                                 0028682f2f10 38 2f 2f 68 28 00 00 00 40 12 c7 39 3a 00 00 00
                                 0028682f2f20 70 2f 2f 68 28 00 00 00 c4 33 c0 b2 66 00 00 00
                                 0028682f2f30 40 12 c7 39 3a 00 00 00 40 12 c7 39 3a 00 00 00
                                 0028682f2f40 c0 b9 d4 39 3a 00 00 00 40 12 c7 39 3a 00 00 00
                                 0028682f2f50 00 00 00 00 00 00 00 00 44 14 c7 39 3a 00 00 00
                                 0028682f2f60 40 14 c7 39 3a 00 00 00 90 12 c7 39 3a 00 00 00
                                 0028682f2f70 a0 2f 2f 68 28 00 00 00 48 eb 0d b3 66 00 00 00
                                 0028682f2f80 00 00 00 00 00 00 00 00 00 00 00 00 00 00 00 00
    TLS Address:                 000000564624b400
    TLS Dump:                                 00 01 02 03 04 05 06 07 08 09 0a 0b 0c 0d 0e 0f
                                 00564624b400 00 00 00 00 0c 00 00 00 00 00 00 00 00 00 00 00
                                 00564624b410 00 00 00 00 00 00 00 00 00 00 00 00 00 00 00 00
                                 00564624b420 53 46 43 4f 00 00 00 00 00 00 00 00 eb ca d2 c4
                                 00564624b430 00 00 00 00 00 00 00 00 00 00 00 00 00 00 00 00
                                 00564624b440 6c 97 3a a7 02 00 00 00 f2 36 00 00 00 00 00 00
                                 00564624b450 00 00 00 00 00 00 00 00 00 00 00 00 00 00 00 00
                                 00564624b460 00 00 00 00 00 00 00 00 00 00 00 00 00 00 00 00
                                 00564624b470 00 00 00 00 00 00 00 00 00 00 00 00 00 00 00 00
                                 00564624b480 00 00 00 00 00 00 00 00 00 00 00 00 00 00 00 00
                                 00564624b490 00 00 00 00 00 00 00 00 00 00 00 00 00 00 00 00
                                 00564624b4a0 00 00 00 00 00 00 00 00 00 00 00 00 00 00 00 00
                                 00564624b4b0 00 00 00 00 00 00 00 00 00 00 00 00 00 00 00 00
                                 00564624b4c0 00 00 00 00 00 00 00 00 00 00 00 00 00 00 00 00
                                 00564624b4d0 00 00 00 00 00 00 00 00 00 00 00 00 00 00 00 00
                                 00564624b4e0 00 00 00 00 00 00 00 00 00 00 00 00 00 00 00 00
                                 00564624b4f0 00 00 00 00 00 00 00 00 00 00 00 00 00 00 00 00
Threads[42]:
    Thread ID:                   000000000000037e
    Thread Name:                 MovieVideoDecoderCallback
    Stack Region:                000000289c069000-000000289c089000
    Registers:
        X[00]:                   0000003a3e869098
        X[01]:                   0000003a3e8690a4
        X[02]:                   00000000003401b0
        X[03]:                   ffffffffffffffff
        X[04]:                   0000000000000000
        X[05]:                   0000000000000000
        X[06]:                   0000000000000000
        X[07]:                   0000000000000000
        X[08]:                   0000000000000000
        X[09]:                   0000000000000000
        X[10]:                   0000000000000000
        X[11]:                   0000000000000000
        X[12]:                   0000000000000000
        X[13]:                   0000000000000000
        X[14]:                   0000000000000000
        X[15]:                   0000000000000000
        X[16]:                   0000000000000000
        X[17]:                   0000000000000000
        X[18]:                   0000000000000000
        X[19]:                   0000000000000000
        X[20]:                   0000000000000000
        X[21]:                   0000000000000000
        X[22]:                   0000000000000000
        X[23]:                   0000000000000000
        X[24]:                   0000000000000000
        X[25]:                   0000000000000000
        X[26]:                   0000000000000000
        X[27]:                   0000000000000000
        X[28]:                   0000000000000000
        FP:                      000000289c088ec0
        LR:                      00000066b30e39e8 (nnSdk + 0x969e8) (_ZN2nn2os6detail38InternalConditionVariableImplByHorizon4WaitEPNS1_23InternalCriticalSectionE + 0x30)
        SP:                      000000289c088ea0
        PC:                      00000066b30fe56c (nnSdk + 0xb156c)
    Stack Trace:
        ReturnAddress[00]:       00000066b30da060 (nnSdk + 0x8d060) (_ZN2nn2os21WaitConditionVariableEPNS0_21ConditionVariableTypeEPNS0_9MutexTypeE + 0x44)
        ReturnAddress[01]:       00000066b2b43fc4 (multimedia + 0x1dcfc4) (_ZN7android7ALooper4loopEv + 0x9c)
        ReturnAddress[02]:       00000066b2c033c4 (multimedia + 0x29c3c4) (_ZN7android8SfThread11_threadLoopEPv + 0x15c)
        ReturnAddress[03]:       00000066b30deb48 (nnSdk + 0x91b48)
        ReturnAddress[04]:       00000066b30e2b24 (nnSdk + 0x95b24)
        ReturnAddress[05]:       0000000000000000
    Stack Dump:                               00 01 02 03 04 05 06 07 08 09 0a 0b 0c 0d 0e 0f
                                 00289c088ea0 d0 14 c7 39 3a 00 00 00 80 90 86 3e 3a 00 00 00
                                 00289c088eb0 70 90 86 3e 3a 00 00 00 80 90 86 3e 3a 00 00 00
                                 00289c088ec0 e0 8e 08 9c 28 00 00 00 60 a0 0d b3 66 00 00 00
                                 00289c088ed0 80 90 86 3e 3a 00 00 00 80 90 86 3e 3a 00 00 00
                                 00289c088ee0 20 8f 08 9c 28 00 00 00 c4 3f b4 b2 66 00 00 00
                                 00289c088ef0 20 8f 08 9c 28 00 00 00 00 00 00 00 00 00 00 00
                                 00289c088f00 00 00 00 00 00 00 00 00 98 14 c7 39 3a 00 00 00
                                 00289c088f10 38 8f 08 9c 28 00 00 00 80 14 c7 39 3a 00 00 00
                                 00289c088f20 70 8f 08 9c 28 00 00 00 c4 33 c0 b2 66 00 00 00
                                 00289c088f30 00 00 00 00 00 00 00 00 80 14 c7 39 3a 00 00 00
                                 00289c088f40 e0 ba d4 39 3a 00 00 00 80 14 c7 39 3a 00 00 00
                                 00289c088f50 00 00 00 00 00 00 00 00 84 16 c7 39 3a 00 00 00
                                 00289c088f60 80 16 c7 39 3a 00 00 00 d0 14 c7 39 3a 00 00 00
                                 00289c088f70 a0 8f 08 9c 28 00 00 00 48 eb 0d b3 66 00 00 00
                                 00289c088f80 00 00 00 00 00 00 00 00 00 00 00 00 00 00 00 00
                                 00289c088f90 00 00 00 00 00 00 00 00 d0 14 c7 39 3a 00 00 00
    TLS Address:                 000000564624b600
    TLS Dump:                                 00 01 02 03 04 05 06 07 08 09 0a 0b 0c 0d 0e 0f
                                 00564624b600 00 00 00 00 00 00 00 00 00 00 00 00 00 00 00 00
                                 00564624b610 00 00 00 00 00 00 00 00 00 00 00 00 00 00 00 00
                                 00564624b620 00 00 00 00 00 00 00 00 00 00 00 00 00 00 00 00
                                 00564624b630 00 00 00 00 00 00 00 00 00 00 00 00 00 00 00 00
                                 00564624b640 00 00 00 00 00 00 00 00 00 00 00 00 00 00 00 00
                                 00564624b650 00 00 00 00 00 00 00 00 00 00 00 00 00 00 00 00
                                 00564624b660 00 00 00 00 00 00 00 00 00 00 00 00 00 00 00 00
                                 00564624b670 00 00 00 00 00 00 00 00 00 00 00 00 00 00 00 00
                                 00564624b680 00 00 00 00 00 00 00 00 00 00 00 00 00 00 00 00
                                 00564624b690 00 00 00 00 00 00 00 00 00 00 00 00 00 00 00 00
                                 00564624b6a0 00 00 00 00 00 00 00 00 00 00 00 00 00 00 00 00
                                 00564624b6b0 00 00 00 00 00 00 00 00 00 00 00 00 00 00 00 00
                                 00564624b6c0 00 00 00 00 00 00 00 00 00 00 00 00 00 00 00 00
                                 00564624b6d0 00 00 00 00 00 00 00 00 00 00 00 00 00 00 00 00
                                 00564624b6e0 00 00 00 00 00 00 00 00 00 00 00 00 00 00 00 00
                                 00564624b6f0 00 00 00 00 00 00 00 00 00 00 00 00 00 00 00 00
Threads[43]:
    Thread ID:                   000000000000037f
    Thread Name:                 MovieVideoDecoderLooper
    Stack Region:                00000028aa2ff000-00000028aa31f000
    Registers:
        X[00]:                   0000003a3e869108
        X[01]:                   0000003a3e869114
        X[02]:                   00000000003481af
        X[03]:                   ffffffffffffffff
        X[04]:                   0000000000000000
        X[05]:                   0000000000000000
        X[06]:                   0000000000000000
        X[07]:                   0000000000000000
        X[08]:                   0000000000000000
        X[09]:                   0000000000000000
        X[10]:                   0000000000000000
        X[11]:                   0000000000000000
        X[12]:                   0000000000000000
        X[13]:                   0000000000000000
        X[14]:                   0000000000000000
        X[15]:                   0000000000000000
        X[16]:                   0000000000000000
        X[17]:                   0000000000000000
        X[18]:                   0000000000000000
        X[19]:                   0000000000000000
        X[20]:                   0000000000000000
        X[21]:                   0000000000000000
        X[22]:                   0000000000000000
        X[23]:                   0000000000000000
        X[24]:                   0000000000000000
        X[25]:                   0000000000000000
        X[26]:                   0000000000000000
        X[27]:                   0000000000000000
        X[28]:                   0000000000000000
        FP:                      00000028aa31eec0
        LR:                      00000066b30e39e8 (nnSdk + 0x969e8) (_ZN2nn2os6detail38InternalConditionVariableImplByHorizon4WaitEPNS1_23InternalCriticalSectionE + 0x30)
        SP:                      00000028aa31eea0
        PC:                      00000066b30fe56c (nnSdk + 0xb156c)
    Stack Trace:
        ReturnAddress[00]:       00000066b30da060 (nnSdk + 0x8d060) (_ZN2nn2os21WaitConditionVariableEPNS0_21ConditionVariableTypeEPNS0_9MutexTypeE + 0x44)
        ReturnAddress[01]:       00000066b2b43fc4 (multimedia + 0x1dcfc4) (_ZN7android7ALooper4loopEv + 0x9c)
        ReturnAddress[02]:       00000066b2c033c4 (multimedia + 0x29c3c4) (_ZN7android8SfThread11_threadLoopEPv + 0x15c)
        ReturnAddress[03]:       00000066b30deb48 (nnSdk + 0x91b48)
        ReturnAddress[04]:       00000066b30e2b24 (nnSdk + 0x95b24)
        ReturnAddress[05]:       0000000000000000
    Stack Dump:                               00 01 02 03 04 05 06 07 08 09 0a 0b 0c 0d 0e 0f
                                 0028aa31eea0 10 17 c7 39 3a 00 00 00 f0 90 86 3e 3a 00 00 00
                                 0028aa31eeb0 e0 90 86 3e 3a 00 00 00 f0 90 86 3e 3a 00 00 00
                                 0028aa31eec0 e0 ee 31 aa 28 00 00 00 60 a0 0d b3 66 00 00 00
                                 0028aa31eed0 f0 90 86 3e 3a 00 00 00 f0 90 86 3e 3a 00 00 00
                                 0028aa31eee0 20 ef 31 aa 28 00 00 00 c4 3f b4 b2 66 00 00 00
                                 0028aa31eef0 00 00 00 00 00 00 00 00 00 00 00 00 00 00 00 00
                                 0028aa31ef00 c0 16 c7 39 3a 00 00 00 d8 16 c7 39 3a 00 00 00
                                 0028aa31ef10 38 ef 31 aa 28 00 00 00 c0 16 c7 39 3a 00 00 00
                                 0028aa31ef20 70 ef 31 aa 28 00 00 00 c4 33 c0 b2 66 00 00 00
                                 0028aa31ef30 c0 16 c7 39 3a 00 00 00 c0 16 c7 39 3a 00 00 00
                                 0028aa31ef40 20 bb d4 39 3a 00 00 00 c0 16 c7 39 3a 00 00 00
                                 0028aa31ef50 00 00 00 00 00 00 00 00 c4 18 c7 39 3a 00 00 00
                                 0028aa31ef60 c0 18 c7 39 3a 00 00 00 10 17 c7 39 3a 00 00 00
                                 0028aa31ef70 a0 ef 31 aa 28 00 00 00 48 eb 0d b3 66 00 00 00
                                 0028aa31ef80 00 00 00 00 00 00 00 00 00 00 00 00 00 00 00 00
                                 0028aa31ef90 00 00 00 00 00 00 00 00 10 17 c7 39 3a 00 00 00
    TLS Address:                 000000564624b800
    TLS Dump:                                 00 01 02 03 04 05 06 07 08 09 0a 0b 0c 0d 0e 0f
                                 00564624b800 00 00 00 00 00 00 00 00 00 00 00 00 00 00 00 00
                                 00564624b810 00 00 00 00 00 00 00 00 00 00 00 00 00 00 00 00
                                 00564624b820 00 00 00 00 00 00 00 00 00 00 00 00 00 00 00 00
                                 00564624b830 00 00 00 00 00 00 00 00 00 00 00 00 00 00 00 00
                                 00564624b840 00 00 00 00 00 00 00 00 00 00 00 00 00 00 00 00
                                 00564624b850 00 00 00 00 00 00 00 00 00 00 00 00 00 00 00 00
                                 00564624b860 00 00 00 00 00 00 00 00 00 00 00 00 00 00 00 00
                                 00564624b870 00 00 00 00 00 00 00 00 00 00 00 00 00 00 00 00
                                 00564624b880 00 00 00 00 00 00 00 00 00 00 00 00 00 00 00 00
                                 00564624b890 00 00 00 00 00 00 00 00 00 00 00 00 00 00 00 00
                                 00564624b8a0 00 00 00 00 00 00 00 00 00 00 00 00 00 00 00 00
                                 00564624b8b0 00 00 00 00 00 00 00 00 00 00 00 00 00 00 00 00
                                 00564624b8c0 00 00 00 00 00 00 00 00 00 00 00 00 00 00 00 00
                                 00564624b8d0 00 00 00 00 00 00 00 00 00 00 00 00 00 00 00 00
                                 00564624b8e0 00 00 00 00 00 00 00 00 00 00 00 00 00 00 00 00
                                 00564624b8f0 00 00 00 00 00 00 00 00 00 00 00 00 00 00 00 00
Threads[44]:
    Thread ID:                   0000000000000380
    Thread Name:                 CodecLooper
    Stack Region:                00000028cdd88000-00000028cdda8000
    Registers:
        X[00]:                   0000003a3e869178
        X[01]:                   0000003a3e869184
        X[02]:                   00000000003501ae
        X[03]:                   ffffffffffffffff
        X[04]:                   0000000000000000
        X[05]:                   0000000000000000
        X[06]:                   0000000000000000
        X[07]:                   0000000000000000
        X[08]:                   0000000000000000
        X[09]:                   0000000000000000
        X[10]:                   0000000000000000
        X[11]:                   0000000000000000
        X[12]:                   0000000000000000
        X[13]:                   0000000000000000
        X[14]:                   0000000000000000
        X[15]:                   0000000000000000
        X[16]:                   0000000000000000
        X[17]:                   0000000000000000
        X[18]:                   0000000000000000
        X[19]:                   0000000000000000
        X[20]:                   0000000000000000
        X[21]:                   0000000000000000
        X[22]:                   0000000000000000
        X[23]:                   0000000000000000
        X[24]:                   0000000000000000
        X[25]:                   0000000000000000
        X[26]:                   0000000000000000
        X[27]:                   0000000000000000
        X[28]:                   0000000000000000
        FP:                      00000028cdda7ec0
        LR:                      00000066b30e39e8 (nnSdk + 0x969e8) (_ZN2nn2os6detail38InternalConditionVariableImplByHorizon4WaitEPNS1_23InternalCriticalSectionE + 0x30)
        SP:                      00000028cdda7ea0
        PC:                      00000066b30fe56c (nnSdk + 0xb156c)
    Stack Trace:
        ReturnAddress[00]:       00000066b30da060 (nnSdk + 0x8d060) (_ZN2nn2os21WaitConditionVariableEPNS0_21ConditionVariableTypeEPNS0_9MutexTypeE + 0x44)
        ReturnAddress[01]:       00000066b2b43fc4 (multimedia + 0x1dcfc4) (_ZN7android7ALooper4loopEv + 0x9c)
        ReturnAddress[02]:       00000066b2c033c4 (multimedia + 0x29c3c4) (_ZN7android8SfThread11_threadLoopEPv + 0x15c)
        ReturnAddress[03]:       00000066b30deb48 (nnSdk + 0x91b48)
        ReturnAddress[04]:       00000066b30e2b24 (nnSdk + 0x95b24)
        ReturnAddress[05]:       0000000000000000
    Stack Dump:                               00 01 02 03 04 05 06 07 08 09 0a 0b 0c 0d 0e 0f
                                 0028cdda7ea0 50 19 c7 39 3a 00 00 00 60 91 86 3e 3a 00 00 00
                                 0028cdda7eb0 50 91 86 3e 3a 00 00 00 60 91 86 3e 3a 00 00 00
                                 0028cdda7ec0 e0 7e da cd 28 00 00 00 60 a0 0d b3 66 00 00 00
                                 0028cdda7ed0 60 91 86 3e 3a 00 00 00 60 91 86 3e 3a 00 00 00
                                 0028cdda7ee0 20 7f da cd 28 00 00 00 c4 3f b4 b2 66 00 00 00
                                 0028cdda7ef0 00 00 00 00 00 00 00 00 00 00 00 00 00 00 00 00
                                 0028cdda7f00 00 19 c7 39 3a 00 00 00 18 19 c7 39 3a 00 00 00
                                 0028cdda7f10 38 7f da cd 28 00 00 00 00 19 c7 39 3a 00 00 00
                                 0028cdda7f20 70 7f da cd 28 00 00 00 c4 33 c0 b2 66 00 00 00
                                 0028cdda7f30 00 19 c7 39 3a 00 00 00 00 19 c7 39 3a 00 00 00
                                 0028cdda7f40 c0 bc d4 39 3a 00 00 00 00 19 c7 39 3a 00 00 00
                                 0028cdda7f50 00 00 00 00 00 00 00 00 04 1b c7 39 3a 00 00 00
                                 0028cdda7f60 00 1b c7 39 3a 00 00 00 50 19 c7 39 3a 00 00 00
                                 0028cdda7f70 a0 7f da cd 28 00 00 00 48 eb 0d b3 66 00 00 00
                                 0028cdda7f80 00 00 00 00 00 00 00 00 00 00 00 00 00 00 00 00
                                 0028cdda7f90 00 00 00 00 00 00 00 00 50 19 c7 39 3a 00 00 00
    TLS Address:                 000000564624ba00
    TLS Dump:                                 00 01 02 03 04 05 06 07 08 09 0a 0b 0c 0d 0e 0f
                                 00564624ba00 00 00 00 00 00 00 00 00 00 00 00 00 00 00 00 00
                                 00564624ba10 00 00 00 00 00 00 00 00 00 00 00 00 00 00 00 00
                                 00564624ba20 00 00 00 00 00 00 00 00 00 00 00 00 00 00 00 00
                                 00564624ba30 00 00 00 00 00 00 00 00 00 00 00 00 00 00 00 00
                                 00564624ba40 00 00 00 00 00 00 00 00 00 00 00 00 00 00 00 00
                                 00564624ba50 00 00 00 00 00 00 00 00 00 00 00 00 00 00 00 00
                                 00564624ba60 00 00 00 00 00 00 00 00 00 00 00 00 00 00 00 00
                                 00564624ba70 00 00 00 00 00 00 00 00 00 00 00 00 00 00 00 00
                                 00564624ba80 00 00 00 00 00 00 00 00 00 00 00 00 00 00 00 00
                                 00564624ba90 00 00 00 00 00 00 00 00 00 00 00 00 00 00 00 00
                                 00564624baa0 00 00 00 00 00 00 00 00 00 00 00 00 00 00 00 00
                                 00564624bab0 00 00 00 00 00 00 00 00 00 00 00 00 00 00 00 00
                                 00564624bac0 00 00 00 00 00 00 00 00 00 00 00 00 00 00 00 00
                                 00564624bad0 00 00 00 00 00 00 00 00 00 00 00 00 00 00 00 00
                                 00564624bae0 00 00 00 00 00 00 00 00 00 00 00 00 00 00 00 00
                                 00564624baf0 00 00 00 00 00 00 00 00 00 00 00 00 00 00 00 00
Threads[45]:
    Thread ID:                   0000000000000381
    Thread Name:                 NvMMNvxRunWorkerThread
    Stack Region:                000000286f4b6000-000000286f4d6000
    Registers:
        X[00]:                   0000003a39c1429c
        X[01]:                   0000003a39c142a0
        X[02]:                   00000000003581ad
        X[03]:                   000f423ffff0bb4f
        X[04]:                   0000000000000000
        X[05]:                   0000000000000000
        X[06]:                   0000000000000000
        X[07]:                   0000000000000000
        X[08]:                   0000000000000000
        X[09]:                   0000000000000000
        X[10]:                   0000000000000000
        X[11]:                   0000000000000000
        X[12]:                   0000000000000000
        X[13]:                   0000000000000000
        X[14]:                   0000000000000000
        X[15]:                   0000000000000000
        X[16]:                   0000000000000000
        X[17]:                   0000000000000000
        X[18]:                   0000000000000000
        X[19]:                   0000000000000000
        X[20]:                   0000000000000000
        X[21]:                   0000000000000000
        X[22]:                   0000000000000000
        X[23]:                   0000000000000000
        X[24]:                   0000000000000000
        X[25]:                   0000000000000000
        X[26]:                   0000000000000000
        X[27]:                   0000000000000000
        X[28]:                   0000000000000000
        FP:                      000000286f4d5ef0
        LR:                      00000066b30e3a64 (nnSdk + 0x96a64) (_ZN2nn2os6detail38InternalConditionVariableImplByHorizon9TimedWaitEPNS1_23InternalCriticalSectionERKNS1_13TimeoutHelperE + 0x44)
        SP:                      000000286f4d5ed0
        PC:                      00000066b30fe56c (nnSdk + 0xb156c)
    Stack Trace:
        ReturnAddress[00]:       00000066b30dcfb8 (nnSdk + 0x8ffb8) (_ZN2nn2os21TimedAcquireSemaphoreEPNS0_13SemaphoreTypeENS_8TimeSpanE + 0xa4)
        ReturnAddress[01]:       00000066b32b07e0 (nnSdk + 0x2637e0) (NvOsSemaphoreWaitTimeout + 0x18)
        ReturnAddress[02]:       00000066b298b1b0 (multimedia + 0x241b0)
        ReturnAddress[03]:       00000066b30deb48 (nnSdk + 0x91b48)
        ReturnAddress[04]:       00000066b30e2b24 (nnSdk + 0x95b24)
        ReturnAddress[05]:       0000000000000000
    Stack Dump:                               00 01 02 03 04 05 06 07 08 09 0a 0b 0c 0d 0e 0f
                                 00286f4d5ed0 a0 42 c1 39 3a 00 00 00 c0 bd f0 ff 3f 42 0f 00
                                 00286f4d5ee0 9c 42 c1 39 3a 00 00 00 80 42 c1 39 3a 00 00 00
                                 00286f4d5ef0 20 5f 4d 6f 28 00 00 00 b8 cf 0d b3 66 00 00 00
                                 00286f4d5f00 01 10 00 80 00 00 00 00 90 5e d0 35 01 4b 00 00
                                 00286f4d5f10 ff ff ff ff 00 00 00 00 08 70 9b 3e 3a 00 00 00
                                 00286f4d5f20 30 5f 4d 6f 28 00 00 00 e0 07 2b b3 66 00 00 00
                                 00286f4d5f30 70 5f 4d 6f 28 00 00 00 b0 b1 98 b2 66 00 00 00
                                 00286f4d5f40 00 00 00 00 00 00 00 00 ff ff ff ff 00 00 00 00
                                 00286f4d5f50 00 00 00 00 00 00 00 00 b4 c1 d5 39 3a 00 00 00
                                 00286f4d5f60 b0 c1 d5 39 3a 00 00 00 00 c0 d5 39 3a 00 00 00
                                 00286f4d5f70 a0 5f 4d 6f 28 00 00 00 48 eb 0d b3 66 00 00 00
                                 00286f4d5f80 00 00 00 00 00 00 00 00 00 00 00 00 00 00 00 00
                                 00286f4d5f90 00 00 00 00 00 00 00 00 00 c0 d5 39 3a 00 00 00
                                 00286f4d5fa0 d0 5f 4d 6f 28 00 00 00 24 2b 0e b3 66 00 00 00
                                 00286f4d5fb0 00 00 00 00 00 00 00 00 00 00 00 00 00 00 00 00
                                 00286f4d5fc0 00 00 00 00 00 00 00 00 81 03 00 00 00 00 00 00
    TLS Address:                 000000564624bc00
    TLS Dump:                                 00 01 02 03 04 05 06 07 08 09 0a 0b 0c 0d 0e 0f
                                 00564624bc00 00 00 00 00 00 00 00 00 00 00 00 00 00 00 00 00
                                 00564624bc10 00 00 00 00 00 00 00 00 00 00 00 00 00 00 00 00
                                 00564624bc20 00 00 00 00 00 00 00 00 00 00 00 00 00 00 00 00
                                 00564624bc30 00 00 00 00 00 00 00 00 00 00 00 00 00 00 00 00
                                 00564624bc40 00 00 00 00 00 00 00 00 00 00 00 00 00 00 00 00
                                 00564624bc50 00 00 00 00 00 00 00 00 00 00 00 00 00 00 00 00
                                 00564624bc60 00 00 00 00 00 00 00 00 00 00 00 00 00 00 00 00
                                 00564624bc70 00 00 00 00 00 00 00 00 00 00 00 00 00 00 00 00
                                 00564624bc80 00 00 00 00 00 00 00 00 00 00 00 00 00 00 00 00
                                 00564624bc90 00 00 00 00 00 00 00 00 00 00 00 00 00 00 00 00
                                 00564624bca0 00 00 00 00 00 00 00 00 00 00 00 00 00 00 00 00
                                 00564624bcb0 00 00 00 00 00 00 00 00 00 00 00 00 00 00 00 00
                                 00564624bcc0 00 00 00 00 00 00 00 00 00 00 00 00 00 00 00 00
                                 00564624bcd0 00 00 00 00 00 00 00 00 00 00 00 00 00 00 00 00
                                 00564624bce0 00 00 00 00 00 00 00 00 00 00 00 00 00 00 00 00
                                 00564624bcf0 00 00 00 00 00 00 00 00 00 00 00 00 00 00 00 00
Threads[46]:
    Thread ID:                   0000000000000382
    Thread Name:                 OMXCallbackDisp
    Stack Region:                00000028847bc000-00000028847dc000
    Registers:
        X[00]:                   0000003a39c17308
        X[01]:                   0000003a39c17320
        X[02]:                   00000000003601ac
        X[03]:                   ffffffffffffffff
        X[04]:                   0000000000000000
        X[05]:                   0000000000000000
        X[06]:                   0000000000000000
        X[07]:                   0000000000000000
        X[08]:                   0000000000000000
        X[09]:                   0000000000000000
        X[10]:                   0000000000000000
        X[11]:                   0000000000000000
        X[12]:                   0000000000000000
        X[13]:                   0000000000000000
        X[14]:                   0000000000000000
        X[15]:                   0000000000000000
        X[16]:                   0000000000000000
        X[17]:                   0000000000000000
        X[18]:                   0000000000000000
        X[19]:                   0000000000000000
        X[20]:                   0000000000000000
        X[21]:                   0000000000000000
        X[22]:                   0000000000000000
        X[23]:                   0000000000000000
        X[24]:                   0000000000000000
        X[25]:                   0000000000000000
        X[26]:                   0000000000000000
        X[27]:                   0000000000000000
        X[28]:                   0000000000000000
        FP:                      00000028847dbea0
        LR:                      00000066b30e39e8 (nnSdk + 0x969e8) (_ZN2nn2os6detail38InternalConditionVariableImplByHorizon4WaitEPNS1_23InternalCriticalSectionE + 0x30)
        SP:                      00000028847dbe80
        PC:                      00000066b30fe56c (nnSdk + 0xb156c)
    Stack Trace:
        ReturnAddress[00]:       00000066b30da060 (nnSdk + 0x8d060) (_ZN2nn2os21WaitConditionVariableEPNS0_21ConditionVariableTypeEPNS0_9MutexTypeE + 0x44)
        ReturnAddress[01]:       00000066b2b6cddc (multimedia + 0x205ddc) (_ZN7android3OMX18CallbackDispatcher4loopEv + 0x4c)
        ReturnAddress[02]:       00000066b2b6ce7c (multimedia + 0x205e7c) (_ZN7android3OMX24CallbackDispatcherThread10threadLoopEv + 0x10)
        ReturnAddress[03]:       00000066b2c033c4 (multimedia + 0x29c3c4) (_ZN7android8SfThread11_threadLoopEPv + 0x15c)
        ReturnAddress[04]:       00000066b30deb48 (nnSdk + 0x91b48)
        ReturnAddress[05]:       00000066b30e2b24 (nnSdk + 0x95b24)
        ReturnAddress[06]:       0000000000000000
    Stack Dump:                               00 01 02 03 04 05 06 07 08 09 0a 0b 0c 0d 0e 0f
                                 0028847dbe80 90 1b c7 39 3a 00 00 00 f0 72 c1 39 3a 00 00 00
                                 0028847dbe90 e0 72 c1 39 3a 00 00 00 f0 72 c1 39 3a 00 00 00
                                 0028847dbea0 c0 be 7d 84 28 00 00 00 60 a0 0d b3 66 00 00 00
                                 0028847dbeb0 f0 72 c1 39 3a 00 00 00 f0 72 c1 39 3a 00 00 00
                                 0028847dbec0 10 bf 7d 84 28 00 00 00 dc cd b6 b2 66 00 00 00
                                 0028847dbed0 c8 bf 7d 84 28 00 00 00 00 00 00 00 00 00 00 00
                                 0028847dbee0 00 00 00 00 00 00 00 00 00 00 00 00 00 00 00 00
                                 0028847dbef0 58 1b c7 39 3a 00 00 00 00 00 00 00 00 00 00 00
                                 0028847dbf00 38 bf 7d 84 28 00 00 00 40 1b c7 39 3a 00 00 00
                                 0028847dbf10 20 bf 7d 84 28 00 00 00 7c ce b6 b2 66 00 00 00
                                 0028847dbf20 70 bf 7d 84 28 00 00 00 c4 33 c0 b2 66 00 00 00
                                 0028847dbf30 00 00 00 00 00 00 00 00 40 1b c7 39 3a 00 00 00
                                 0028847dbf40 80 be d4 39 3a 00 00 00 40 1b c7 39 3a 00 00 00
                                 0028847dbf50 00 00 00 00 00 00 00 00 44 1d c7 39 3a 00 00 00
                                 0028847dbf60 40 1d c7 39 3a 00 00 00 90 1b c7 39 3a 00 00 00
                                 0028847dbf70 a0 bf 7d 84 28 00 00 00 48 eb 0d b3 66 00 00 00
    TLS Address:                 000000564624be00
    TLS Dump:                                 00 01 02 03 04 05 06 07 08 09 0a 0b 0c 0d 0e 0f
                                 00564624be00 00 00 00 00 00 00 00 00 00 00 00 00 00 00 00 00
                                 00564624be10 00 00 00 00 00 00 00 00 00 00 00 00 00 00 00 00
                                 00564624be20 00 00 00 00 00 00 00 00 00 00 00 00 00 00 00 00
                                 00564624be30 00 00 00 00 00 00 00 00 00 00 00 00 00 00 00 00
                                 00564624be40 00 00 00 00 00 00 00 00 00 00 00 00 00 00 00 00
                                 00564624be50 00 00 00 00 00 00 00 00 00 00 00 00 00 00 00 00
                                 00564624be60 00 00 00 00 00 00 00 00 00 00 00 00 00 00 00 00
                                 00564624be70 00 00 00 00 00 00 00 00 00 00 00 00 00 00 00 00
                                 00564624be80 00 00 00 00 00 00 00 00 00 00 00 00 00 00 00 00
                                 00564624be90 00 00 00 00 00 00 00 00 00 00 00 00 00 00 00 00
                                 00564624bea0 00 00 00 00 00 00 00 00 00 00 00 00 00 00 00 00
                                 00564624beb0 00 00 00 00 00 00 00 00 00 00 00 00 00 00 00 00
                                 00564624bec0 00 00 00 00 00 00 00 00 00 00 00 00 00 00 00 00
                                 00564624bed0 00 00 00 00 00 00 00 00 00 00 00 00 00 00 00 00
                                 00564624bee0 00 00 00 00 00 00 00 00 00 00 00 00 00 00 00 00
                                 00564624bef0 00 00 00 00 00 00 00 00 00 00 00 00 00 00 00 00
