Atmosphère Crash Report (v1.7):
Result:                          0xCA8 (2168-0006)

Process Info:
    Process Name:                Application
    Program ID:                  0100152000022000
    Process ID:                  000000000000008f
    Process Flags:               00000077
    User Exception Address:      0000002638958000
Exception Info:
    Type:                        User Break
    Address:                     00000052622fe5d8 (nnSdk + 0xb15d8)
    Break Reason:                0x0
    Break Address:               0000000000000000
    Break Size:                  0x0
Crashed Thread Info:
    Thread ID:                   00000000000002ab
    Thread Name:                 ControllerAppletThread
    Stack Region:                00000006d020a000-00000006d020c000
    Registers:
        X[00]:                   0000000000000000
        X[01]:                   0000000000000000
        X[02]:                   0000000000000000
        X[03]:                   0000000000000000
        X[04]:                   0000000000000000
        X[05]:                   0000000000000000
        X[06]:                   0000000000000000
        X[07]:                   0000000000000000
        X[08]:                   0000000000000000
        X[09]:                   0000000000000000
        X[10]:                   0000000000000000
        X[11]:                   0000000000000000
        X[12]:                   0000000000000000
        X[13]:                   0000000000000000
        X[14]:                   0000000000000000
        X[15]:                   0000000000000000
        X[16]:                   0000000000000000
        X[17]:                   0000000000000000
        X[18]:                   0000000000000000
        X[19]:                   0000000000000000
        X[20]:                   0000000000000000
        X[21]:                   0000000000000000
        X[22]:                   0000000000000000
        X[23]:                   0000000000000000
        X[24]:                   0000000000000000
        X[25]:                   0000000000000000
        X[26]:                   0000000000000000
        X[27]:                   0000000000000000
        X[28]:                   0000000000000000
        FP:                      00000006d020bcd0
        LR:                      00000052622926dc (nnSdk + 0x456dc) (_ZN2nn4diag6detail5AbortEv + 0x18)
        SP:                      00000006d020bcd0
        PC:                      00000052622fe5d4 (nnSdk + 0xb15d4)
    Stack Trace:
        ReturnAddress[00]:       00000052622914a8 (nnSdk + 0x444a8) (_ZN2nn4diag6detail9AbortImplEPKcS3_S3_iPKNS_6ResultEPKNS_2os17UserExceptionInfoES3_z + 0x0)
        ReturnAddress[01]:       0000005262291560 (nnSdk + 0x44560) (_ZN2nn4diag6detail9AbortImplEPKcS3_S3_iS3_z + 0x0)
        ReturnAddress[02]:       00000052622915f0 (nnSdk + 0x445f0) (_ZN2nn4diag6detail18OnAssertionFailureENS0_13AssertionTypeEPKcS4_S4_iS4_z + 0x0)
        ReturnAddress[03]:       0000005262401a00 (nnSdk + 0x1b4a00) (_ZN2nn2la22StartLibraryAppletEasyENS_6applet8AppletIdERKNS0_21CommonArgumentsWriterEPKvmPvmPmb + 0x0)
        ReturnAddress[04]:       000000526249bf70 (nnSdk + 0x24ef70) (_ZN2nn3hid6detail25ShowControllerSupportCoreEPNS0_27ControllerSupportResultInfoERKNS0_20ControllerSupportArgERKNS0_6system27Con + 0xc0)
        ReturnAddress[05]:       000000526249c1dc (nnSdk + 0x24f1dc) (_ZN2nn3hid21ShowControllerSupportEPNS0_27ControllerSupportResultInfoERKNS0_20ControllerSupportArgE + 0x48)
        ReturnAddress[06]:       0000005261071bec (TurboS.nss + 0x86dbec)
        ReturnAddress[07]:       0000005260e29b34 (TurboS.nss + 0x625b34)
        ReturnAddress[08]:       0000005260e293cc (TurboS.nss + 0x6253cc)
        ReturnAddress[09]:       00000052622deb48 (nnSdk + 0x91b48)
        ReturnAddress[10]:       00000052622e2b24 (nnSdk + 0x95b24)
        ReturnAddress[11]:       0000000000000000
    Stack Dump:                               00 01 02 03 04 05 06 07 08 09 0a 0b 0c 0d 0e 0f
                                 0006d020bcd0 70 bd 20 d0 06 00 00 00 a8 14 29 62 52 00 00 00
                                 0006d020bce0 03 00 00 00 52 00 00 00 50 bd 20 d0 06 00 00 00
                                 0006d020bcf0 c0 46 9e 62 52 00 00 00 c0 46 9e 62 52 00 00 00
                                 0006d020bd00 c0 46 9e 62 52 00 00 00 00 00 00 00 00 00 00 00
                                 0006d020bd10 00 00 00 00 00 00 00 00 00 00 00 00 00 00 00 00
                                 0006d020bd20 03 00 00 00 52 00 00 00 50 bd 20 d0 06 00 00 00
                                 0006d020bd30 c0 46 9e 62 52 00 00 00 c0 46 9e 62 52 00 00 00
                                 0006d020bd40 c0 46 9e 62 52 00 00 00 00 00 00 00 00 00 00 00
                                 0006d020bd50 c0 46 9e 62 52 00 00 00 10 be 20 d0 06 00 00 00
                                 0006d020bd60 05 18 ac 69 3a 00 00 00 20 c7 bf 62 52 00 00 00
                                 0006d020bd70 30 be 20 d0 06 00 00 00 60 15 29 62 52 00 00 00
                                 0006d020bd80 00 00 00 00 00 00 00 00 00 00 00 00 00 00 00 00
                                 0006d020bd90 00 00 00 00 00 00 00 00 00 00 00 00 00 00 00 00
                                 0006d020bda0 00 00 00 00 00 00 00 00 00 00 00 00 00 00 00 00
                                 0006d020bdb0 00 00 00 00 00 00 00 00 00 00 00 00 00 00 00 00
                                 0006d020bdc0 00 00 00 00 00 00 00 00 00 00 00 00 00 00 00 00
    TLS Address:                 0000002d0b12fa00
    TLS Dump:                                 00 01 02 03 04 05 06 07 08 09 0a 0b 0c 0d 0e 0f
                                 002d0b12fa00 00 00 00 00 0c 00 00 00 00 00 00 00 00 00 00 00
                                 002d0b12fa10 00 00 00 00 00 00 00 00 00 00 00 00 00 00 00 00
                                 002d0b12fa20 53 46 43 4f 00 00 00 00 00 00 00 00 0e 61 f9 21
                                 002d0b12fa30 00 00 00 00 00 00 00 00 0a 00 00 00 00 00 00 00
                                 002d0b12fa40 00 00 00 00 00 00 00 00 00 00 00 00 00 00 00 00
                                 002d0b12fa50 00 00 00 00 00 00 00 00 00 00 00 00 00 00 00 00
                                 002d0b12fa60 00 00 00 00 00 00 00 00 00 00 00 00 00 00 00 00
                                 002d0b12fa70 00 00 00 00 00 00 00 00 00 00 00 00 00 00 00 00
                                 002d0b12fa80 00 00 00 00 00 00 00 00 00 00 00 00 00 00 00 00
                                 002d0b12fa90 00 00 00 00 00 00 00 00 00 00 00 00 00 00 00 00
                                 002d0b12faa0 00 00 00 00 00 00 00 00 00 00 00 00 00 00 00 00
                                 002d0b12fab0 00 00 00 00 00 00 00 00 00 00 00 00 00 00 00 00
                                 002d0b12fac0 00 00 00 00 00 00 00 00 00 00 00 00 00 00 00 00
                                 002d0b12fad0 00 00 00 00 00 00 00 00 00 00 00 00 00 00 00 00
                                 002d0b12fae0 00 00 00 00 00 00 00 00 00 00 00 00 00 00 00 00
                                 002d0b12faf0 00 00 00 00 00 00 00 00 00 00 00 00 00 00 00 00
Module Info:
    Number of Modules:           05
    Module 00:
        Address:                 0000005260800000-0000005260802000
        Name:                    nnrtld
        Module Id:               D33817C0C763D8FAF97D9A6534C19DB231FF7271000000000000000000000000
    Module 01:
        Address:                 0000005260804000-0000005261356000
        Name:                    TurboS.nss
        Module Id:               FE941ED5BA14BE5D505698DA1BBF4FE753444B204D572B4E696E74656E646F2B
    Module 02:
        Address:                 0000005261b67000-0000005261e72000
        Name:                    multimedia
        Module Id:               D9DE423EFC1512328C3C05378C7CB03173FACDE353444B204D572B4E696E7465
    Module 03:
        Address:                 000000526224d000-000000526265c000
        Name:                    nnSdk
        Module Id:               BA520906609C503227871A314A94FB5F6CCBE44453444B204D572B4E696E7465
    Module 04:
        Address:                 0000005260600000-0000005260619000
        Name:                    saltynx_core
        Module Id:               FCECC093A394F462B3EC65369D7B4F5D84F47EC1000000000000000000000000
Thread Report:
Number of Threads:               47
Threads[00]:
    Thread ID:                   0000000000000279
    Thread Name:                 MainThread
    Stack Region:                000000070e853000-000000070e953000
    Registers:
        X[00]:                   000000070e952c38
        X[01]:                   000000070e952c3c
        X[02]:                   0000000000000001
        X[03]:                   ffffffffffffffff
        X[04]:                   0000000000000000
        X[05]:                   0000000000000000
        X[06]:                   0000000000000000
        X[07]:                   0000000000000000
        X[08]:                   0000000000000000
        X[09]:                   0000000000000000
        X[10]:                   0000000000000000
        X[11]:                   0000000000000000
        X[12]:                   0000000000000000
        X[13]:                   0000000000000000
        X[14]:                   0000000000000000
        X[15]:                   0000000000000000
        X[16]:                   0000000000000000
        X[17]:                   0000000000000000
        X[18]:                   0000000000000000
        X[19]:                   0000000000000000
        X[20]:                   0000000000000000
        X[21]:                   0000000000000000
        X[22]:                   0000000000000000
        X[23]:                   0000000000000000
        X[24]:                   0000000000000000
        X[25]:                   0000000000000000
        X[26]:                   0000000000000000
        X[27]:                   0000000000000000
        X[28]:                   0000000000000000
        FP:                      000000070e952c50
        LR:                      00000052622e34f0 (nnSdk + 0x964f0) (_ZN2nn2os6detail30InterProcessEventImplByHorizon4WaitEjb + 0x34)
        SP:                      000000070e952c20
        PC:                      00000052622fe540 (nnSdk + 0xb1540)
    Stack Trace:
        ReturnAddress[00]:       00000052624b05f4 (nnSdk + 0x2635f4) (NvOsEventWait + 0x80)
        ReturnAddress[01]:       00000052624b9a28 (nnSdk + 0x26ca28)
        ReturnAddress[02]:       000000526252f728 (nnSdk + 0x2e2728)
        ReturnAddress[03]:       000000526253523c (nnSdk + 0x2e823c)
        ReturnAddress[04]:       00000052612843bc (TurboS.nss + 0xa803bc)
        ReturnAddress[05]:       0000005261283dd4 (TurboS.nss + 0xa7fdd4)
        ReturnAddress[06]:       0000005261283d38 (TurboS.nss + 0xa7fd38)
        ReturnAddress[07]:       0000005260e35134 (TurboS.nss + 0x631134)
        ReturnAddress[08]:       0000005260ff4378 (TurboS.nss + 0x7f0378)
        ReturnAddress[09]:       00000052622bbdfc (nnSdk + 0x6edfc) (_ZN2nn4init5StartEmmPFvvES2_ + 0x4c)
        ReturnAddress[10]:       00000052608000ac (nnrtld + 0xac)
        ReturnAddress[11]:       000000070e952ec8
        ReturnAddress[12]:       0000005200000001
    Stack Dump:                               00 01 02 03 04 05 06 07 08 09 0a 0b 0c 0d 0e 0f
                                 00070e952c20 38 2c 95 0e 07 00 00 00 5c 2c 95 0e 07 00 00 00
                                 00070e952c30 80 2c 95 0e 07 00 00 00 10 00 00 00 b8 81 30 00
                                 00070e952c40 00 2d 95 0e 07 00 00 00 ff ff ff ff 00 00 00 00
                                 00070e952c50 60 2c 95 0e 07 00 00 00 f4 05 4b 62 52 00 00 00
                                 00070e952c60 f0 2c 95 0e 07 00 00 00 28 9a 4b 62 52 00 00 00
                                 00070e952c70 07 00 00 00 00 00 00 00 38 31 e9 70 1f 00 04 c0
                                 00070e952c80 63 00 00 00 49 09 00 00 ff ff ff ff 30 06 00 00
                                 00070e952c90 60 d1 51 72 3a 00 00 00 01 00 00 00 00 00 00 00
                                 00070e952ca0 00 00 00 00 00 00 00 00 00 00 00 00 00 00 00 00
                                 00070e952cb0 00 00 00 00 00 00 00 00 02 00 00 00 00 00 00 00
                                 00070e952cc0 ff ff ff ff ff ff ff ff 00 e2 cb 54 3a 00 00 00
                                 00070e952cd0 20 2d 95 0e 07 00 00 00 d0 62 93 54 3a 00 00 00
                                 00070e952ce0 00 00 00 00 00 00 00 00 ff ff ff ff ff ff ff ff
                                 00070e952cf0 60 2d 95 0e 07 00 00 00 28 f7 52 62 52 00 00 00
                                 00070e952d00 02 00 00 00 00 00 00 00 50 c1 ba 62 52 00 00 00
                                 00070e952d10 01 00 00 00 63 00 00 00 49 09 00 00 3a 00 00 00
    TLS Address:                 0000002638958200
    TLS Dump:                                 00 01 02 03 04 05 06 07 08 09 0a 0b 0c 0d 0e 0f
                                 002638958200 00 00 01 00 09 08 e0 03 00 70 10 00 80 2c 95 0e
                                 002638958210 53 46 43 4f 00 00 00 00 00 00 00 00 99 5d e2 a4
                                 002638958220 05 00 00 00 00 00 00 00 00 00 00 00 00 00 00 00
                                 002638958230 00 00 00 00 00 00 00 00 01 00 00 00 00 00 00 00
                                 002638958240 04 00 71 01 1e 00 10 c0 50 61 70 75 78 32 30 30
                                 002638958250 10 00 00 00 80 2c 95 0e 07 00 10 00 00 00 00 00
                                 002638958260 00 00 00 00 00 00 00 00 00 00 00 00 00 00 00 00
                                 002638958270 8f 00 00 00 00 00 00 00 03 0d 08 00 00 04 0a 03
                                 002638958280 08 03 09 00 04 02 14 00 01 00 00 00 00 00 00 00
                                 002638958290 00 00 00 00 00 00 00 00 00 00 00 00 00 00 00 00
                                 0026389582a0 00 00 00 00 00 00 00 00 00 00 00 00 00 00 00 00
                                 0026389582b0 00 00 00 00 00 00 00 00 00 00 00 00 00 00 00 00
                                 0026389582c0 00 00 00 00 00 00 00 00 00 00 00 00 00 00 00 00
                                 0026389582d0 00 00 00 00 00 00 00 00 00 00 00 00 00 00 00 00
                                 0026389582e0 00 00 00 00 00 00 00 00 00 00 00 00 00 00 00 00
                                 0026389582f0 00 00 00 00 00 00 00 00 00 00 00 00 00 00 00 00
Threads[01]:
    Thread ID:                   00000000000002a0
    Thread Name:                 Presentation Thread
    Stack Region:                00000006de9cb000-00000006de9cf000
    Registers:
        X[00]:                   0000003a54cb9138
        X[01]:                   0000003a54cb9140
        X[02]:                   00000000000c81eb
        X[03]:                   ffffffffffffffff
        X[04]:                   0000000000000000
        X[05]:                   0000000000000000
        X[06]:                   0000000000000000
        X[07]:                   0000000000000000
        X[08]:                   0000000000000000
        X[09]:                   0000000000000000
        X[10]:                   0000000000000000
        X[11]:                   0000000000000000
        X[12]:                   0000000000000000
        X[13]:                   0000000000000000
        X[14]:                   0000000000000000
        X[15]:                   0000000000000000
        X[16]:                   0000000000000000
        X[17]:                   0000000000000000
        X[18]:                   0000000000000000
        X[19]:                   0000000000000000
        X[20]:                   0000000000000000
        X[21]:                   0000000000000000
        X[22]:                   0000000000000000
        X[23]:                   0000000000000000
        X[24]:                   0000000000000000
        X[25]:                   0000000000000000
        X[26]:                   0000000000000000
        X[27]:                   0000000000000000
        X[28]:                   0000000000000000
        FP:                      00000006de9ceee0
        LR:                      00000052622e39e8 (nnSdk + 0x969e8) (_ZN2nn2os6detail38InternalConditionVariableImplByHorizon4WaitEPNS1_23InternalCriticalSectionE + 0x30)
        SP:                      00000006de9ceec0
        PC:                      00000052622fe56c (nnSdk + 0xb156c)
    Stack Trace:
        ReturnAddress[00]:       00000052622dbd38 (nnSdk + 0x8ed38) (_ZN2nn2os19ReceiveMessageQueueEPmPNS0_16MessageQueueTypeE + 0x3c)
        ReturnAddress[01]:       0000005260e29098 (TurboS.nss + 0x625098)
        ReturnAddress[02]:       0000005260e29b40 (TurboS.nss + 0x625b40)
        ReturnAddress[03]:       0000005260e293cc (TurboS.nss + 0x6253cc)
        ReturnAddress[04]:       00000052622deb48 (nnSdk + 0x91b48)
        ReturnAddress[05]:       00000052622e2b24 (nnSdk + 0x95b24)
        ReturnAddress[06]:       0000000000000000
    Stack Dump:                               00 01 02 03 04 05 06 07 08 09 0a 0b 0c 0d 0e 0f
                                 0006de9ceec0 00 00 00 00 00 00 00 00 00 00 00 00 00 00 00 00
                                 0006de9ceed0 38 91 cb 54 3a 00 00 00 00 91 cb 54 3a 00 00 00
                                 0006de9ceee0 10 ef 9c de 06 00 00 00 38 bd 2d 62 52 00 00 00
                                 0006de9ceef0 00 00 00 00 00 00 00 00 d4 e1 cb 54 3a 00 00 00
                                 0006de9cef00 00 91 cb 54 3a 00 00 00 d0 90 cb 54 3a 00 00 00
                                 0006de9cef10 30 ef 9c de 06 00 00 00 98 90 e2 60 52 00 00 00
                                 0006de9cef20 00 91 cb 54 3a 00 00 00 d0 90 cb 54 3a 00 00 00
                                 0006de9cef30 50 ef 9c de 06 00 00 00 40 9b e2 60 52 00 00 00
                                 0006de9cef40 00 00 00 00 00 00 00 00 d0 90 cb 54 3a 00 00 00
                                 0006de9cef50 70 ef 9c de 06 00 00 00 cc 93 e2 60 52 00 00 00
                                 0006de9cef60 d0 e1 cb 54 3a 00 00 00 20 e0 cb 54 3a 00 00 00
                                 0006de9cef70 a0 ef 9c de 06 00 00 00 48 eb 2d 62 52 00 00 00
                                 0006de9cef80 00 00 00 00 00 00 00 00 00 00 00 00 00 00 00 00
                                 0006de9cef90 00 00 00 00 00 00 00 00 20 e0 cb 54 3a 00 00 00
                                 0006de9cefa0 d0 ef 9c de 06 00 00 00 24 2b 2e 62 52 00 00 00
                                 0006de9cefb0 00 00 00 00 00 00 00 00 00 00 00 00 00 00 00 00
    TLS Address:                 0000002638958400
    TLS Dump:                                 00 01 02 03 04 05 06 07 08 09 0a 0b 0c 0d 0e 0f
                                 002638958400 00 00 01 00 09 08 e0 03 00 60 10 00 20 ee 9c de
                                 002638958410 53 46 43 4f 00 00 00 00 00 00 00 00 99 5d e2 a4
                                 002638958420 00 00 00 00 00 00 00 00 00 00 00 00 00 00 00 00
                                 002638958430 00 00 00 00 00 00 00 00 01 00 00 00 00 00 00 00
                                 002638958440 04 00 71 01 1e 00 10 c0 00 00 00 00 00 00 00 00
                                 002638958450 10 00 71 01 20 ee 9c de 06 00 10 00 00 00 00 00
                                 002638958460 00 00 00 00 18 00 00 00 20 ec 9c de 06 00 18 00
                                 002638958470 00 00 00 00 00 00 00 00 00 00 00 00 00 00 00 00
                                 002638958480 00 00 00 00 00 00 00 00 00 00 00 00 00 00 00 00
                                 002638958490 00 00 00 00 00 00 00 00 00 00 00 00 00 00 00 00
                                 0026389584a0 00 00 00 00 00 00 00 00 00 00 00 00 00 00 00 00
                                 0026389584b0 00 00 00 00 00 00 00 00 00 00 00 00 00 00 00 00
                                 0026389584c0 00 00 00 00 00 00 00 00 00 00 00 00 00 00 00 00
                                 0026389584d0 00 00 00 00 00 00 00 00 00 00 00 00 00 00 00 00
                                 0026389584e0 00 00 00 00 00 00 00 00 00 00 00 00 00 00 00 00
                                 0026389584f0 00 00 00 00 00 00 00 00 00 00 00 00 00 00 00 00
Threads[02]:
    Thread ID:                   00000000000002a1
    Thread Name:                 Prepare Thread
    Stack Region:                00000006aae68000-00000006aae88000
    Registers:
        X[00]:                   0000003a54cbec08
        X[01]:                   0000003a54cbec10
        X[02]:                   00000000000d01ea
        X[03]:                   ffffffffffffffff
        X[04]:                   0000000000000000
        X[05]:                   0000000000000000
        X[06]:                   0000000000000000
        X[07]:                   0000000000000000
        X[08]:                   0000000000000000
        X[09]:                   0000000000000000
        X[10]:                   0000000000000000
        X[11]:                   0000000000000000
        X[12]:                   0000000000000000
        X[13]:                   0000000000000000
        X[14]:                   0000000000000000
        X[15]:                   0000000000000000
        X[16]:                   0000000000000000
        X[17]:                   0000000000000000
        X[18]:                   0000000000000000
        X[19]:                   0000000000000000
        X[20]:                   0000000000000000
        X[21]:                   0000000000000000
        X[22]:                   0000000000000000
        X[23]:                   0000000000000000
        X[24]:                   0000000000000000
        X[25]:                   0000000000000000
        X[26]:                   0000000000000000
        X[27]:                   0000000000000000
        X[28]:                   0000000000000000
        FP:                      00000006aae87ee0
        LR:                      00000052622e39e8 (nnSdk + 0x969e8) (_ZN2nn2os6detail38InternalConditionVariableImplByHorizon4WaitEPNS1_23InternalCriticalSectionE + 0x30)
        SP:                      00000006aae87ec0
        PC:                      00000052622fe56c (nnSdk + 0xb156c)
    Stack Trace:
        ReturnAddress[00]:       00000052622dbd38 (nnSdk + 0x8ed38) (_ZN2nn2os19ReceiveMessageQueueEPmPNS0_16MessageQueueTypeE + 0x3c)
        ReturnAddress[01]:       0000005260e29098 (TurboS.nss + 0x625098)
        ReturnAddress[02]:       0000005260e29b40 (TurboS.nss + 0x625b40)
        ReturnAddress[03]:       0000005260e293cc (TurboS.nss + 0x6253cc)
        ReturnAddress[04]:       00000052622deb48 (nnSdk + 0x91b48)
        ReturnAddress[05]:       00000052622e2b24 (nnSdk + 0x95b24)
        ReturnAddress[06]:       0000000000000000
    Stack Dump:                               00 01 02 03 04 05 06 07 08 09 0a 0b 0c 0d 0e 0f
                                 0006aae87ec0 00 00 00 00 00 00 00 00 00 00 00 00 00 00 00 00
                                 0006aae87ed0 08 ec cb 54 3a 00 00 00 d0 eb cb 54 3a 00 00 00
                                 0006aae87ee0 10 7f e8 aa 06 00 00 00 38 bd 2d 62 52 00 00 00
                                 0006aae87ef0 00 00 00 00 00 00 00 00 d4 f1 cd 54 3a 00 00 00
                                 0006aae87f00 d0 eb cb 54 3a 00 00 00 a0 eb cb 54 3a 00 00 00
                                 0006aae87f10 30 7f e8 aa 06 00 00 00 98 90 e2 60 52 00 00 00
                                 0006aae87f20 d0 eb cb 54 3a 00 00 00 a0 eb cb 54 3a 00 00 00
                                 0006aae87f30 50 7f e8 aa 06 00 00 00 40 9b e2 60 52 00 00 00
                                 0006aae87f40 00 00 00 00 00 00 00 00 a0 eb cb 54 3a 00 00 00
                                 0006aae87f50 70 7f e8 aa 06 00 00 00 cc 93 e2 60 52 00 00 00
                                 0006aae87f60 d0 f1 cd 54 3a 00 00 00 20 f0 cd 54 3a 00 00 00
                                 0006aae87f70 a0 7f e8 aa 06 00 00 00 48 eb 2d 62 52 00 00 00
                                 0006aae87f80 00 00 00 00 00 00 00 00 00 00 00 00 00 00 00 00
                                 0006aae87f90 00 00 00 00 00 00 00 00 20 f0 cd 54 3a 00 00 00
                                 0006aae87fa0 d0 7f e8 aa 06 00 00 00 24 2b 2e 62 52 00 00 00
                                 0006aae87fb0 00 00 00 00 00 00 00 00 00 00 00 00 00 00 00 00
    TLS Address:                 0000002638958600
    TLS Dump:                                 00 01 02 03 04 05 06 07 08 09 0a 0b 0c 0d 0e 0f
                                 002638958600 00 00 01 00 09 08 e0 03 00 60 28 00 e8 77 e8 aa
                                 002638958610 53 46 43 4f 00 00 00 00 00 00 00 00 99 5d e2 a4
                                 002638958620 00 00 00 00 00 00 00 00 00 00 00 00 00 00 00 00
                                 002638958630 00 00 00 00 00 00 00 00 01 00 00 00 00 00 00 00
                                 002638958640 01 00 71 01 06 41 28 c0 82 81 01 00 00 00 00 00
                                 002638958650 28 00 00 00 e8 77 e8 aa 06 00 28 00 00 00 00 00
                                 002638958660 00 46 01 00 10 08 04 03 05 02 0c 06 01 04 03 06
                                 002638958670 02 0a 01 04 09 15 13 04 03 0d 08 00 00 04 0a 03
                                 002638958680 08 03 09 00 04 02 14 00 00 00 00 00 00 00 00 00
                                 002638958690 00 00 00 00 00 00 00 00 00 00 00 00 00 00 00 00
                                 0026389586a0 00 00 00 00 00 00 00 00 00 00 00 00 00 00 00 00
                                 0026389586b0 00 00 00 00 00 00 00 00 00 00 00 00 00 00 00 00
                                 0026389586c0 00 00 00 00 00 00 00 00 00 00 00 00 00 00 00 00
                                 0026389586d0 00 00 00 00 00 00 00 00 00 00 00 00 00 00 00 00
                                 0026389586e0 00 00 00 00 00 00 00 00 00 00 00 00 00 00 00 00
                                 0026389586f0 00 00 00 00 00 00 00 00 00 00 00 00 00 00 00 00
Threads[03]:
    Thread ID:                   00000000000002a2
    Thread Name:                 VibrationThread
    Stack Region:                00000006ed837000-00000006ed838000
    Registers:
        X[00]:                   0000003a54cebf20
        X[01]:                   0000003a54cebf28
        X[02]:                   00000000000f01e6
        X[03]:                   ffffffffffffffff
        X[04]:                   0000000000000000
        X[05]:                   0000000000000000
        X[06]:                   0000000000000000
        X[07]:                   0000000000000000
        X[08]:                   0000000000000000
        X[09]:                   0000000000000000
        X[10]:                   0000000000000000
        X[11]:                   0000000000000000
        X[12]:                   0000000000000000
        X[13]:                   0000000000000000
        X[14]:                   0000000000000000
        X[15]:                   0000000000000000
        X[16]:                   0000000000000000
        X[17]:                   0000000000000000
        X[18]:                   0000000000000000
        X[19]:                   0000000000000000
        X[20]:                   0000000000000000
        X[21]:                   0000000000000000
        X[22]:                   0000000000000000
        X[23]:                   0000000000000000
        X[24]:                   0000000000000000
        X[25]:                   0000000000000000
        X[26]:                   0000000000000000
        X[27]:                   0000000000000000
        X[28]:                   0000000000000000
        FP:                      00000006ed837ee0
        LR:                      00000052622e39e8 (nnSdk + 0x969e8) (_ZN2nn2os6detail38InternalConditionVariableImplByHorizon4WaitEPNS1_23InternalCriticalSectionE + 0x30)
        SP:                      00000006ed837ec0
        PC:                      00000052622fe56c (nnSdk + 0xb156c)
    Stack Trace:
        ReturnAddress[00]:       00000052622dbd38 (nnSdk + 0x8ed38) (_ZN2nn2os19ReceiveMessageQueueEPmPNS0_16MessageQueueTypeE + 0x3c)
        ReturnAddress[01]:       0000005260e29098 (TurboS.nss + 0x625098)
        ReturnAddress[02]:       0000005260e29b40 (TurboS.nss + 0x625b40)
        ReturnAddress[03]:       0000005260e293cc (TurboS.nss + 0x6253cc)
        ReturnAddress[04]:       00000052622deb48 (nnSdk + 0x91b48)
        ReturnAddress[05]:       00000052622e2b24 (nnSdk + 0x95b24)
        ReturnAddress[06]:       0000000000000000
    Stack Dump:                               00 01 02 03 04 05 06 07 08 09 0a 0b 0c 0d 0e 0f
                                 0006ed837ec0 00 00 00 00 00 00 00 00 00 00 00 00 00 00 00 00
                                 0006ed837ed0 20 bf ce 54 3a 00 00 00 e8 be ce 54 3a 00 00 00
                                 0006ed837ee0 10 7f 83 ed 06 00 00 00 38 bd 2d 62 52 00 00 00
                                 0006ed837ef0 00 00 00 00 00 00 00 00 d4 e1 ce 54 3a 00 00 00
                                 0006ed837f00 e8 be ce 54 3a 00 00 00 b8 be ce 54 3a 00 00 00
                                 0006ed837f10 30 7f 83 ed 06 00 00 00 98 90 e2 60 52 00 00 00
                                 0006ed837f20 00 00 00 00 00 00 00 00 00 00 00 00 00 00 00 00
                                 0006ed837f30 50 7f 83 ed 06 00 00 00 40 9b e2 60 52 00 00 00
                                 0006ed837f40 00 00 00 00 00 00 00 00 b8 be ce 54 3a 00 00 00
                                 0006ed837f50 70 7f 83 ed 06 00 00 00 cc 93 e2 60 52 00 00 00
                                 0006ed837f60 d0 e1 ce 54 3a 00 00 00 20 e0 ce 54 3a 00 00 00
                                 0006ed837f70 a0 7f 83 ed 06 00 00 00 48 eb 2d 62 52 00 00 00
                                 0006ed837f80 00 00 00 00 00 00 00 00 00 00 00 00 00 00 00 00
                                 0006ed837f90 00 00 00 00 00 00 00 00 20 e0 ce 54 3a 00 00 00
                                 0006ed837fa0 d0 7f 83 ed 06 00 00 00 24 2b 2e 62 52 00 00 00
                                 0006ed837fb0 00 00 00 00 00 00 00 00 00 00 00 00 00 00 00 00
    TLS Address:                 0000002638958800
    TLS Dump:                                 00 01 02 03 04 05 06 07 08 09 0a 0b 0c 0d 0e 0f
                                 002638958800 00 00 00 00 00 00 00 00 00 00 00 00 00 00 00 00
                                 002638958810 00 00 00 00 00 00 00 00 00 00 00 00 00 00 00 00
                                 002638958820 00 00 00 00 00 00 00 00 00 00 00 00 00 00 00 00
                                 002638958830 00 00 00 00 00 00 00 00 00 00 00 00 00 00 00 00
                                 002638958840 00 00 00 00 00 00 00 00 00 00 00 00 00 00 00 00
                                 002638958850 00 00 00 00 00 00 00 00 00 00 00 00 00 00 00 00
                                 002638958860 00 00 00 00 00 00 00 00 00 00 00 00 00 00 00 00
                                 002638958870 00 00 00 00 00 00 00 00 00 00 00 00 00 00 00 00
                                 002638958880 00 00 00 00 00 00 00 00 00 00 00 00 00 00 00 00
                                 002638958890 00 00 00 00 00 00 00 00 00 00 00 00 00 00 00 00
                                 0026389588a0 00 00 00 00 00 00 00 00 00 00 00 00 00 00 00 00
                                 0026389588b0 00 00 00 00 00 00 00 00 00 00 00 00 00 00 00 00
                                 0026389588c0 00 00 00 00 00 00 00 00 00 00 00 00 00 00 00 00
                                 0026389588d0 00 00 00 00 00 00 00 00 00 00 00 00 00 00 00 00
                                 0026389588e0 00 00 00 00 00 00 00 00 00 00 00 00 00 00 00 00
                                 0026389588f0 00 00 00 00 00 00 00 00 00 00 00 00 00 00 00 00
Threads[04]:
    Thread ID:                   00000000000002a3
    Stack Region:                00000006dc197000-00000006dc297000
    Registers:
        X[00]:                   0000003a54df4020
        X[01]:                   0000000000000000
        X[02]:                   0000000000000000
        X[03]:                   0000000000000000
        X[04]:                   0000000000000000
        X[05]:                   0000000000000000
        X[06]:                   0000000000000000
        X[07]:                   0000000000000000
        X[08]:                   0000000000000000
        X[09]:                   0000000000000000
        X[10]:                   0000000000000000
        X[11]:                   0000000000000000
        X[12]:                   0000000000000000
        X[13]:                   0000000000000000
        X[14]:                   0000000000000000
        X[15]:                   0000000000000000
        X[16]:                   0000000000000000
        X[17]:                   0000000000000000
        X[18]:                   67f2e508d0e1570b
        X[19]:                   0000000000000000
        X[20]:                   0000000000000000
        X[21]:                   0000000000000000
        X[22]:                   0000000000000000
        X[23]:                   0000000000000000
        X[24]:                   0000000000000000
        X[25]:                   0000000000000000
        X[26]:                   0000000000000000
        X[27]:                   0000000000000000
        X[28]:                   0000000000000000
        FP:                      0000000000000000
        LR:                      0000000000000000
        SP:                      00000006dc296fe0
        PC:                      00000052622e2aac (nnSdk + 0x95aac)
    Stack Dump:                               00 01 02 03 04 05 06 07 08 09 0a 0b 0c 0d 0e 0f
                                 0006dc296f00 00 00 00 00 00 00 00 00 00 00 00 00 00 00 00 00
                                 0006dc296f10 00 00 00 00 00 00 00 00 00 00 00 00 00 00 00 00
                                 0006dc296f20 00 00 00 00 00 00 00 00 00 00 00 00 00 00 00 00
                                 0006dc296f30 00 00 00 00 00 00 00 00 00 00 00 00 00 00 00 00
                                 0006dc296f40 00 00 00 00 00 00 00 00 00 00 00 00 00 00 00 00
                                 0006dc296f50 00 00 00 00 00 00 00 00 00 00 00 00 00 00 00 00
                                 0006dc296f60 00 00 00 00 00 00 00 00 00 00 00 00 00 00 00 00
                                 0006dc296f70 00 00 00 00 00 00 00 00 00 00 00 00 00 00 00 00
                                 0006dc296f80 00 00 00 00 00 00 00 00 00 00 00 00 00 00 00 00
                                 0006dc296f90 00 00 00 00 00 00 00 00 00 00 00 00 00 00 00 00
                                 0006dc296fa0 00 00 00 00 00 00 00 00 00 00 00 00 00 00 00 00
                                 0006dc296fb0 00 00 00 00 00 00 00 00 00 00 00 00 00 00 00 00
                                 0006dc296fc0 00 00 00 00 00 00 00 00 00 00 00 00 00 00 00 00
                                 0006dc296fd0 00 00 00 00 00 00 00 00 00 00 00 00 00 00 00 00
                                 0006dc296fe0 e8 ea 2d 62 52 00 00 00 00 00 00 00 00 00 00 00
                                 0006dc296ff0 00 00 00 00 00 00 00 00 00 00 00 00 00 00 00 00
Threads[05]:
    Thread ID:                   00000000000002a4
    Thread Name:                 WorkerMgr/Worker1(?)
    Stack Region:                00000006f4e1e000-00000006f4f1e000
    Registers:
        X[00]:                   0000003a54df43f8
        X[01]:                   0000003a54df4400
        X[02]:                   00000000001001e4
        X[03]:                   ffffffffffffffff
        X[04]:                   0000000000000000
        X[05]:                   0000000000000000
        X[06]:                   0000000000000000
        X[07]:                   0000000000000000
        X[08]:                   0000000000000000
        X[09]:                   0000000000000000
        X[10]:                   0000000000000000
        X[11]:                   0000000000000000
        X[12]:                   0000000000000000
        X[13]:                   0000000000000000
        X[14]:                   0000000000000000
        X[15]:                   0000000000000000
        X[16]:                   0000000000000000
        X[17]:                   0000000000000000
        X[18]:                   0000000000000000
        X[19]:                   0000000000000000
        X[20]:                   0000000000000000
        X[21]:                   0000000000000000
        X[22]:                   0000000000000000
        X[23]:                   0000000000000000
        X[24]:                   0000000000000000
        X[25]:                   0000000000000000
        X[26]:                   0000000000000000
        X[27]:                   0000000000000000
        X[28]:                   0000000000000000
        FP:                      00000006f4f1dee0
        LR:                      00000052622e39e8 (nnSdk + 0x969e8) (_ZN2nn2os6detail38InternalConditionVariableImplByHorizon4WaitEPNS1_23InternalCriticalSectionE + 0x30)
        SP:                      00000006f4f1dec0
        PC:                      00000052622fe56c (nnSdk + 0xb156c)
    Stack Trace:
        ReturnAddress[00]:       00000052622dbd38 (nnSdk + 0x8ed38) (_ZN2nn2os19ReceiveMessageQueueEPmPNS0_16MessageQueueTypeE + 0x3c)
        ReturnAddress[01]:       0000005260e29098 (TurboS.nss + 0x625098)
        ReturnAddress[02]:       0000005260e29b40 (TurboS.nss + 0x625b40)
        ReturnAddress[03]:       0000005260e293cc (TurboS.nss + 0x6253cc)
        ReturnAddress[04]:       00000052622deb48 (nnSdk + 0x91b48)
        ReturnAddress[05]:       00000052622e2b24 (nnSdk + 0x95b24)
        ReturnAddress[06]:       0000000000000000
    Stack Dump:                               00 01 02 03 04 05 06 07 08 09 0a 0b 0c 0d 0e 0f
                                 0006f4f1dec0 30 df f1 f4 06 00 00 00 7c 72 e3 60 52 00 00 00
                                 0006f4f1ded0 f8 43 df 54 3a 00 00 00 c0 43 df 54 3a 00 00 00
                                 0006f4f1dee0 10 df f1 f4 06 00 00 00 38 bd 2d 62 52 00 00 00
                                 0006f4f1def0 00 00 00 00 00 00 00 00 d4 51 ef 54 3a 00 00 00
                                 0006f4f1df00 c0 43 df 54 3a 00 00 00 90 43 df 54 3a 00 00 00
                                 0006f4f1df10 30 df f1 f4 06 00 00 00 98 90 e2 60 52 00 00 00
                                 0006f4f1df20 c0 43 df 54 3a 00 00 00 90 43 df 54 3a 00 00 00
                                 0006f4f1df30 50 df f1 f4 06 00 00 00 40 9b e2 60 52 00 00 00
                                 0006f4f1df40 00 00 00 00 00 00 00 00 90 43 df 54 3a 00 00 00
                                 0006f4f1df50 70 df f1 f4 06 00 00 00 cc 93 e2 60 52 00 00 00
                                 0006f4f1df60 d0 51 ef 54 3a 00 00 00 20 50 ef 54 3a 00 00 00
                                 0006f4f1df70 a0 df f1 f4 06 00 00 00 48 eb 2d 62 52 00 00 00
                                 0006f4f1df80 00 00 00 00 00 00 00 00 00 00 00 00 00 00 00 00
                                 0006f4f1df90 00 00 00 00 00 00 00 00 20 50 ef 54 3a 00 00 00
                                 0006f4f1dfa0 d0 df f1 f4 06 00 00 00 24 2b 2e 62 52 00 00 00
                                 0006f4f1dfb0 00 00 00 00 00 00 00 00 00 00 00 00 00 00 00 00
    TLS Address:                 0000002638958c00
    TLS Dump:                                 00 01 02 03 04 05 06 07 08 09 0a 0b 0c 0d 0e 0f
                                 002638958c00 00 00 00 00 00 00 00 00 00 00 00 00 00 00 00 00
                                 002638958c10 00 00 00 00 00 00 00 00 00 00 00 00 00 00 00 00
                                 002638958c20 00 00 00 00 00 00 00 00 00 00 00 00 00 00 00 00
                                 002638958c30 00 00 00 00 00 00 00 00 00 00 00 00 00 00 00 00
                                 002638958c40 00 00 00 00 00 00 00 00 00 00 00 00 00 00 00 00
                                 002638958c50 00 00 00 00 00 00 00 00 00 00 00 00 00 00 00 00
                                 002638958c60 00 00 00 00 00 00 00 00 00 00 00 00 00 00 00 00
                                 002638958c70 00 00 00 00 00 00 00 00 00 00 00 00 00 00 00 00
                                 002638958c80 00 00 00 00 00 00 00 00 00 00 00 00 00 00 00 00
                                 002638958c90 00 00 00 00 00 00 00 00 00 00 00 00 00 00 00 00
                                 002638958ca0 00 00 00 00 00 00 00 00 00 00 00 00 00 00 00 00
                                 002638958cb0 00 00 00 00 00 00 00 00 00 00 00 00 00 00 00 00
                                 002638958cc0 00 00 00 00 00 00 00 00 00 00 00 00 00 00 00 00
                                 002638958cd0 00 00 00 00 00 00 00 00 00 00 00 00 00 00 00 00
                                 002638958ce0 00 00 00 00 00 00 00 00 00 00 00 00 00 00 00 00
                                 002638958cf0 00 00 00 00 00 00 00 00 00 00 00 00 00 00 00 00
Threads[06]:
    Thread ID:                   00000000000002a5
    Thread Name:                 WorkerMgr/Worker2(?)
    Stack Region:                00000006aaf43000-00000006ab043000
    Registers:
        X[00]:                   0000003a54ef53f8
        X[01]:                   0000003a54ef5400
        X[02]:                   00000000001081e3
        X[03]:                   ffffffffffffffff
        X[04]:                   0000000000000000
        X[05]:                   0000000000000000
        X[06]:                   0000000000000000
        X[07]:                   0000000000000000
        X[08]:                   0000000000000000
        X[09]:                   0000000000000000
        X[10]:                   0000000000000000
        X[11]:                   0000000000000000
        X[12]:                   0000000000000000
        X[13]:                   0000000000000000
        X[14]:                   0000000000000000
        X[15]:                   0000000000000000
        X[16]:                   0000000000000000
        X[17]:                   0000000000000000
        X[18]:                   0000000000000000
        X[19]:                   0000000000000000
        X[20]:                   0000000000000000
        X[21]:                   0000000000000000
        X[22]:                   0000000000000000
        X[23]:                   0000000000000000
        X[24]:                   0000000000000000
        X[25]:                   0000000000000000
        X[26]:                   0000000000000000
        X[27]:                   0000000000000000
        X[28]:                   0000000000000000
        FP:                      00000006ab042ee0
        LR:                      00000052622e39e8 (nnSdk + 0x969e8) (_ZN2nn2os6detail38InternalConditionVariableImplByHorizon4WaitEPNS1_23InternalCriticalSectionE + 0x30)
        SP:                      00000006ab042ec0
        PC:                      00000052622fe56c (nnSdk + 0xb156c)
    Stack Trace:
        ReturnAddress[00]:       00000052622dbd38 (nnSdk + 0x8ed38) (_ZN2nn2os19ReceiveMessageQueueEPmPNS0_16MessageQueueTypeE + 0x3c)
        ReturnAddress[01]:       0000005260e29098 (TurboS.nss + 0x625098)
        ReturnAddress[02]:       0000005260e29b40 (TurboS.nss + 0x625b40)
        ReturnAddress[03]:       0000005260e293cc (TurboS.nss + 0x6253cc)
        ReturnAddress[04]:       00000052622deb48 (nnSdk + 0x91b48)
        ReturnAddress[05]:       00000052622e2b24 (nnSdk + 0x95b24)
        ReturnAddress[06]:       0000000000000000
    Stack Dump:                               00 01 02 03 04 05 06 07 08 09 0a 0b 0c 0d 0e 0f
                                 0006ab042ec0 30 2f 04 ab 06 00 00 00 7c 72 e3 60 52 00 00 00
                                 0006ab042ed0 f8 53 ef 54 3a 00 00 00 c0 53 ef 54 3a 00 00 00
                                 0006ab042ee0 10 2f 04 ab 06 00 00 00 38 bd 2d 62 52 00 00 00
                                 0006ab042ef0 00 00 00 00 00 00 00 00 d4 61 ff 54 3a 00 00 00
                                 0006ab042f00 c0 53 ef 54 3a 00 00 00 90 53 ef 54 3a 00 00 00
                                 0006ab042f10 30 2f 04 ab 06 00 00 00 98 90 e2 60 52 00 00 00
                                 0006ab042f20 c0 53 ef 54 3a 00 00 00 90 53 ef 54 3a 00 00 00
                                 0006ab042f30 50 2f 04 ab 06 00 00 00 40 9b e2 60 52 00 00 00
                                 0006ab042f40 00 00 00 00 00 00 00 00 90 53 ef 54 3a 00 00 00
                                 0006ab042f50 70 2f 04 ab 06 00 00 00 cc 93 e2 60 52 00 00 00
                                 0006ab042f60 d0 61 ff 54 3a 00 00 00 20 60 ff 54 3a 00 00 00
                                 0006ab042f70 a0 2f 04 ab 06 00 00 00 48 eb 2d 62 52 00 00 00
                                 0006ab042f80 00 00 00 00 00 00 00 00 00 00 00 00 00 00 00 00
                                 0006ab042f90 00 00 00 00 00 00 00 00 20 60 ff 54 3a 00 00 00
                                 0006ab042fa0 d0 2f 04 ab 06 00 00 00 24 2b 2e 62 52 00 00 00
                                 0006ab042fb0 00 00 00 00 00 00 00 00 00 00 00 00 00 00 00 00
    TLS Address:                 0000002638958e00
    TLS Dump:                                 00 01 02 03 04 05 06 07 08 09 0a 0b 0c 0d 0e 0f
                                 002638958e00 00 00 00 00 00 00 00 00 00 00 00 00 00 00 00 00
                                 002638958e10 00 00 00 00 00 00 00 00 00 00 00 00 00 00 00 00
                                 002638958e20 00 00 00 00 00 00 00 00 00 00 00 00 00 00 00 00
                                 002638958e30 00 00 00 00 00 00 00 00 00 00 00 00 00 00 00 00
                                 002638958e40 00 00 00 00 00 00 00 00 00 00 00 00 00 00 00 00
                                 002638958e50 00 00 00 00 00 00 00 00 00 00 00 00 00 00 00 00
                                 002638958e60 00 00 00 00 00 00 00 00 00 00 00 00 00 00 00 00
                                 002638958e70 00 00 00 00 00 00 00 00 00 00 00 00 00 00 00 00
                                 002638958e80 00 00 00 00 00 00 00 00 00 00 00 00 00 00 00 00
                                 002638958e90 00 00 00 00 00 00 00 00 00 00 00 00 00 00 00 00
                                 002638958ea0 00 00 00 00 00 00 00 00 00 00 00 00 00 00 00 00
                                 002638958eb0 00 00 00 00 00 00 00 00 00 00 00 00 00 00 00 00
                                 002638958ec0 00 00 00 00 00 00 00 00 00 00 00 00 00 00 00 00
                                 002638958ed0 00 00 00 00 00 00 00 00 00 00 00 00 00 00 00 00
                                 002638958ee0 00 00 00 00 00 00 00 00 00 00 00 00 00 00 00 00
                                 002638958ef0 00 00 00 00 00 00 00 00 00 00 00 00 00 00 00 00
Threads[07]:
    Thread ID:                   00000000000002a6
    Thread Name:                 TimeSyncThread
    Stack Region:                00000006cdeff000-00000006cdf03000
    Registers:
        X[00]:                   0000003a55080f48
        X[01]:                   0000003a55080f50
        X[02]:                   00000000001101e2
        X[03]:                   ffffffffffffffff
        X[04]:                   00000006cdf02ed8
        X[05]:                   00000006cdf02ed0
        X[06]:                   00000006cdf02ec8
        X[07]:                   0000000000000000
        X[08]:                   0000000000000000
        X[09]:                   0000000000000000
        X[10]:                   0000000000000000
        X[11]:                   0000000000000000
        X[12]:                   0000000000000000
        X[13]:                   0000000000000000
        X[14]:                   0000000000000000
        X[15]:                   0000000000000000
        X[16]:                   0000000000000000
        X[17]:                   0000000000000000
        X[18]:                   0000000000000000
        X[19]:                   0000000000000000
        X[20]:                   0000000000000000
        X[21]:                   0000000000000000
        X[22]:                   0000000000000000
        X[23]:                   0000000000000000
        X[24]:                   0000000000000000
        X[25]:                   0000000000000000
        X[26]:                   0000000000000000
        X[27]:                   0000000000000000
        X[28]:                   0000000000000000
        FP:                      00000006cdf02ee0
        LR:                      00000052622e39e8 (nnSdk + 0x969e8) (_ZN2nn2os6detail38InternalConditionVariableImplByHorizon4WaitEPNS1_23InternalCriticalSectionE + 0x30)
        SP:                      00000006cdf02ec0
        PC:                      00000052622fe56c (nnSdk + 0xb156c)
    Stack Trace:
        ReturnAddress[00]:       00000052622dbd38 (nnSdk + 0x8ed38) (_ZN2nn2os19ReceiveMessageQueueEPmPNS0_16MessageQueueTypeE + 0x3c)
        ReturnAddress[01]:       0000005260e29098 (TurboS.nss + 0x625098)
        ReturnAddress[02]:       0000005260e29b40 (TurboS.nss + 0x625b40)
        ReturnAddress[03]:       0000005260e293cc (TurboS.nss + 0x6253cc)
        ReturnAddress[04]:       00000052622deb48 (nnSdk + 0x91b48)
        ReturnAddress[05]:       00000052622e2b24 (nnSdk + 0x95b24)
        ReturnAddress[06]:       0000000000000000
    Stack Dump:                               00 01 02 03 04 05 06 07 08 09 0a 0b 0c 0d 0e 0f
                                 0006cdf02ec0 20 60 08 55 3a 00 00 00 0b 00 00 00 3a 00 00 00
                                 0006cdf02ed0 48 0f 08 55 3a 00 00 00 10 0f 08 55 3a 00 00 00
                                 0006cdf02ee0 10 2f f0 cd 06 00 00 00 38 bd 2d 62 52 00 00 00
                                 0006cdf02ef0 00 00 00 00 00 00 00 00 d4 61 08 55 3a 00 00 00
                                 0006cdf02f00 10 0f 08 55 3a 00 00 00 e0 0e 08 55 3a 00 00 00
                                 0006cdf02f10 30 2f f0 cd 06 00 00 00 98 90 e2 60 52 00 00 00
                                 0006cdf02f20 e0 0e 08 55 3a 00 00 00 e0 0e 08 55 3a 00 00 00
                                 0006cdf02f30 50 2f f0 cd 06 00 00 00 40 9b e2 60 52 00 00 00
                                 0006cdf02f40 00 00 00 00 00 00 00 00 e0 0e 08 55 3a 00 00 00
                                 0006cdf02f50 70 2f f0 cd 06 00 00 00 cc 93 e2 60 52 00 00 00
                                 0006cdf02f60 d0 61 08 55 3a 00 00 00 20 60 08 55 3a 00 00 00
                                 0006cdf02f70 a0 2f f0 cd 06 00 00 00 48 eb 2d 62 52 00 00 00
                                 0006cdf02f80 00 00 00 00 00 00 00 00 00 00 00 00 00 00 00 00
                                 0006cdf02f90 00 00 00 00 00 00 00 00 20 60 08 55 3a 00 00 00
                                 0006cdf02fa0 d0 2f f0 cd 06 00 00 00 24 2b 2e 62 52 00 00 00
                                 0006cdf02fb0 00 00 00 00 00 00 00 00 00 00 00 00 00 00 00 00
    TLS Address:                 0000002d0b12f000
    TLS Dump:                                 00 01 02 03 04 05 06 07 08 09 0a 0b 0c 0d 0e 0f
                                 002d0b12f000 00 00 00 00 14 08 e0 03 00 00 00 00 00 00 00 00
                                 002d0b12f010 00 00 00 00 00 00 00 00 00 00 00 00 00 00 00 00
                                 002d0b12f020 53 46 43 4f 00 00 00 00 00 00 00 00 95 c8 f5 88
                                 002d0b12f030 ea 07 09 1d 0c 0e 0b 00 02 00 00 00 0f 01 00 00
                                 002d0b12f040 2d 30 35 00 00 00 00 00 00 00 00 00 b0 b9 ff ff
                                 002d0b12f050 00 00 00 00 00 00 00 00 00 00 00 00 00 00 00 00
                                 002d0b12f060 00 00 00 00 00 00 00 00 00 00 00 00 00 00 00 00
                                 002d0b12f070 00 00 00 00 00 00 00 00 00 00 00 00 00 00 00 00
                                 002d0b12f080 00 00 00 00 00 00 00 00 00 00 00 00 00 00 00 00
                                 002d0b12f090 00 00 00 00 00 00 00 00 00 00 00 00 00 00 00 00
                                 002d0b12f0a0 00 00 00 00 00 00 00 00 00 00 00 00 00 00 00 00
                                 002d0b12f0b0 00 00 00 00 00 00 00 00 00 00 00 00 00 00 00 00
                                 002d0b12f0c0 00 00 00 00 00 00 00 00 00 00 00 00 00 00 00 00
                                 002d0b12f0d0 00 00 00 00 00 00 00 00 00 00 00 00 00 00 00 00
                                 002d0b12f0e0 00 00 00 00 00 00 00 00 00 00 00 00 00 00 00 00
                                 002d0b12f0f0 00 00 00 00 00 00 00 00 00 00 00 00 00 00 00 00
Threads[08]:
    Thread ID:                   00000000000002a7
    Thread Name:                 ContentsThread
    Stack Region:                00000006ac047000-00000006ac04f000
    Registers:
        X[00]:                   0000003a5508a870
        X[01]:                   0000003a5508a878
        X[02]:                   00000000001281df
        X[03]:                   ffffffffffffffff
        X[04]:                   0000000000000000
        X[05]:                   0000000000000000
        X[06]:                   0000000000000000
        X[07]:                   0000000000000000
        X[08]:                   0000000000000000
        X[09]:                   0000000000000000
        X[10]:                   0000000000000000
        X[11]:                   0000000000000000
        X[12]:                   0000000000000000
        X[13]:                   0000000000000000
        X[14]:                   0000000000000000
        X[15]:                   0000000000000000
        X[16]:                   0000000000000000
        X[17]:                   0000000000000000
        X[18]:                   0000000000000000
        X[19]:                   0000000000000000
        X[20]:                   0000000000000000
        X[21]:                   0000000000000000
        X[22]:                   0000000000000000
        X[23]:                   0000000000000000
        X[24]:                   0000000000000000
        X[25]:                   0000000000000000
        X[26]:                   0000000000000000
        X[27]:                   0000000000000000
        X[28]:                   0000000000000000
        FP:                      00000006ac04eee0
        LR:                      00000052622e39e8 (nnSdk + 0x969e8) (_ZN2nn2os6detail38InternalConditionVariableImplByHorizon4WaitEPNS1_23InternalCriticalSectionE + 0x30)
        SP:                      00000006ac04eec0
        PC:                      00000052622fe56c (nnSdk + 0xb156c)
    Stack Trace:
        ReturnAddress[00]:       00000052622dbd38 (nnSdk + 0x8ed38) (_ZN2nn2os19ReceiveMessageQueueEPmPNS0_16MessageQueueTypeE + 0x3c)
        ReturnAddress[01]:       0000005260e29098 (TurboS.nss + 0x625098)
        ReturnAddress[02]:       0000005260e29b40 (TurboS.nss + 0x625b40)
        ReturnAddress[03]:       0000005260e293cc (TurboS.nss + 0x6253cc)
        ReturnAddress[04]:       00000052622deb48 (nnSdk + 0x91b48)
        ReturnAddress[05]:       00000052622e2b24 (nnSdk + 0x95b24)
        ReturnAddress[06]:       0000000000000000
    Stack Dump:                               00 01 02 03 04 05 06 07 08 09 0a 0b 0c 0d 0e 0f
                                 0006ac04eec0 00 00 00 00 00 00 00 00 00 00 00 00 00 00 00 00
                                 0006ac04eed0 70 a8 08 55 3a 00 00 00 38 a8 08 55 3a 00 00 00
                                 0006ac04eee0 10 ef 04 ac 06 00 00 00 38 bd 2d 62 52 00 00 00
                                 0006ac04eef0 00 00 00 00 00 00 00 00 d4 51 09 55 3a 00 00 00
                                 0006ac04ef00 38 a8 08 55 3a 00 00 00 08 a8 08 55 3a 00 00 00
                                 0006ac04ef10 30 ef 04 ac 06 00 00 00 98 90 e2 60 52 00 00 00
                                 0006ac04ef20 08 a8 08 55 3a 00 00 00 08 a8 08 55 3a 00 00 00
                                 0006ac04ef30 50 ef 04 ac 06 00 00 00 40 9b e2 60 52 00 00 00
                                 0006ac04ef40 00 00 00 00 00 00 00 00 08 a8 08 55 3a 00 00 00
                                 0006ac04ef50 70 ef 04 ac 06 00 00 00 cc 93 e2 60 52 00 00 00
                                 0006ac04ef60 d0 51 09 55 3a 00 00 00 20 50 09 55 3a 00 00 00
                                 0006ac04ef70 a0 ef 04 ac 06 00 00 00 48 eb 2d 62 52 00 00 00
                                 0006ac04ef80 00 00 00 00 00 00 00 00 00 00 00 00 00 00 00 00
                                 0006ac04ef90 00 00 00 00 00 00 00 00 20 50 09 55 3a 00 00 00
                                 0006ac04efa0 d0 ef 04 ac 06 00 00 00 24 2b 2e 62 52 00 00 00
                                 0006ac04efb0 00 00 00 00 00 00 00 00 00 00 00 00 00 00 00 00
    TLS Address:                 0000002d0b12f200
    TLS Dump:                                 00 01 02 03 04 05 06 07 08 09 0a 0b 0c 0d 0e 0f
                                 002d0b12f200 04 00 00 00 08 00 00 00 00 00 00 00 00 00 00 00
                                 002d0b12f210 02 00 00 00 78 00 00 00 00 00 00 00 00 00 00 00
                                 002d0b12f220 53 46 43 4f 00 00 00 00 00 00 00 00 3d f9 49 27
                                 002d0b12f230 00 00 00 00 00 00 00 00 00 00 00 00 00 00 00 00
                                 002d0b12f240 53 46 43 49 00 00 00 00 75 27 00 00 00 00 00 00
                                 002d0b12f250 49 f4 4a 00 00 00 00 10 a2 bb 15 d1 90 7b 0b fc
                                 002d0b12f260 00 00 00 00 00 00 00 00 00 00 00 00 00 00 00 00
                                 002d0b12f270 00 00 00 00 00 00 00 00 00 00 00 00 00 00 00 00
                                 002d0b12f280 00 00 00 00 00 00 00 00 00 00 00 00 00 00 00 00
                                 002d0b12f290 00 00 00 00 00 00 00 00 00 00 00 00 00 00 00 00
                                 002d0b12f2a0 00 00 00 00 00 00 00 00 00 00 00 00 00 00 00 00
                                 002d0b12f2b0 00 00 00 00 00 00 00 00 00 00 00 00 00 00 00 00
                                 002d0b12f2c0 00 00 00 00 00 00 00 00 00 00 00 00 00 00 00 00
                                 002d0b12f2d0 00 00 00 00 00 00 00 00 00 00 00 00 00 00 00 00
                                 002d0b12f2e0 00 00 00 00 00 00 00 00 00 00 00 00 00 00 00 00
                                 002d0b12f2f0 00 00 00 00 00 00 00 00 00 00 00 00 00 00 00 00
Threads[09]:
    Thread ID:                   00000000000002a8
    Thread Name:                 SaveDataManager
    Stack Region:                00000006d3f27000-00000006d3f40000
    Registers:
        X[00]:                   0000003a550983b8
        X[01]:                   0000003a550983c0
        X[02]:                   00000000001301de
        X[03]:                   ffffffffffffffff
        X[04]:                   0000000000000000
        X[05]:                   0000000000000000
        X[06]:                   0000000000000000
        X[07]:                   0000000000000000
        X[08]:                   0000000000000000
        X[09]:                   0000000000000000
        X[10]:                   0000000000000000
        X[11]:                   0000000000000000
        X[12]:                   0000000000000000
        X[13]:                   0000000000000000
        X[14]:                   0000000000000000
        X[15]:                   0000000000000000
        X[16]:                   0000000000000000
        X[17]:                   0000000000000000
        X[18]:                   0000000000000000
        X[19]:                   0000000000000000
        X[20]:                   0000000000000000
        X[21]:                   0000000000000000
        X[22]:                   0000000000000000
        X[23]:                   0000000000000000
        X[24]:                   0000000000000000
        X[25]:                   0000000000000000
        X[26]:                   0000000000000000
        X[27]:                   0000000000000000
        X[28]:                   0000000000000000
        FP:                      00000006d3f3fee0
        LR:                      00000052622e39e8 (nnSdk + 0x969e8) (_ZN2nn2os6detail38InternalConditionVariableImplByHorizon4WaitEPNS1_23InternalCriticalSectionE + 0x30)
        SP:                      00000006d3f3fec0
        PC:                      00000052622fe56c (nnSdk + 0xb156c)
    Stack Trace:
        ReturnAddress[00]:       00000052622dbd38 (nnSdk + 0x8ed38) (_ZN2nn2os19ReceiveMessageQueueEPmPNS0_16MessageQueueTypeE + 0x3c)
        ReturnAddress[01]:       0000005260e29098 (TurboS.nss + 0x625098)
        ReturnAddress[02]:       0000005260e29b40 (TurboS.nss + 0x625b40)
        ReturnAddress[03]:       0000005260e293cc (TurboS.nss + 0x6253cc)
        ReturnAddress[04]:       00000052622deb48 (nnSdk + 0x91b48)
        ReturnAddress[05]:       00000052622e2b24 (nnSdk + 0x95b24)
        ReturnAddress[06]:       0000000000000000
    Stack Dump:                               00 01 02 03 04 05 06 07 08 09 0a 0b 0c 0d 0e 0f
                                 0006d3f3fec0 00 00 00 00 00 00 00 00 20 94 c2 62 52 00 00 00
                                 0006d3f3fed0 b8 83 09 55 3a 00 00 00 80 83 09 55 3a 00 00 00
                                 0006d3f3fee0 10 ff f3 d3 06 00 00 00 38 bd 2d 62 52 00 00 00
                                 0006d3f3fef0 00 00 00 00 00 00 00 00 d4 f1 17 55 3a 00 00 00
                                 0006d3f3ff00 80 83 09 55 3a 00 00 00 50 83 09 55 3a 00 00 00
                                 0006d3f3ff10 30 ff f3 d3 06 00 00 00 98 90 e2 60 52 00 00 00
                                 0006d3f3ff20 80 83 09 55 3a 00 00 00 50 83 09 55 3a 00 00 00
                                 0006d3f3ff30 50 ff f3 d3 06 00 00 00 40 9b e2 60 52 00 00 00
                                 0006d3f3ff40 00 00 00 00 00 00 00 00 50 83 09 55 3a 00 00 00
                                 0006d3f3ff50 70 ff f3 d3 06 00 00 00 cc 93 e2 60 52 00 00 00
                                 0006d3f3ff60 d0 f1 17 55 3a 00 00 00 20 f0 17 55 3a 00 00 00
                                 0006d3f3ff70 a0 ff f3 d3 06 00 00 00 48 eb 2d 62 52 00 00 00
                                 0006d3f3ff80 00 00 00 00 00 00 00 00 00 00 00 00 00 00 00 00
                                 0006d3f3ff90 00 00 00 00 00 00 00 00 20 f0 17 55 3a 00 00 00
                                 0006d3f3ffa0 d0 ff f3 d3 06 00 00 00 24 2b 2e 62 52 00 00 00
                                 0006d3f3ffb0 00 00 00 00 00 00 00 00 00 00 00 00 00 00 00 00
    TLS Address:                 0000002d0b12f400
    TLS Dump:                                 00 01 02 03 04 05 06 07 08 09 0a 0b 0c 0d 0e 0f
                                 002d0b12f400 00 00 00 00 0c 00 00 00 00 00 00 00 00 00 00 00
                                 002d0b12f410 00 00 00 00 00 00 00 00 00 00 00 00 00 00 00 00
                                 002d0b12f420 53 46 43 4f 00 00 00 00 00 00 00 00 a1 ea ef 56
                                 002d0b12f430 00 00 00 00 00 00 00 00 01 00 00 00 00 00 00 00
                                 002d0b12f440 00 00 00 00 00 00 00 00 48 00 00 00 00 00 00 00
                                 002d0b12f450 18 3b 01 00 00 00 00 00 00 00 00 00 00 00 00 00
                                 002d0b12f460 00 00 00 00 00 00 00 00 00 00 00 00 00 00 00 00
                                 002d0b12f470 00 00 00 00 00 00 00 00 00 00 00 00 00 00 00 00
                                 002d0b12f480 00 00 00 00 00 00 00 00 00 00 00 00 00 00 00 00
                                 002d0b12f490 00 00 00 00 00 00 00 00 00 00 00 00 00 00 00 00
                                 002d0b12f4a0 00 00 00 00 00 00 00 00 00 00 00 00 00 00 00 00
                                 002d0b12f4b0 00 00 00 00 00 00 00 00 00 00 00 00 00 00 00 00
                                 002d0b12f4c0 00 00 00 00 00 00 00 00 00 00 00 00 00 00 00 00
                                 002d0b12f4d0 00 00 00 00 00 00 00 00 00 00 00 00 00 00 00 00
                                 002d0b12f4e0 00 00 00 00 00 00 00 00 00 00 00 00 00 00 00 00
                                 002d0b12f4f0 00 00 00 00 00 00 00 00 00 00 00 00 00 00 00 00
Threads[10]:
    Thread ID:                   00000000000002a9
    Thread Name:                 BackgroundLoad
    Stack Region:                0000000720972000-00000007209b2000
    Registers:
        X[00]:                   0000003a556ade08
        X[01]:                   0000003a556ade10
        X[02]:                   00000000001381dd
        X[03]:                   ffffffffffffffff
        X[04]:                   0000000000000000
        X[05]:                   0000000000000000
        X[06]:                   0000000000000000
        X[07]:                   0000000000000000
        X[08]:                   0000000000000000
        X[09]:                   0000000000000000
        X[10]:                   0000000000000000
        X[11]:                   0000000000000000
        X[12]:                   0000000000000000
        X[13]:                   0000000000000000
        X[14]:                   0000000000000000
        X[15]:                   0000000000000000
        X[16]:                   0000000000000000
        X[17]:                   0000000000000000
        X[18]:                   0000000000000000
        X[19]:                   0000000000000000
        X[20]:                   0000000000000000
        X[21]:                   0000000000000000
        X[22]:                   0000000000000000
        X[23]:                   0000000000000000
        X[24]:                   0000000000000000
        X[25]:                   0000000000000000
        X[26]:                   0000000000000000
        X[27]:                   0000000000000000
        X[28]:                   0000000000000000
        FP:                      00000007209b1ee0
        LR:                      00000052622e39e8 (nnSdk + 0x969e8) (_ZN2nn2os6detail38InternalConditionVariableImplByHorizon4WaitEPNS1_23InternalCriticalSectionE + 0x30)
        SP:                      00000007209b1ec0
        PC:                      00000052622fe56c (nnSdk + 0xb156c)
    Stack Trace:
        ReturnAddress[00]:       00000052622dbd38 (nnSdk + 0x8ed38) (_ZN2nn2os19ReceiveMessageQueueEPmPNS0_16MessageQueueTypeE + 0x3c)
        ReturnAddress[01]:       0000005260e29098 (TurboS.nss + 0x625098)
        ReturnAddress[02]:       0000005260e29b40 (TurboS.nss + 0x625b40)
        ReturnAddress[03]:       0000005260e293cc (TurboS.nss + 0x6253cc)
        ReturnAddress[04]:       00000052622deb48 (nnSdk + 0x91b48)
        ReturnAddress[05]:       00000052622e2b24 (nnSdk + 0x95b24)
        ReturnAddress[06]:       0000000000000000
    Stack Dump:                               00 01 02 03 04 05 06 07 08 09 0a 0b 0c 0d 0e 0f
                                 0007209b1ec0 d8 2d 6b 55 3a 00 00 00 01 01 01 01 00 00 00 00
                                 0007209b1ed0 08 de 6a 55 3a 00 00 00 d0 dd 6a 55 3a 00 00 00
                                 0007209b1ee0 10 1f 9b 20 07 00 00 00 38 bd 2d 62 52 00 00 00
                                 0007209b1ef0 00 00 00 00 00 00 00 00 d4 81 6f 55 3a 00 00 00
                                 0007209b1f00 d0 dd 6a 55 3a 00 00 00 a0 dd 6a 55 3a 00 00 00
                                 0007209b1f10 30 1f 9b 20 07 00 00 00 98 90 e2 60 52 00 00 00
                                 0007209b1f20 d0 dd 6a 55 3a 00 00 00 a0 dd 6a 55 3a 00 00 00
                                 0007209b1f30 50 1f 9b 20 07 00 00 00 40 9b e2 60 52 00 00 00
                                 0007209b1f40 00 00 00 00 00 00 00 00 a0 dd 6a 55 3a 00 00 00
                                 0007209b1f50 70 1f 9b 20 07 00 00 00 cc 93 e2 60 52 00 00 00
                                 0007209b1f60 d0 81 6f 55 3a 00 00 00 20 80 6f 55 3a 00 00 00
                                 0007209b1f70 a0 1f 9b 20 07 00 00 00 48 eb 2d 62 52 00 00 00
                                 0007209b1f80 00 00 00 00 00 00 00 00 00 00 00 00 00 00 00 00
                                 0007209b1f90 00 00 00 00 00 00 00 00 20 80 6f 55 3a 00 00 00
                                 0007209b1fa0 d0 1f 9b 20 07 00 00 00 24 2b 2e 62 52 00 00 00
                                 0007209b1fb0 00 00 00 00 00 00 00 00 00 00 00 00 00 00 00 00
    TLS Address:                 0000002d0b12f600
    TLS Dump:                                 00 01 02 03 04 05 06 07 08 09 0a 0b 0c 0d 0e 0f
                                 002d0b12f600 00 00 01 00 09 08 e0 03 00 70 28 00 88 f8 9a 20
                                 002d0b12f610 53 46 43 4f 00 00 00 00 00 00 00 00 99 5d e2 a4
                                 002d0b12f620 00 00 00 00 00 00 00 00 00 00 00 00 00 00 00 00
                                 002d0b12f630 00 00 00 00 00 00 00 00 01 00 00 00 00 00 00 00
                                 002d0b12f640 01 00 71 01 06 41 28 c0 3a 67 01 00 00 00 00 00
                                 002d0b12f650 28 00 00 00 88 f8 9a 20 07 00 28 00 00 00 00 00
                                 002d0b12f660 00 00 00 00 00 00 00 00 00 00 00 00 00 00 00 00
                                 002d0b12f670 00 00 00 00 00 00 00 00 00 00 00 00 00 00 00 00
                                 002d0b12f680 00 00 00 00 00 00 00 00 00 00 00 00 00 00 00 00
                                 002d0b12f690 00 00 00 00 00 00 00 00 00 00 00 00 00 00 00 00
                                 002d0b12f6a0 00 00 00 00 00 00 00 00 00 00 00 00 00 00 00 00
                                 002d0b12f6b0 00 00 00 00 00 00 00 00 00 00 00 00 00 00 00 00
                                 002d0b12f6c0 00 00 00 00 00 00 00 00 00 00 00 00 00 00 00 00
                                 002d0b12f6d0 00 00 00 00 00 00 00 00 00 00 00 00 00 00 00 00
                                 002d0b12f6e0 00 00 00 00 00 00 00 00 00 00 00 00 00 00 00 00
                                 002d0b12f6f0 00 00 00 00 00 00 00 00 00 00 00 00 00 00 00 00
Threads[11]:
    Thread ID:                   00000000000002aa
    Thread Name:                 CourseDecomp
    Stack Region:                0000000728f3d000-0000000728f56000
    Registers:
        X[00]:                   0000003a556b2d28
        X[01]:                   0000003a556b2d30
        X[02]:                   00000000001401dc
        X[03]:                   ffffffffffffffff
        X[04]:                   0000000000000000
        X[05]:                   0000000000000000
        X[06]:                   0000000000000000
        X[07]:                   0000000000000000
        X[08]:                   0000000000000000
        X[09]:                   0000000000000000
        X[10]:                   0000000000000000
        X[11]:                   0000000000000000
        X[12]:                   0000000000000000
        X[13]:                   0000000000000000
        X[14]:                   0000000000000000
        X[15]:                   0000000000000000
        X[16]:                   0000000000000000
        X[17]:                   0000000000000000
        X[18]:                   0000000000000000
        X[19]:                   0000000000000000
        X[20]:                   0000000000000000
        X[21]:                   0000000000000000
        X[22]:                   0000000000000000
        X[23]:                   0000000000000000
        X[24]:                   0000000000000000
        X[25]:                   0000000000000000
        X[26]:                   0000000000000000
        X[27]:                   0000000000000000
        X[28]:                   0000000000000000
        FP:                      0000000728f55ee0
        LR:                      00000052622e39e8 (nnSdk + 0x969e8) (_ZN2nn2os6detail38InternalConditionVariableImplByHorizon4WaitEPNS1_23InternalCriticalSectionE + 0x30)
        SP:                      0000000728f55ec0
        PC:                      00000052622fe56c (nnSdk + 0xb156c)
    Stack Trace:
        ReturnAddress[00]:       00000052622dbd38 (nnSdk + 0x8ed38) (_ZN2nn2os19ReceiveMessageQueueEPmPNS0_16MessageQueueTypeE + 0x3c)
        ReturnAddress[01]:       0000005260e29098 (TurboS.nss + 0x625098)
        ReturnAddress[02]:       0000005260e29b40 (TurboS.nss + 0x625b40)
        ReturnAddress[03]:       0000005260e293cc (TurboS.nss + 0x6253cc)
        ReturnAddress[04]:       00000052622deb48 (nnSdk + 0x91b48)
        ReturnAddress[05]:       00000052622e2b24 (nnSdk + 0x95b24)
        ReturnAddress[06]:       0000000000000000
    Stack Dump:                               00 01 02 03 04 05 06 07 08 09 0a 0b 0c 0d 0e 0f
                                 000728f55ec0 00 00 00 00 00 00 00 00 00 00 00 00 00 00 00 00
                                 000728f55ed0 28 2d 6b 55 3a 00 00 00 f0 2c 6b 55 3a 00 00 00
                                 000728f55ee0 10 5f f5 28 07 00 00 00 38 bd 2d 62 52 00 00 00
                                 000728f55ef0 00 00 00 00 00 00 00 00 d4 21 71 55 3a 00 00 00
                                 000728f55f00 f0 2c 6b 55 3a 00 00 00 c0 2c 6b 55 3a 00 00 00
                                 000728f55f10 30 5f f5 28 07 00 00 00 98 90 e2 60 52 00 00 00
                                 000728f55f20 c0 2c 6b 55 3a 00 00 00 01 00 00 00 00 00 00 00
                                 000728f55f30 50 5f f5 28 07 00 00 00 40 9b e2 60 52 00 00 00
                                 000728f55f40 00 00 00 00 00 00 00 00 c0 2c 6b 55 3a 00 00 00
                                 000728f55f50 70 5f f5 28 07 00 00 00 cc 93 e2 60 52 00 00 00
                                 000728f55f60 d0 21 71 55 3a 00 00 00 20 20 71 55 3a 00 00 00
                                 000728f55f70 a0 5f f5 28 07 00 00 00 48 eb 2d 62 52 00 00 00
                                 000728f55f80 00 00 00 00 00 00 00 00 00 00 00 00 00 00 00 00
                                 000728f55f90 00 00 00 00 00 00 00 00 20 20 71 55 3a 00 00 00
                                 000728f55fa0 d0 5f f5 28 07 00 00 00 24 2b 2e 62 52 00 00 00
                                 000728f55fb0 00 00 00 00 00 00 00 00 00 00 00 00 00 00 00 00
    TLS Address:                 0000002d0b12f800
    TLS Dump:                                 00 01 02 03 04 05 06 07 08 09 0a 0b 0c 0d 0e 0f
                                 002d0b12f800 00 00 00 00 00 00 00 00 00 00 00 00 00 00 00 00
                                 002d0b12f810 00 00 00 00 00 00 00 00 00 00 00 00 00 00 00 00
                                 002d0b12f820 00 00 00 00 00 00 00 00 00 00 00 00 00 00 00 00
                                 002d0b12f830 00 00 00 00 00 00 00 00 00 00 00 00 00 00 00 00
                                 002d0b12f840 00 00 00 00 00 00 00 00 00 00 00 00 00 00 00 00
                                 002d0b12f850 00 00 00 00 00 00 00 00 00 00 00 00 00 00 00 00
                                 002d0b12f860 00 00 00 00 00 00 00 00 00 00 00 00 00 00 00 00
                                 002d0b12f870 00 00 00 00 00 00 00 00 00 00 00 00 00 00 00 00
                                 002d0b12f880 00 00 00 00 00 00 00 00 00 00 00 00 00 00 00 00
                                 002d0b12f890 00 00 00 00 00 00 00 00 00 00 00 00 00 00 00 00
                                 002d0b12f8a0 00 00 00 00 00 00 00 00 00 00 00 00 00 00 00 00
                                 002d0b12f8b0 00 00 00 00 00 00 00 00 00 00 00 00 00 00 00 00
                                 002d0b12f8c0 00 00 00 00 00 00 00 00 00 00 00 00 00 00 00 00
                                 002d0b12f8d0 00 00 00 00 00 00 00 00 00 00 00 00 00 00 00 00
                                 002d0b12f8e0 00 00 00 00 00 00 00 00 00 00 00 00 00 00 00 00
                                 002d0b12f8f0 00 00 00 00 00 00 00 00 00 00 00 00 00 00 00 00
Threads[12]:
    Thread ID:                   00000000000002ab
    Thread Name:                 ControllerAppletThread
    Stack Region:                00000006d020a000-00000006d020c000
    Registers:
        X[00]:                   0000000000000000
        X[01]:                   0000000000000000
        X[02]:                   0000000000000000
        X[03]:                   0000000000000000
        X[04]:                   0000000000000000
        X[05]:                   0000000000000000
        X[06]:                   0000000000000000
        X[07]:                   0000000000000000
        X[08]:                   0000000000000000
        X[09]:                   0000000000000000
        X[10]:                   0000000000000000
        X[11]:                   0000000000000000
        X[12]:                   0000000000000000
        X[13]:                   0000000000000000
        X[14]:                   0000000000000000
        X[15]:                   0000000000000000
        X[16]:                   0000000000000000
        X[17]:                   0000000000000000
        X[18]:                   0000000000000000
        X[19]:                   0000000000000000
        X[20]:                   0000000000000000
        X[21]:                   0000000000000000
        X[22]:                   0000000000000000
        X[23]:                   0000000000000000
        X[24]:                   0000000000000000
        X[25]:                   0000000000000000
        X[26]:                   0000000000000000
        X[27]:                   0000000000000000
        X[28]:                   0000000000000000
        FP:                      00000006d020bcd0
        LR:                      00000052622926dc (nnSdk + 0x456dc) (_ZN2nn4diag6detail5AbortEv + 0x18)
        SP:                      00000006d020bcd0
        PC:                      00000052622fe5d4 (nnSdk + 0xb15d4)
    Stack Trace:
        ReturnAddress[00]:       00000052622914a8 (nnSdk + 0x444a8) (_ZN2nn4diag6detail9AbortImplEPKcS3_S3_iPKNS_6ResultEPKNS_2os17UserExceptionInfoES3_z + 0x0)
        ReturnAddress[01]:       0000005262291560 (nnSdk + 0x44560) (_ZN2nn4diag6detail9AbortImplEPKcS3_S3_iS3_z + 0x0)
        ReturnAddress[02]:       00000052622915f0 (nnSdk + 0x445f0) (_ZN2nn4diag6detail18OnAssertionFailureENS0_13AssertionTypeEPKcS4_S4_iS4_z + 0x0)
        ReturnAddress[03]:       0000005262401a00 (nnSdk + 0x1b4a00) (_ZN2nn2la22StartLibraryAppletEasyENS_6applet8AppletIdERKNS0_21CommonArgumentsWriterEPKvmPvmPmb + 0x0)
        ReturnAddress[04]:       000000526249bf70 (nnSdk + 0x24ef70) (_ZN2nn3hid6detail25ShowControllerSupportCoreEPNS0_27ControllerSupportResultInfoERKNS0_20ControllerSupportArgERKNS0_6system27Con + 0xc0)
        ReturnAddress[05]:       000000526249c1dc (nnSdk + 0x24f1dc) (_ZN2nn3hid21ShowControllerSupportEPNS0_27ControllerSupportResultInfoERKNS0_20ControllerSupportArgE + 0x48)
        ReturnAddress[06]:       0000005261071bec (TurboS.nss + 0x86dbec)
        ReturnAddress[07]:       0000005260e29b34 (TurboS.nss + 0x625b34)
        ReturnAddress[08]:       0000005260e293cc (TurboS.nss + 0x6253cc)
        ReturnAddress[09]:       00000052622deb48 (nnSdk + 0x91b48)
        ReturnAddress[10]:       00000052622e2b24 (nnSdk + 0x95b24)
        ReturnAddress[11]:       0000000000000000
    Stack Dump:                               00 01 02 03 04 05 06 07 08 09 0a 0b 0c 0d 0e 0f
                                 0006d020bcd0 70 bd 20 d0 06 00 00 00 a8 14 29 62 52 00 00 00
                                 0006d020bce0 03 00 00 00 52 00 00 00 50 bd 20 d0 06 00 00 00
                                 0006d020bcf0 c0 46 9e 62 52 00 00 00 c0 46 9e 62 52 00 00 00
                                 0006d020bd00 c0 46 9e 62 52 00 00 00 00 00 00 00 00 00 00 00
                                 0006d020bd10 00 00 00 00 00 00 00 00 00 00 00 00 00 00 00 00
                                 0006d020bd20 03 00 00 00 52 00 00 00 50 bd 20 d0 06 00 00 00
                                 0006d020bd30 c0 46 9e 62 52 00 00 00 c0 46 9e 62 52 00 00 00
                                 0006d020bd40 c0 46 9e 62 52 00 00 00 00 00 00 00 00 00 00 00
                                 0006d020bd50 c0 46 9e 62 52 00 00 00 10 be 20 d0 06 00 00 00
                                 0006d020bd60 05 18 ac 69 3a 00 00 00 20 c7 bf 62 52 00 00 00
                                 0006d020bd70 30 be 20 d0 06 00 00 00 60 15 29 62 52 00 00 00
                                 0006d020bd80 00 00 00 00 00 00 00 00 00 00 00 00 00 00 00 00
                                 0006d020bd90 00 00 00 00 00 00 00 00 00 00 00 00 00 00 00 00
                                 0006d020bda0 00 00 00 00 00 00 00 00 00 00 00 00 00 00 00 00
                                 0006d020bdb0 00 00 00 00 00 00 00 00 00 00 00 00 00 00 00 00
                                 0006d020bdc0 00 00 00 00 00 00 00 00 00 00 00 00 00 00 00 00
    TLS Address:                 0000002d0b12fa00
    TLS Dump:                                 00 01 02 03 04 05 06 07 08 09 0a 0b 0c 0d 0e 0f
                                 002d0b12fa00 00 00 00 00 0c 00 00 00 00 00 00 00 00 00 00 00
                                 002d0b12fa10 00 00 00 00 00 00 00 00 00 00 00 00 00 00 00 00
                                 002d0b12fa20 53 46 43 4f 00 00 00 00 00 00 00 00 0e 61 f9 21
                                 002d0b12fa30 00 00 00 00 00 00 00 00 0a 00 00 00 00 00 00 00
                                 002d0b12fa40 00 00 00 00 00 00 00 00 00 00 00 00 00 00 00 00
                                 002d0b12fa50 00 00 00 00 00 00 00 00 00 00 00 00 00 00 00 00
                                 002d0b12fa60 00 00 00 00 00 00 00 00 00 00 00 00 00 00 00 00
                                 002d0b12fa70 00 00 00 00 00 00 00 00 00 00 00 00 00 00 00 00
                                 002d0b12fa80 00 00 00 00 00 00 00 00 00 00 00 00 00 00 00 00
                                 002d0b12fa90 00 00 00 00 00 00 00 00 00 00 00 00 00 00 00 00
                                 002d0b12faa0 00 00 00 00 00 00 00 00 00 00 00 00 00 00 00 00
                                 002d0b12fab0 00 00 00 00 00 00 00 00 00 00 00 00 00 00 00 00
                                 002d0b12fac0 00 00 00 00 00 00 00 00 00 00 00 00 00 00 00 00
                                 002d0b12fad0 00 00 00 00 00 00 00 00 00 00 00 00 00 00 00 00
                                 002d0b12fae0 00 00 00 00 00 00 00 00 00 00 00 00 00 00 00 00
                                 002d0b12faf0 00 00 00 00 00 00 00 00 00 00 00 00 00 00 00 00
Threads[13]:
    Thread ID:                   00000000000002ac
    Thread Name:                 KeyboardAppletThread
    Stack Region:                00000006c3139000-00000006c313b000
    Registers:
        X[00]:                   0000003a69ac1a90
        X[01]:                   0000003a69ac1a98
        X[02]:                   00000000001501da
        X[03]:                   ffffffffffffffff
        X[04]:                   0000000000000000
        X[05]:                   0000000000000000
        X[06]:                   0000000000000000
        X[07]:                   0000000000000000
        X[08]:                   0000000000000000
        X[09]:                   0000000000000000
        X[10]:                   0000000000000000
        X[11]:                   0000000000000000
        X[12]:                   0000000000000000
        X[13]:                   0000000000000000
        X[14]:                   0000000000000000
        X[15]:                   0000000000000000
        X[16]:                   0000000000000000
        X[17]:                   0000000000000000
        X[18]:                   0000000000000000
        X[19]:                   0000000000000000
        X[20]:                   0000000000000000
        X[21]:                   0000000000000000
        X[22]:                   0000000000000000
        X[23]:                   0000000000000000
        X[24]:                   0000000000000000
        X[25]:                   0000000000000000
        X[26]:                   0000000000000000
        X[27]:                   0000000000000000
        X[28]:                   0000000000000000
        FP:                      00000006c313aee0
        LR:                      00000052622e39e8 (nnSdk + 0x969e8) (_ZN2nn2os6detail38InternalConditionVariableImplByHorizon4WaitEPNS1_23InternalCriticalSectionE + 0x30)
        SP:                      00000006c313aec0
        PC:                      00000052622fe56c (nnSdk + 0xb156c)
    Stack Trace:
        ReturnAddress[00]:       00000052622dbd38 (nnSdk + 0x8ed38) (_ZN2nn2os19ReceiveMessageQueueEPmPNS0_16MessageQueueTypeE + 0x3c)
        ReturnAddress[01]:       0000005260e29098 (TurboS.nss + 0x625098)
        ReturnAddress[02]:       0000005260e29b40 (TurboS.nss + 0x625b40)
        ReturnAddress[03]:       0000005260e293cc (TurboS.nss + 0x6253cc)
        ReturnAddress[04]:       00000052622deb48 (nnSdk + 0x91b48)
        ReturnAddress[05]:       00000052622e2b24 (nnSdk + 0x95b24)
        ReturnAddress[06]:       0000000000000000
    Stack Dump:                               00 01 02 03 04 05 06 07 08 09 0a 0b 0c 0d 0e 0f
                                 0006c313aec0 00 00 00 00 00 00 00 00 00 00 00 00 00 00 00 00
                                 0006c313aed0 90 1a ac 69 3a 00 00 00 58 1a ac 69 3a 00 00 00
                                 0006c313aee0 10 af 13 c3 06 00 00 00 38 bd 2d 62 52 00 00 00
                                 0006c313aef0 00 00 00 00 00 00 00 00 d4 81 ac 69 3a 00 00 00
                                 0006c313af00 58 1a ac 69 3a 00 00 00 28 1a ac 69 3a 00 00 00
                                 0006c313af10 30 af 13 c3 06 00 00 00 98 90 e2 60 52 00 00 00
                                 0006c313af20 00 00 00 00 00 00 00 00 00 00 00 00 00 00 00 00
                                 0006c313af30 50 af 13 c3 06 00 00 00 40 9b e2 60 52 00 00 00
                                 0006c313af40 00 00 00 00 00 00 00 00 28 1a ac 69 3a 00 00 00
                                 0006c313af50 70 af 13 c3 06 00 00 00 cc 93 e2 60 52 00 00 00
                                 0006c313af60 d0 81 ac 69 3a 00 00 00 20 80 ac 69 3a 00 00 00
                                 0006c313af70 a0 af 13 c3 06 00 00 00 48 eb 2d 62 52 00 00 00
                                 0006c313af80 00 00 00 00 00 00 00 00 00 00 00 00 00 00 00 00
                                 0006c313af90 00 00 00 00 00 00 00 00 20 80 ac 69 3a 00 00 00
                                 0006c313afa0 d0 af 13 c3 06 00 00 00 24 2b 2e 62 52 00 00 00
                                 0006c313afb0 00 00 00 00 00 00 00 00 00 00 00 00 00 00 00 00
    TLS Address:                 0000002d0b12fc00
    TLS Dump:                                 00 01 02 03 04 05 06 07 08 09 0a 0b 0c 0d 0e 0f
                                 002d0b12fc00 00 00 00 00 00 00 00 00 00 00 00 00 00 00 00 00
                                 002d0b12fc10 00 00 00 00 00 00 00 00 00 00 00 00 00 00 00 00
                                 002d0b12fc20 00 00 00 00 00 00 00 00 00 00 00 00 00 00 00 00
                                 002d0b12fc30 00 00 00 00 00 00 00 00 00 00 00 00 00 00 00 00
                                 002d0b12fc40 00 00 00 00 00 00 00 00 00 00 00 00 00 00 00 00
                                 002d0b12fc50 00 00 00 00 00 00 00 00 00 00 00 00 00 00 00 00
                                 002d0b12fc60 00 00 00 00 00 00 00 00 00 00 00 00 00 00 00 00
                                 002d0b12fc70 00 00 00 00 00 00 00 00 00 00 00 00 00 00 00 00
                                 002d0b12fc80 00 00 00 00 00 00 00 00 00 00 00 00 00 00 00 00
                                 002d0b12fc90 00 00 00 00 00 00 00 00 00 00 00 00 00 00 00 00
                                 002d0b12fca0 00 00 00 00 00 00 00 00 00 00 00 00 00 00 00 00
                                 002d0b12fcb0 00 00 00 00 00 00 00 00 00 00 00 00 00 00 00 00
                                 002d0b12fcc0 00 00 00 00 00 00 00 00 00 00 00 00 00 00 00 00
                                 002d0b12fcd0 00 00 00 00 00 00 00 00 00 00 00 00 00 00 00 00
                                 002d0b12fce0 00 00 00 00 00 00 00 00 00 00 00 00 00 00 00 00
                                 002d0b12fcf0 00 00 00 00 00 00 00 00 00 00 00 00 00 00 00 00
Threads[14]:
    Thread ID:                   00000000000002ad
    Thread Name:                 OfflineWebAppletThread
    Stack Region:                00000006c14cf000-00000006c14d3000
    Registers:
        X[00]:                   0000003a69ac1fd8
        X[01]:                   0000003a69ac1fe0
        X[02]:                   00000000001581d9
        X[03]:                   ffffffffffffffff
        X[04]:                   0000000000000000
        X[05]:                   0000000000000000
        X[06]:                   0000000000000000
        X[07]:                   0000000000000000
        X[08]:                   0000000000000000
        X[09]:                   0000000000000000
        X[10]:                   0000000000000000
        X[11]:                   0000000000000000
        X[12]:                   0000000000000000
        X[13]:                   0000000000000000
        X[14]:                   0000000000000000
        X[15]:                   0000000000000000
        X[16]:                   0000000000000000
        X[17]:                   0000000000000000
        X[18]:                   0000000000000000
        X[19]:                   0000000000000000
        X[20]:                   0000000000000000
        X[21]:                   0000000000000000
        X[22]:                   0000000000000000
        X[23]:                   0000000000000000
        X[24]:                   0000000000000000
        X[25]:                   0000000000000000
        X[26]:                   0000000000000000
        X[27]:                   0000000000000000
        X[28]:                   0000000000000000
        FP:                      00000006c14d2ee0
        LR:                      00000052622e39e8 (nnSdk + 0x969e8) (_ZN2nn2os6detail38InternalConditionVariableImplByHorizon4WaitEPNS1_23InternalCriticalSectionE + 0x30)
        SP:                      00000006c14d2ec0
        PC:                      00000052622fe56c (nnSdk + 0xb156c)
    Stack Trace:
        ReturnAddress[00]:       00000052622dbd38 (nnSdk + 0x8ed38) (_ZN2nn2os19ReceiveMessageQueueEPmPNS0_16MessageQueueTypeE + 0x3c)
        ReturnAddress[01]:       0000005260e29098 (TurboS.nss + 0x625098)
        ReturnAddress[02]:       0000005260e29b40 (TurboS.nss + 0x625b40)
        ReturnAddress[03]:       0000005260e293cc (TurboS.nss + 0x6253cc)
        ReturnAddress[04]:       00000052622deb48 (nnSdk + 0x91b48)
        ReturnAddress[05]:       00000052622e2b24 (nnSdk + 0x95b24)
        ReturnAddress[06]:       0000000000000000
    Stack Dump:                               00 01 02 03 04 05 06 07 08 09 0a 0b 0c 0d 0e 0f
                                 0006c14d2ec0 00 00 00 00 00 00 00 00 00 00 00 00 00 00 00 00
                                 0006c14d2ed0 d8 1f ac 69 3a 00 00 00 a0 1f ac 69 3a 00 00 00
                                 0006c14d2ee0 10 2f 4d c1 06 00 00 00 38 bd 2d 62 52 00 00 00
                                 0006c14d2ef0 00 00 00 00 00 00 00 00 d4 11 ad 69 3a 00 00 00
                                 0006c14d2f00 a0 1f ac 69 3a 00 00 00 70 1f ac 69 3a 00 00 00
                                 0006c14d2f10 30 2f 4d c1 06 00 00 00 98 90 e2 60 52 00 00 00
                                 0006c14d2f20 00 00 00 00 00 00 00 00 00 00 00 00 00 00 00 00
                                 0006c14d2f30 50 2f 4d c1 06 00 00 00 40 9b e2 60 52 00 00 00
                                 0006c14d2f40 00 00 00 00 00 00 00 00 70 1f ac 69 3a 00 00 00
                                 0006c14d2f50 70 2f 4d c1 06 00 00 00 cc 93 e2 60 52 00 00 00
                                 0006c14d2f60 d0 11 ad 69 3a 00 00 00 20 10 ad 69 3a 00 00 00
                                 0006c14d2f70 a0 2f 4d c1 06 00 00 00 48 eb 2d 62 52 00 00 00
                                 0006c14d2f80 00 00 00 00 00 00 00 00 00 00 00 00 00 00 00 00
                                 0006c14d2f90 00 00 00 00 00 00 00 00 20 10 ad 69 3a 00 00 00
                                 0006c14d2fa0 d0 2f 4d c1 06 00 00 00 24 2b 2e 62 52 00 00 00
                                 0006c14d2fb0 00 00 00 00 00 00 00 00 00 00 00 00 00 00 00 00
    TLS Address:                 0000002d0b12fe00
    TLS Dump:                                 00 01 02 03 04 05 06 07 08 09 0a 0b 0c 0d 0e 0f
                                 002d0b12fe00 00 00 00 00 00 00 00 00 00 00 00 00 00 00 00 00
                                 002d0b12fe10 00 00 00 00 00 00 00 00 00 00 00 00 00 00 00 00
                                 002d0b12fe20 00 00 00 00 00 00 00 00 00 00 00 00 00 00 00 00
                                 002d0b12fe30 00 00 00 00 00 00 00 00 00 00 00 00 00 00 00 00
                                 002d0b12fe40 00 00 00 00 00 00 00 00 00 00 00 00 00 00 00 00
                                 002d0b12fe50 00 00 00 00 00 00 00 00 00 00 00 00 00 00 00 00
                                 002d0b12fe60 00 00 00 00 00 00 00 00 00 00 00 00 00 00 00 00
                                 002d0b12fe70 00 00 00 00 00 00 00 00 00 00 00 00 00 00 00 00
                                 002d0b12fe80 00 00 00 00 00 00 00 00 00 00 00 00 00 00 00 00
                                 002d0b12fe90 00 00 00 00 00 00 00 00 00 00 00 00 00 00 00 00
                                 002d0b12fea0 00 00 00 00 00 00 00 00 00 00 00 00 00 00 00 00
                                 002d0b12feb0 00 00 00 00 00 00 00 00 00 00 00 00 00 00 00 00
                                 002d0b12fec0 00 00 00 00 00 00 00 00 00 00 00 00 00 00 00 00
                                 002d0b12fed0 00 00 00 00 00 00 00 00 00 00 00 00 00 00 00 00
                                 002d0b12fee0 00 00 00 00 00 00 00 00 00 00 00 00 00 00 00 00
                                 002d0b12fef0 00 00 00 00 00 00 00 00 00 00 00 00 00 00 00 00
Threads[15]:
    Thread ID:                   00000000000002ae
    Thread Name:                 MiiEditAppletThread
    Stack Region:                00000006c4a15000-00000006c4a16000
    Registers:
        X[00]:                   0000003a69ac20d0
        X[01]:                   0000003a69ac20d8
        X[02]:                   00000000001601d8
        X[03]:                   ffffffffffffffff
        X[04]:                   0000000000000000
        X[05]:                   0000000000000000
        X[06]:                   0000000000000000
        X[07]:                   0000000000000000
        X[08]:                   0000000000000000
        X[09]:                   0000000000000000
        X[10]:                   0000000000000000
        X[11]:                   0000000000000000
        X[12]:                   0000000000000000
        X[13]:                   0000000000000000
        X[14]:                   0000000000000000
        X[15]:                   0000000000000000
        X[16]:                   0000000000000000
        X[17]:                   0000000000000000
        X[18]:                   0000000000000000
        X[19]:                   0000000000000000
        X[20]:                   0000000000000000
        X[21]:                   0000000000000000
        X[22]:                   0000000000000000
        X[23]:                   0000000000000000
        X[24]:                   0000000000000000
        X[25]:                   0000000000000000
        X[26]:                   0000000000000000
        X[27]:                   0000000000000000
        X[28]:                   0000000000000000
        FP:                      00000006c4a15ee0
        LR:                      00000052622e39e8 (nnSdk + 0x969e8) (_ZN2nn2os6detail38InternalConditionVariableImplByHorizon4WaitEPNS1_23InternalCriticalSectionE + 0x30)
        SP:                      00000006c4a15ec0
        PC:                      00000052622fe56c (nnSdk + 0xb156c)
    Stack Trace:
        ReturnAddress[00]:       00000052622dbd38 (nnSdk + 0x8ed38) (_ZN2nn2os19ReceiveMessageQueueEPmPNS0_16MessageQueueTypeE + 0x3c)
        ReturnAddress[01]:       0000005260e29098 (TurboS.nss + 0x625098)
        ReturnAddress[02]:       0000005260e29b40 (TurboS.nss + 0x625b40)
        ReturnAddress[03]:       0000005260e293cc (TurboS.nss + 0x6253cc)
        ReturnAddress[04]:       00000052622deb48 (nnSdk + 0x91b48)
        ReturnAddress[05]:       00000052622e2b24 (nnSdk + 0x95b24)
        ReturnAddress[06]:       0000000000000000
    Stack Dump:                               00 01 02 03 04 05 06 07 08 09 0a 0b 0c 0d 0e 0f
                                 0006c4a15ec0 00 00 00 00 00 00 00 00 00 00 00 00 00 00 00 00
                                 0006c4a15ed0 d0 20 ac 69 3a 00 00 00 98 20 ac 69 3a 00 00 00
                                 0006c4a15ee0 10 5f a1 c4 06 00 00 00 38 bd 2d 62 52 00 00 00
                                 0006c4a15ef0 00 00 00 00 00 00 00 00 d4 31 ad 69 3a 00 00 00
                                 0006c4a15f00 98 20 ac 69 3a 00 00 00 68 20 ac 69 3a 00 00 00
                                 0006c4a15f10 30 5f a1 c4 06 00 00 00 98 90 e2 60 52 00 00 00
                                 0006c4a15f20 00 00 00 00 00 00 00 00 00 00 00 00 00 00 00 00
                                 0006c4a15f30 50 5f a1 c4 06 00 00 00 40 9b e2 60 52 00 00 00
                                 0006c4a15f40 00 00 00 00 00 00 00 00 68 20 ac 69 3a 00 00 00
                                 0006c4a15f50 70 5f a1 c4 06 00 00 00 cc 93 e2 60 52 00 00 00
                                 0006c4a15f60 d0 31 ad 69 3a 00 00 00 20 30 ad 69 3a 00 00 00
                                 0006c4a15f70 a0 5f a1 c4 06 00 00 00 48 eb 2d 62 52 00 00 00
                                 0006c4a15f80 00 00 00 00 00 00 00 00 00 00 00 00 00 00 00 00
                                 0006c4a15f90 00 00 00 00 00 00 00 00 20 30 ad 69 3a 00 00 00
                                 0006c4a15fa0 d0 5f a1 c4 06 00 00 00 24 2b 2e 62 52 00 00 00
                                 0006c4a15fb0 00 00 00 00 00 00 00 00 00 00 00 00 00 00 00 00
    TLS Address:                 0000002b30401000
    TLS Dump:                                 00 01 02 03 04 05 06 07 08 09 0a 0b 0c 0d 0e 0f
                                 002b30401000 00 00 00 00 00 00 00 00 00 00 00 00 00 00 00 00
                                 002b30401010 00 00 00 00 00 00 00 00 00 00 00 00 00 00 00 00
                                 002b30401020 00 00 00 00 00 00 00 00 00 00 00 00 00 00 00 00
                                 002b30401030 00 00 00 00 00 00 00 00 00 00 00 00 00 00 00 00
                                 002b30401040 00 00 00 00 00 00 00 00 00 00 00 00 00 00 00 00
                                 002b30401050 00 00 00 00 00 00 00 00 00 00 00 00 00 00 00 00
                                 002b30401060 00 00 00 00 00 00 00 00 00 00 00 00 00 00 00 00
                                 002b30401070 00 00 00 00 00 00 00 00 00 00 00 00 00 00 00 00
                                 002b30401080 00 00 00 00 00 00 00 00 00 00 00 00 00 00 00 00
                                 002b30401090 00 00 00 00 00 00 00 00 00 00 00 00 00 00 00 00
                                 002b304010a0 00 00 00 00 00 00 00 00 00 00 00 00 00 00 00 00
                                 002b304010b0 00 00 00 00 00 00 00 00 00 00 00 00 00 00 00 00
                                 002b304010c0 00 00 00 00 00 00 00 00 00 00 00 00 00 00 00 00
                                 002b304010d0 00 00 00 00 00 00 00 00 00 00 00 00 00 00 00 00
                                 002b304010e0 00 00 00 00 00 00 00 00 00 00 00 00 00 00 00 00
                                 002b304010f0 00 00 00 00 00 00 00 00 00 00 00 00 00 00 00 00
Threads[16]:
    Thread ID:                   00000000000002af
    Thread Name:                 ErrorAppletThread
    Stack Region:                00000006d1ef1000-00000006d1ef2000
    Registers:
        X[00]:                   0000003a69ac21d0
        X[01]:                   0000003a69ac21d8
        X[02]:                   00000000001681d7
        X[03]:                   ffffffffffffffff
        X[04]:                   0000000000000000
        X[05]:                   0000000000000000
        X[06]:                   0000000000000000
        X[07]:                   0000000000000000
        X[08]:                   0000000000000000
        X[09]:                   0000000000000000
        X[10]:                   0000000000000000
        X[11]:                   0000000000000000
        X[12]:                   0000000000000000
        X[13]:                   0000000000000000
        X[14]:                   0000000000000000
        X[15]:                   0000000000000000
        X[16]:                   0000000000000000
        X[17]:                   0000000000000000
        X[18]:                   0000000000000000
        X[19]:                   0000000000000000
        X[20]:                   0000000000000000
        X[21]:                   0000000000000000
        X[22]:                   0000000000000000
        X[23]:                   0000000000000000
        X[24]:                   0000000000000000
        X[25]:                   0000000000000000
        X[26]:                   0000000000000000
        X[27]:                   0000000000000000
        X[28]:                   0000000000000000
        FP:                      00000006d1ef1ee0
        LR:                      00000052622e39e8 (nnSdk + 0x969e8) (_ZN2nn2os6detail38InternalConditionVariableImplByHorizon4WaitEPNS1_23InternalCriticalSectionE + 0x30)
        SP:                      00000006d1ef1ec0
        PC:                      00000052622fe56c (nnSdk + 0xb156c)
    Stack Trace:
        ReturnAddress[00]:       00000052622dbd38 (nnSdk + 0x8ed38) (_ZN2nn2os19ReceiveMessageQueueEPmPNS0_16MessageQueueTypeE + 0x3c)
        ReturnAddress[01]:       0000005260e29098 (TurboS.nss + 0x625098)
        ReturnAddress[02]:       0000005260e29b40 (TurboS.nss + 0x625b40)
        ReturnAddress[03]:       0000005260e293cc (TurboS.nss + 0x6253cc)
        ReturnAddress[04]:       00000052622deb48 (nnSdk + 0x91b48)
        ReturnAddress[05]:       00000052622e2b24 (nnSdk + 0x95b24)
        ReturnAddress[06]:       0000000000000000
    Stack Dump:                               00 01 02 03 04 05 06 07 08 09 0a 0b 0c 0d 0e 0f
                                 0006d1ef1ec0 00 00 00 00 00 00 00 00 00 00 00 00 00 00 00 00
                                 0006d1ef1ed0 d0 21 ac 69 3a 00 00 00 98 21 ac 69 3a 00 00 00
                                 0006d1ef1ee0 10 1f ef d1 06 00 00 00 38 bd 2d 62 52 00 00 00
                                 0006d1ef1ef0 00 00 00 00 00 00 00 00 d4 51 ad 69 3a 00 00 00
                                 0006d1ef1f00 98 21 ac 69 3a 00 00 00 68 21 ac 69 3a 00 00 00
                                 0006d1ef1f10 30 1f ef d1 06 00 00 00 98 90 e2 60 52 00 00 00
                                 0006d1ef1f20 00 00 00 00 00 00 00 00 00 00 00 00 00 00 00 00
                                 0006d1ef1f30 50 1f ef d1 06 00 00 00 40 9b e2 60 52 00 00 00
                                 0006d1ef1f40 00 00 00 00 00 00 00 00 68 21 ac 69 3a 00 00 00
                                 0006d1ef1f50 70 1f ef d1 06 00 00 00 cc 93 e2 60 52 00 00 00
                                 0006d1ef1f60 d0 51 ad 69 3a 00 00 00 20 50 ad 69 3a 00 00 00
                                 0006d1ef1f70 a0 1f ef d1 06 00 00 00 48 eb 2d 62 52 00 00 00
                                 0006d1ef1f80 00 00 00 00 00 00 00 00 00 00 00 00 00 00 00 00
                                 0006d1ef1f90 00 00 00 00 00 00 00 00 20 50 ad 69 3a 00 00 00
                                 0006d1ef1fa0 d0 1f ef d1 06 00 00 00 24 2b 2e 62 52 00 00 00
                                 0006d1ef1fb0 00 00 00 00 00 00 00 00 00 00 00 00 00 00 00 00
    TLS Address:                 0000002b30401200
    TLS Dump:                                 00 01 02 03 04 05 06 07 08 09 0a 0b 0c 0d 0e 0f
                                 002b30401200 00 00 00 00 00 00 00 00 00 00 00 00 00 00 00 00
                                 002b30401210 00 00 00 00 00 00 00 00 00 00 00 00 00 00 00 00
                                 002b30401220 00 00 00 00 00 00 00 00 00 00 00 00 00 00 00 00
                                 002b30401230 00 00 00 00 00 00 00 00 00 00 00 00 00 00 00 00
                                 002b30401240 00 00 00 00 00 00 00 00 00 00 00 00 00 00 00 00
                                 002b30401250 00 00 00 00 00 00 00 00 00 00 00 00 00 00 00 00
                                 002b30401260 00 00 00 00 00 00 00 00 00 00 00 00 00 00 00 00
                                 002b30401270 00 00 00 00 00 00 00 00 00 00 00 00 00 00 00 00
                                 002b30401280 00 00 00 00 00 00 00 00 00 00 00 00 00 00 00 00
                                 002b30401290 00 00 00 00 00 00 00 00 00 00 00 00 00 00 00 00
                                 002b304012a0 00 00 00 00 00 00 00 00 00 00 00 00 00 00 00 00
                                 002b304012b0 00 00 00 00 00 00 00 00 00 00 00 00 00 00 00 00
                                 002b304012c0 00 00 00 00 00 00 00 00 00 00 00 00 00 00 00 00
                                 002b304012d0 00 00 00 00 00 00 00 00 00 00 00 00 00 00 00 00
                                 002b304012e0 00 00 00 00 00 00 00 00 00 00 00 00 00 00 00 00
                                 002b304012f0 00 00 00 00 00 00 00 00 00 00 00 00 00 00 00 00
Threads[17]:
    Thread ID:                   00000000000002b0
    Thread Name:                 NifmAppletThread
    Stack Region:                00000006e07d1000-00000006e07d3000
    Registers:
        X[00]:                   0000003a69ac22e8
        X[01]:                   0000003a69ac22f0
        X[02]:                   00000000001701d6
        X[03]:                   ffffffffffffffff
        X[04]:                   0000000000000000
        X[05]:                   0000000000000000
        X[06]:                   0000000000000000
        X[07]:                   0000000000000000
        X[08]:                   0000000000000000
        X[09]:                   0000000000000000
        X[10]:                   0000000000000000
        X[11]:                   0000000000000000
        X[12]:                   0000000000000000
        X[13]:                   0000000000000000
        X[14]:                   0000000000000000
        X[15]:                   0000000000000000
        X[16]:                   0000000000000000
        X[17]:                   0000000000000000
        X[18]:                   0000000000000000
        X[19]:                   0000000000000000
        X[20]:                   0000000000000000
        X[21]:                   0000000000000000
        X[22]:                   0000000000000000
        X[23]:                   0000000000000000
        X[24]:                   0000000000000000
        X[25]:                   0000000000000000
        X[26]:                   0000000000000000
        X[27]:                   0000000000000000
        X[28]:                   0000000000000000
        FP:                      00000006e07d2ee0
        LR:                      00000052622e39e8 (nnSdk + 0x969e8) (_ZN2nn2os6detail38InternalConditionVariableImplByHorizon4WaitEPNS1_23InternalCriticalSectionE + 0x30)
        SP:                      00000006e07d2ec0
        PC:                      00000052622fe56c (nnSdk + 0xb156c)
    Stack Trace:
        ReturnAddress[00]:       00000052622dbd38 (nnSdk + 0x8ed38) (_ZN2nn2os19ReceiveMessageQueueEPmPNS0_16MessageQueueTypeE + 0x3c)
        ReturnAddress[01]:       0000005260e29098 (TurboS.nss + 0x625098)
        ReturnAddress[02]:       0000005260e29b40 (TurboS.nss + 0x625b40)
        ReturnAddress[03]:       0000005260e293cc (TurboS.nss + 0x6253cc)
        ReturnAddress[04]:       00000052622deb48 (nnSdk + 0x91b48)
        ReturnAddress[05]:       00000052622e2b24 (nnSdk + 0x95b24)
        ReturnAddress[06]:       0000000000000000
    Stack Dump:                               00 01 02 03 04 05 06 07 08 09 0a 0b 0c 0d 0e 0f
                                 0006e07d2ec0 00 00 00 00 00 00 00 00 00 00 00 00 00 00 00 00
                                 0006e07d2ed0 e8 22 ac 69 3a 00 00 00 b0 22 ac 69 3a 00 00 00
                                 0006e07d2ee0 10 2f 7d e0 06 00 00 00 38 bd 2d 62 52 00 00 00
                                 0006e07d2ef0 00 00 00 00 00 00 00 00 d4 81 ad 69 3a 00 00 00
                                 0006e07d2f00 b0 22 ac 69 3a 00 00 00 80 22 ac 69 3a 00 00 00
                                 0006e07d2f10 30 2f 7d e0 06 00 00 00 98 90 e2 60 52 00 00 00
                                 0006e07d2f20 00 00 00 00 00 00 00 00 00 00 00 00 00 00 00 00
                                 0006e07d2f30 50 2f 7d e0 06 00 00 00 40 9b e2 60 52 00 00 00
                                 0006e07d2f40 00 00 00 00 00 00 00 00 80 22 ac 69 3a 00 00 00
                                 0006e07d2f50 70 2f 7d e0 06 00 00 00 cc 93 e2 60 52 00 00 00
                                 0006e07d2f60 d0 81 ad 69 3a 00 00 00 20 80 ad 69 3a 00 00 00
                                 0006e07d2f70 a0 2f 7d e0 06 00 00 00 48 eb 2d 62 52 00 00 00
                                 0006e07d2f80 00 00 00 00 00 00 00 00 00 00 00 00 00 00 00 00
                                 0006e07d2f90 00 00 00 00 00 00 00 00 20 80 ad 69 3a 00 00 00
                                 0006e07d2fa0 d0 2f 7d e0 06 00 00 00 24 2b 2e 62 52 00 00 00
                                 0006e07d2fb0 00 00 00 00 00 00 00 00 00 00 00 00 00 00 00 00
    TLS Address:                 0000002b30401400
    TLS Dump:                                 00 01 02 03 04 05 06 07 08 09 0a 0b 0c 0d 0e 0f
                                 002b30401400 00 00 00 00 00 00 00 00 00 00 00 00 00 00 00 00
                                 002b30401410 00 00 00 00 00 00 00 00 00 00 00 00 00 00 00 00
                                 002b30401420 00 00 00 00 00 00 00 00 00 00 00 00 00 00 00 00
                                 002b30401430 00 00 00 00 00 00 00 00 00 00 00 00 00 00 00 00
                                 002b30401440 00 00 00 00 00 00 00 00 00 00 00 00 00 00 00 00
                                 002b30401450 00 00 00 00 00 00 00 00 00 00 00 00 00 00 00 00
                                 002b30401460 00 00 00 00 00 00 00 00 00 00 00 00 00 00 00 00
                                 002b30401470 00 00 00 00 00 00 00 00 00 00 00 00 00 00 00 00
                                 002b30401480 00 00 00 00 00 00 00 00 00 00 00 00 00 00 00 00
                                 002b30401490 00 00 00 00 00 00 00 00 00 00 00 00 00 00 00 00
                                 002b304014a0 00 00 00 00 00 00 00 00 00 00 00 00 00 00 00 00
                                 002b304014b0 00 00 00 00 00 00 00 00 00 00 00 00 00 00 00 00
                                 002b304014c0 00 00 00 00 00 00 00 00 00 00 00 00 00 00 00 00
                                 002b304014d0 00 00 00 00 00 00 00 00 00 00 00 00 00 00 00 00
                                 002b304014e0 00 00 00 00 00 00 00 00 00 00 00 00 00 00 00 00
                                 002b304014f0 00 00 00 00 00 00 00 00 00 00 00 00 00 00 00 00
Threads[18]:
    Thread ID:                   00000000000002b1
    Thread Name:                 NSAAppletThread
    Stack Region:                00000006f9ddf000-00000006f9de1000
    Registers:
        X[00]:                   0000003a69ac23e8
        X[01]:                   0000003a69ac23f0
        X[02]:                   00000000001781d5
        X[03]:                   ffffffffffffffff
        X[04]:                   0000000000000000
        X[05]:                   0000000000000000
        X[06]:                   0000000000000000
        X[07]:                   0000000000000000
        X[08]:                   0000000000000000
        X[09]:                   0000000000000000
        X[10]:                   0000000000000000
        X[11]:                   0000000000000000
        X[12]:                   0000000000000000
        X[13]:                   0000000000000000
        X[14]:                   0000000000000000
        X[15]:                   0000000000000000
        X[16]:                   0000000000000000
        X[17]:                   0000000000000000
        X[18]:                   0000000000000000
        X[19]:                   0000000000000000
        X[20]:                   0000000000000000
        X[21]:                   0000000000000000
        X[22]:                   0000000000000000
        X[23]:                   0000000000000000
        X[24]:                   0000000000000000
        X[25]:                   0000000000000000
        X[26]:                   0000000000000000
        X[27]:                   0000000000000000
        X[28]:                   0000000000000000
        FP:                      00000006f9de0ee0
        LR:                      00000052622e39e8 (nnSdk + 0x969e8) (_ZN2nn2os6detail38InternalConditionVariableImplByHorizon4WaitEPNS1_23InternalCriticalSectionE + 0x30)
        SP:                      00000006f9de0ec0
        PC:                      00000052622fe56c (nnSdk + 0xb156c)
    Stack Trace:
        ReturnAddress[00]:       00000052622dbd38 (nnSdk + 0x8ed38) (_ZN2nn2os19ReceiveMessageQueueEPmPNS0_16MessageQueueTypeE + 0x3c)
        ReturnAddress[01]:       0000005260e29098 (TurboS.nss + 0x625098)
        ReturnAddress[02]:       0000005260e29b40 (TurboS.nss + 0x625b40)
        ReturnAddress[03]:       0000005260e293cc (TurboS.nss + 0x6253cc)
        ReturnAddress[04]:       00000052622deb48 (nnSdk + 0x91b48)
        ReturnAddress[05]:       00000052622e2b24 (nnSdk + 0x95b24)
        ReturnAddress[06]:       0000000000000000
    Stack Dump:                               00 01 02 03 04 05 06 07 08 09 0a 0b 0c 0d 0e 0f
                                 0006f9de0ec0 00 00 00 00 00 00 00 00 00 00 00 00 00 00 00 00
                                 0006f9de0ed0 e8 23 ac 69 3a 00 00 00 b0 23 ac 69 3a 00 00 00
                                 0006f9de0ee0 10 0f de f9 06 00 00 00 38 bd 2d 62 52 00 00 00
                                 0006f9de0ef0 00 00 00 00 00 00 00 00 d4 b1 ad 69 3a 00 00 00
                                 0006f9de0f00 b0 23 ac 69 3a 00 00 00 80 23 ac 69 3a 00 00 00
                                 0006f9de0f10 30 0f de f9 06 00 00 00 98 90 e2 60 52 00 00 00
                                 0006f9de0f20 00 00 00 00 00 00 00 00 00 00 00 00 00 00 00 00
                                 0006f9de0f30 50 0f de f9 06 00 00 00 40 9b e2 60 52 00 00 00
                                 0006f9de0f40 00 00 00 00 00 00 00 00 80 23 ac 69 3a 00 00 00
                                 0006f9de0f50 70 0f de f9 06 00 00 00 cc 93 e2 60 52 00 00 00
                                 0006f9de0f60 d0 b1 ad 69 3a 00 00 00 20 b0 ad 69 3a 00 00 00
                                 0006f9de0f70 a0 0f de f9 06 00 00 00 48 eb 2d 62 52 00 00 00
                                 0006f9de0f80 00 00 00 00 00 00 00 00 00 00 00 00 00 00 00 00
                                 0006f9de0f90 00 00 00 00 00 00 00 00 20 b0 ad 69 3a 00 00 00
                                 0006f9de0fa0 d0 0f de f9 06 00 00 00 24 2b 2e 62 52 00 00 00
                                 0006f9de0fb0 00 00 00 00 00 00 00 00 00 00 00 00 00 00 00 00
    TLS Address:                 0000002b30401600
    TLS Dump:                                 00 01 02 03 04 05 06 07 08 09 0a 0b 0c 0d 0e 0f
                                 002b30401600 00 00 00 00 00 00 00 00 00 00 00 00 00 00 00 00
                                 002b30401610 00 00 00 00 00 00 00 00 00 00 00 00 00 00 00 00
                                 002b30401620 00 00 00 00 00 00 00 00 00 00 00 00 00 00 00 00
                                 002b30401630 00 00 00 00 00 00 00 00 00 00 00 00 00 00 00 00
                                 002b30401640 00 00 00 00 00 00 00 00 00 00 00 00 00 00 00 00
                                 002b30401650 00 00 00 00 00 00 00 00 00 00 00 00 00 00 00 00
                                 002b30401660 00 00 00 00 00 00 00 00 00 00 00 00 00 00 00 00
                                 002b30401670 00 00 00 00 00 00 00 00 00 00 00 00 00 00 00 00
                                 002b30401680 00 00 00 00 00 00 00 00 00 00 00 00 00 00 00 00
                                 002b30401690 00 00 00 00 00 00 00 00 00 00 00 00 00 00 00 00
                                 002b304016a0 00 00 00 00 00 00 00 00 00 00 00 00 00 00 00 00
                                 002b304016b0 00 00 00 00 00 00 00 00 00 00 00 00 00 00 00 00
                                 002b304016c0 00 00 00 00 00 00 00 00 00 00 00 00 00 00 00 00
                                 002b304016d0 00 00 00 00 00 00 00 00 00 00 00 00 00 00 00 00
                                 002b304016e0 00 00 00 00 00 00 00 00 00 00 00 00 00 00 00 00
                                 002b304016f0 00 00 00 00 00 00 00 00 00 00 00 00 00 00 00 00
Threads[19]:
    Thread ID:                   00000000000002b4
    Thread Name:                 OeMessageDispatchThread
    Stack Region:                00000006b9c26000-00000006b9c28000
    Registers:
        X[00]:                   00000000000f4240
        X[01]:                   00000006b9c27eac
        X[02]:                   00000006b9c27ea8
        X[03]:                   0000000000000000
        X[04]:                   0000000000000000
        X[05]:                   0000000000000000
        X[06]:                   0000000000000000
        X[07]:                   0000000000000000
        X[08]:                   0000000000000000
        X[09]:                   0000000000000000
        X[10]:                   0000000000000000
        X[11]:                   0000000000000000
        X[12]:                   0000000000000000
        X[13]:                   0000000000000000
        X[14]:                   0000000000000000
        X[15]:                   0000000000000000
        X[16]:                   0000000000000000
        X[17]:                   0000000000000000
        X[18]:                   0000000000000000
        X[19]:                   0000000000000000
        X[20]:                   0000000000000000
        X[21]:                   0000000000000000
        X[22]:                   0000000000000000
        X[23]:                   0000000000000000
        X[24]:                   0000000000000000
        X[25]:                   0000000000000000
        X[26]:                   0000000000000000
        X[27]:                   0000000000000000
        X[28]:                   0000000000000000
        FP:                      00000006b9c27ef0
        LR:                      0000005260603b88 (saltynx_core + 0x3b88)
        SP:                      00000006b9c27ef0
        PC:                      000000526060da28 (saltynx_core + 0xda28)
    Stack Trace:
        ReturnAddress[00]:       00000052610ea384 (TurboS.nss + 0x8e6384)
        ReturnAddress[01]:       0000005260e29b34 (TurboS.nss + 0x625b34)
        ReturnAddress[02]:       0000005260e293cc (TurboS.nss + 0x6253cc)
        ReturnAddress[03]:       00000052622deb48 (nnSdk + 0x91b48)
        ReturnAddress[04]:       00000052622e2b24 (nnSdk + 0x95b24)
        ReturnAddress[05]:       0000000000000000
    Stack Dump:                               00 01 02 03 04 05 06 07 08 09 0a 0b 0c 0d 0e 0f
                                 0006b9c27ef0 30 7f c2 b9 06 00 00 00 84 a3 0e 61 52 00 00 00
                                 0006b9c27f00 d0 b4 cd 69 3a 00 00 00 d0 b4 cd 69 3a 00 00 00
                                 0006b9c27f10 30 7f c2 b9 06 00 00 00 80 90 e2 60 00 00 00 00
                                 0006b9c27f20 d0 b4 cd 69 3a 00 00 00 00 00 00 00 00 00 00 00
                                 0006b9c27f30 50 7f c2 b9 06 00 00 00 34 9b e2 60 52 00 00 00
                                 0006b9c27f40 00 00 00 00 00 00 00 00 d0 b4 cd 69 3a 00 00 00
                                 0006b9c27f50 70 7f c2 b9 06 00 00 00 cc 93 e2 60 52 00 00 00
                                 0006b9c27f60 d0 e1 cd 69 3a 00 00 00 20 e0 cd 69 3a 00 00 00
                                 0006b9c27f70 a0 7f c2 b9 06 00 00 00 48 eb 2d 62 52 00 00 00
                                 0006b9c27f80 00 00 00 00 00 00 00 00 00 00 00 00 00 00 00 00
                                 0006b9c27f90 00 00 00 00 00 00 00 00 20 e0 cd 69 3a 00 00 00
                                 0006b9c27fa0 d0 7f c2 b9 06 00 00 00 24 2b 2e 62 52 00 00 00
                                 0006b9c27fb0 00 00 00 00 00 00 00 00 00 00 00 00 00 00 00 00
                                 0006b9c27fc0 00 00 00 00 00 00 00 00 b4 02 00 00 00 00 00 00
                                 0006b9c27fd0 00 00 00 00 00 00 00 00 00 00 00 00 00 00 00 00
                                 0006b9c27fe0 e8 ea 2d 62 52 00 00 00 00 00 00 00 00 00 00 00
    TLS Address:                 0000002b30401800
    TLS Dump:                                 00 01 02 03 04 05 06 07 08 09 0a 0b 0c 0d 0e 0f
                                 002b30401800 00 00 00 00 0d 00 00 00 00 00 00 00 00 00 00 00
                                 002b30401810 00 00 00 00 00 00 00 00 00 00 00 00 00 00 00 00
                                 002b30401820 53 46 43 4f 00 00 00 00 00 00 00 00 77 7d f2 32
                                 002b30401830 00 00 00 00 00 00 00 00 00 00 00 00 00 00 00 00
                                 002b30401840 00 00 00 00 00 00 00 00 00 00 00 00 00 00 00 00
                                 002b30401850 00 00 00 00 00 00 00 00 00 00 00 00 00 00 00 00
                                 002b30401860 00 00 00 00 00 00 00 00 00 00 00 00 00 00 00 00
                                 002b30401870 00 00 00 00 00 00 00 00 00 00 00 00 00 00 00 00
                                 002b30401880 00 00 00 00 00 00 00 00 00 00 00 00 00 00 00 00
                                 002b30401890 00 00 00 00 00 00 00 00 00 00 00 00 00 00 00 00
                                 002b304018a0 00 00 00 00 00 00 00 00 00 00 00 00 00 00 00 00
                                 002b304018b0 00 00 00 00 00 00 00 00 00 00 00 00 00 00 00 00
                                 002b304018c0 00 00 00 00 00 00 00 00 00 00 00 00 00 00 00 00
                                 002b304018d0 00 00 00 00 00 00 00 00 00 00 00 00 00 00 00 00
                                 002b304018e0 00 00 00 00 00 00 00 00 00 00 00 00 00 00 00 00
                                 002b304018f0 00 00 00 00 00 00 00 00 00 00 00 00 00 00 00 00
Threads[20]:
    Thread ID:                   00000000000002b5
    Thread Name:                 gear::VibrationThread
    Stack Region:                00000006ab933000-00000006ab983000
    Registers:
        X[00]:                   00000000004c4b40
        X[01]:                   0000000000017700
        X[02]:                   0000000000000000
        X[03]:                   0000005260fdb388 (TurboS.nss + 0x7d7388)
        X[04]:                   0000000000000000
        X[05]:                   0000000000000000
        X[06]:                   0000000000000000
        X[07]:                   0000000000000000
        X[08]:                   0000000000000000
        X[09]:                   0000000000000000
        X[10]:                   0000000000000000
        X[11]:                   0000000000000000
        X[12]:                   0000000000000000
        X[13]:                   0000000000000000
        X[14]:                   0000000000000000
        X[15]:                   0000000000000000
        X[16]:                   0000000000000000
        X[17]:                   0000000000000000
        X[18]:                   0000000000000000
        X[19]:                   0000000000000000
        X[20]:                   0000000000000000
        X[21]:                   0000000000000000
        X[22]:                   0000000000000000
        X[23]:                   0000000000000000
        X[24]:                   0000000000000000
        X[25]:                   0000000000000000
        X[26]:                   0000000000000000
        X[27]:                   0000000000000000
        X[28]:                   0000000000000000
        FP:                      00000006ab982f50
        LR:                      0000005260e29b34 (TurboS.nss + 0x625b34)
        SP:                      00000006ab982f40
        PC:                      00000052622fe49c (nnSdk + 0xb149c)
    Stack Trace:
        ReturnAddress[00]:       0000005260e293cc (TurboS.nss + 0x6253cc)
        ReturnAddress[01]:       00000052622deb48 (nnSdk + 0x91b48)
        ReturnAddress[02]:       00000052622e2b24 (nnSdk + 0x95b24)
        ReturnAddress[03]:       0000000000000000
    Stack Dump:                               00 01 02 03 04 05 06 07 08 09 0a 0b 0c 0d 0e 0f
                                 0006ab982f00 00 00 00 00 00 00 00 00 00 00 00 00 00 00 00 00
                                 0006ab982f10 00 00 00 00 00 00 00 00 d4 91 d8 69 3a 00 00 00
                                 0006ab982f20 90 8a d3 69 3a 00 00 00 60 8a d3 69 3a 00 00 00
                                 0006ab982f30 50 2f 98 ab 06 00 00 00 34 9b e2 60 52 00 00 00
                                 0006ab982f40 00 00 00 00 00 00 00 00 60 8a d3 69 3a 00 00 00
                                 0006ab982f50 70 2f 98 ab 06 00 00 00 cc 93 e2 60 52 00 00 00
                                 0006ab982f60 d0 91 d8 69 3a 00 00 00 20 90 d8 69 3a 00 00 00
                                 0006ab982f70 a0 2f 98 ab 06 00 00 00 48 eb 2d 62 52 00 00 00
                                 0006ab982f80 00 00 00 00 00 00 00 00 00 00 00 00 00 00 00 00
                                 0006ab982f90 00 00 00 00 00 00 00 00 20 90 d8 69 3a 00 00 00
                                 0006ab982fa0 d0 2f 98 ab 06 00 00 00 24 2b 2e 62 52 00 00 00
                                 0006ab982fb0 00 00 00 00 00 00 00 00 00 00 00 00 00 00 00 00
                                 0006ab982fc0 00 00 00 00 00 00 00 00 b5 02 00 00 00 00 00 00
                                 0006ab982fd0 00 00 00 00 00 00 00 00 00 00 00 00 00 00 00 00
                                 0006ab982fe0 e8 ea 2d 62 52 00 00 00 00 00 00 00 00 00 00 00
                                 0006ab982ff0 00 00 00 00 00 00 00 00 00 00 00 00 00 00 00 00
    TLS Address:                 0000002b30401a00
    TLS Dump:                                 00 01 02 03 04 05 06 07 08 09 0a 0b 0c 0d 0e 0f
                                 002b30401a00 00 00 00 00 00 00 00 00 00 00 00 00 00 00 00 00
                                 002b30401a10 00 00 00 00 00 00 00 00 00 00 00 00 00 00 00 00
                                 002b30401a20 00 00 00 00 00 00 00 00 00 00 00 00 00 00 00 00
                                 002b30401a30 00 00 00 00 00 00 00 00 00 00 00 00 00 00 00 00
                                 002b30401a40 00 00 00 00 00 00 00 00 00 00 00 00 00 00 00 00
                                 002b30401a50 00 00 00 00 00 00 00 00 00 00 00 00 00 00 00 00
                                 002b30401a60 00 00 00 00 00 00 00 00 00 00 00 00 00 00 00 00
                                 002b30401a70 00 00 00 00 00 00 00 00 00 00 00 00 00 00 00 00
                                 002b30401a80 00 00 00 00 00 00 00 00 00 00 00 00 00 00 00 00
                                 002b30401a90 00 00 00 00 00 00 00 00 00 00 00 00 00 00 00 00
                                 002b30401aa0 00 00 00 00 00 00 00 00 00 00 00 00 00 00 00 00
                                 002b30401ab0 00 00 00 00 00 00 00 00 00 00 00 00 00 00 00 00
                                 002b30401ac0 00 00 00 00 00 00 00 00 00 00 00 00 00 00 00 00
                                 002b30401ad0 00 00 00 00 00 00 00 00 00 00 00 00 00 00 00 00
                                 002b30401ae0 00 00 00 00 00 00 00 00 00 00 00 00 00 00 00 00
                                 002b30401af0 00 00 00 00 00 00 00 00 00 00 00 00 00 00 00 00
Threads[21]:
    Thread ID:                   00000000000002bc
    Thread Name:                 MiiDirectorDelegateThread
    Stack Region:                00000006e6a65000-00000006e6a75000
    Registers:
        X[00]:                   0000000002dc6c00
        X[01]:                   00000000000e1000
        X[02]:                   0000000000000000
        X[03]:                   000000526101f3c0 (TurboS.nss + 0x81b3c0)
        X[04]:                   0000000000000000
        X[05]:                   0000000000000000
        X[06]:                   0000000000000000
        X[07]:                   0000000000000000
        X[08]:                   0000000000000000
        X[09]:                   0000000000000000
        X[10]:                   0000000000000000
        X[11]:                   0000000000000000
        X[12]:                   0000000000000000
        X[13]:                   0000000000000000
        X[14]:                   0000000000000000
        X[15]:                   0000000000000000
        X[16]:                   0000000000000000
        X[17]:                   0000000000000000
        X[18]:                   0000000000000000
        X[19]:                   0000000000000000
        X[20]:                   0000000000000000
        X[21]:                   0000000000000000
        X[22]:                   0000000000000000
        X[23]:                   0000000000000000
        X[24]:                   0000000000000000
        X[25]:                   0000000000000000
        X[26]:                   0000000000000000
        X[27]:                   0000000000000000
        X[28]:                   0000000000000000
        FP:                      00000006e6a74f50
        LR:                      0000005260e29b34 (TurboS.nss + 0x625b34)
        SP:                      00000006e6a74f40
        PC:                      00000052622fe49c (nnSdk + 0xb149c)
    Stack Trace:
        ReturnAddress[00]:       0000005260e293cc (TurboS.nss + 0x6253cc)
        ReturnAddress[01]:       00000052622deb48 (nnSdk + 0x91b48)
        ReturnAddress[02]:       00000052622e2b24 (nnSdk + 0x95b24)
        ReturnAddress[03]:       0000000000000000
    Stack Dump:                               00 01 02 03 04 05 06 07 08 09 0a 0b 0c 0d 0e 0f
                                 0006e6a74f00 30 4f a7 e6 06 00 00 00 e0 f3 01 61 52 00 00 00
                                 0006e6a74f10 d4 81 b0 7a 3a 00 00 00 80 90 e2 60 52 00 00 00
                                 0006e6a74f20 50 74 af 7a 3a 00 00 00 20 74 af 7a 3a 00 00 00
                                 0006e6a74f30 50 4f a7 e6 06 00 00 00 34 9b e2 60 52 00 00 00
                                 0006e6a74f40 00 00 00 00 00 00 00 00 20 74 af 7a 3a 00 00 00
                                 0006e6a74f50 70 4f a7 e6 06 00 00 00 cc 93 e2 60 52 00 00 00
                                 0006e6a74f60 d0 81 b0 7a 3a 00 00 00 20 80 b0 7a 3a 00 00 00
                                 0006e6a74f70 a0 4f a7 e6 06 00 00 00 48 eb 2d 62 52 00 00 00
                                 0006e6a74f80 00 00 00 00 00 00 00 00 00 00 00 00 00 00 00 00
                                 0006e6a74f90 00 00 00 00 00 00 00 00 20 80 b0 7a 3a 00 00 00
                                 0006e6a74fa0 d0 4f a7 e6 06 00 00 00 24 2b 2e 62 52 00 00 00
                                 0006e6a74fb0 00 00 00 00 00 00 00 00 00 00 00 00 00 00 00 00
                                 0006e6a74fc0 00 00 00 00 00 00 00 00 bc 02 00 00 00 00 00 00
                                 0006e6a74fd0 00 00 00 00 00 00 00 00 00 00 00 00 00 00 00 00
                                 0006e6a74fe0 e8 ea 2d 62 52 00 00 00 00 00 00 00 00 00 00 00
                                 0006e6a74ff0 00 00 00 00 00 00 00 00 00 00 00 00 00 00 00 00
    TLS Address:                 0000002b30401c00
    TLS Dump:                                 00 01 02 03 04 05 06 07 08 09 0a 0b 0c 0d 0e 0f
                                 002b30401c00 00 00 01 00 09 08 e0 03 00 60 28 00 d8 3e a7 e6
                                 002b30401c10 53 46 43 4f 00 00 00 00 00 00 00 00 99 5d e2 a4
                                 002b30401c20 00 00 00 00 00 00 00 00 00 00 00 00 00 00 00 00
                                 002b30401c30 00 00 00 00 00 00 00 00 01 00 00 00 00 00 00 00
                                 002b30401c40 01 00 71 01 06 41 28 c0 00 00 00 00 00 00 00 00
                                 002b30401c50 28 00 00 00 d8 3e a7 e6 06 00 28 00 00 00 00 00
                                 002b30401c60 00 00 00 00 00 00 00 00 00 00 00 00 00 00 00 00
                                 002b30401c70 00 00 00 00 00 00 00 00 00 00 00 00 00 00 00 00
                                 002b30401c80 00 00 00 00 00 00 00 00 00 00 00 00 00 00 00 00
                                 002b30401c90 00 00 00 00 00 00 00 00 00 00 00 00 00 00 00 00
                                 002b30401ca0 00 00 00 00 00 00 00 00 00 00 00 00 00 00 00 00
                                 002b30401cb0 00 00 00 00 00 00 00 00 00 00 00 00 00 00 00 00
                                 002b30401cc0 00 00 00 00 00 00 00 00 00 00 00 00 00 00 00 00
                                 002b30401cd0 00 00 00 00 00 00 00 00 00 00 00 00 00 00 00 00
                                 002b30401ce0 00 00 00 00 00 00 00 00 00 00 00 00 00 00 00 00
                                 002b30401cf0 00 00 00 00 00 00 00 00 00 00 00 00 00 00 00 00
Threads[22]:
    Thread ID:                   00000000000002be
    Thread Name:                 gsys::MiiResource
    Stack Region:                000000070c7cc000-000000070c7ec000
    Registers:
        X[00]:                   0000000000f42400
        X[01]:                   000000000004b000
        X[02]:                   0000000000000000
        X[03]:                   00000052610226ec (TurboS.nss + 0x81e6ec)
        X[04]:                   0000000000000000
        X[05]:                   0000000000000000
        X[06]:                   0000000000000000
        X[07]:                   0000000000000000
        X[08]:                   0000000000000000
        X[09]:                   0000000000000000
        X[10]:                   0000000000000000
        X[11]:                   0000000000000000
        X[12]:                   0000000000000000
        X[13]:                   0000000000000000
        X[14]:                   0000000000000000
        X[15]:                   0000000000000000
        X[16]:                   0000000000000000
        X[17]:                   0000000000000000
        X[18]:                   0000000000000000
        X[19]:                   0000000000000000
        X[20]:                   0000000000000000
        X[21]:                   0000000000000000
        X[22]:                   0000000000000000
        X[23]:                   0000000000000000
        X[24]:                   0000000000000000
        X[25]:                   0000000000000000
        X[26]:                   0000000000000000
        X[27]:                   0000000000000000
        X[28]:                   0000000000000000
        FP:                      000000070c7ebf50
        LR:                      0000005260e29b34 (TurboS.nss + 0x625b34)
        SP:                      000000070c7ebf40
        PC:                      00000052622fe49c (nnSdk + 0xb149c)
    Stack Trace:
        ReturnAddress[00]:       0000005260e293cc (TurboS.nss + 0x6253cc)
        ReturnAddress[01]:       00000052622deb48 (nnSdk + 0x91b48)
        ReturnAddress[02]:       00000052622e2b24 (nnSdk + 0x95b24)
        ReturnAddress[03]:       0000000000000000
    Stack Dump:                               00 01 02 03 04 05 06 07 08 09 0a 0b 0c 0d 0e 0f
                                 00070c7ebf00 30 bf 7e 0c 07 00 00 00 0c 27 02 61 52 00 00 00
                                 00070c7ebf10 d4 81 d6 7a 3a 00 00 00 80 90 e2 60 52 00 00 00
                                 00070c7ebf20 b8 73 d4 7a 3a 00 00 00 88 73 d4 7a 3a 00 00 00
                                 00070c7ebf30 50 bf 7e 0c 07 00 00 00 34 9b e2 60 52 00 00 00
                                 00070c7ebf40 00 00 00 00 00 00 00 00 88 73 d4 7a 3a 00 00 00
                                 00070c7ebf50 70 bf 7e 0c 07 00 00 00 cc 93 e2 60 52 00 00 00
                                 00070c7ebf60 d0 81 d6 7a 3a 00 00 00 20 80 d6 7a 3a 00 00 00
                                 00070c7ebf70 a0 bf 7e 0c 07 00 00 00 48 eb 2d 62 52 00 00 00
                                 00070c7ebf80 00 00 00 00 00 00 00 00 00 00 00 00 00 00 00 00
                                 00070c7ebf90 00 00 00 00 00 00 00 00 20 80 d6 7a 3a 00 00 00
                                 00070c7ebfa0 d0 bf 7e 0c 07 00 00 00 24 2b 2e 62 52 00 00 00
                                 00070c7ebfb0 00 00 00 00 00 00 00 00 00 00 00 00 00 00 00 00
                                 00070c7ebfc0 00 00 00 00 00 00 00 00 be 02 00 00 00 00 00 00
                                 00070c7ebfd0 00 00 00 00 00 00 00 00 00 00 00 00 00 00 00 00
                                 00070c7ebfe0 e8 ea 2d 62 52 00 00 00 00 00 00 00 00 00 00 00
                                 00070c7ebff0 00 00 00 00 00 00 00 00 00 00 00 00 00 00 00 00
    TLS Address:                 0000002b30401e00
    TLS Dump:                                 00 01 02 03 04 05 06 07 08 09 0a 0b 0c 0d 0e 0f
                                 002b30401e00 00 00 01 00 09 08 e0 03 00 70 18 00 98 bd 7e 0c
                                 002b30401e10 53 46 43 4f 00 00 00 00 00 00 00 00 99 5d e2 a4
                                 002b30401e20 00 00 00 00 00 00 00 00 00 00 00 00 00 00 00 00
                                 002b30401e30 00 00 00 00 00 00 00 00 01 00 00 00 00 00 00 00
                                 002b30401e40 02 00 71 01 05 01 18 c0 00 00 00 00 00 00 00 00
                                 002b30401e50 18 00 00 00 98 bd 7e 0c 07 00 18 00 00 00 00 00
                                 002b30401e60 00 00 00 00 00 00 00 00 00 00 00 00 00 00 00 00
                                 002b30401e70 00 00 00 00 00 00 00 00 00 00 00 00 00 00 00 00
                                 002b30401e80 00 00 00 00 00 00 00 00 00 00 00 00 00 00 00 00
                                 002b30401e90 00 00 00 00 00 00 00 00 00 00 00 00 00 00 00 00
                                 002b30401ea0 00 00 00 00 00 00 00 00 00 00 00 00 00 00 00 00
                                 002b30401eb0 00 00 00 00 00 00 00 00 00 00 00 00 00 00 00 00
                                 002b30401ec0 00 00 00 00 00 00 00 00 00 00 00 00 00 00 00 00
                                 002b30401ed0 00 00 00 00 00 00 00 00 00 00 00 00 00 00 00 00
                                 002b30401ee0 00 00 00 00 00 00 00 00 00 00 00 00 00 00 00 00
                                 002b30401ef0 00 00 00 00 00 00 00 00 00 00 00 00 00 00 00 00
Threads[23]:
    Thread ID:                   00000000000002bf
    Stack Region:                00000006dbdce000-00000006dbdde000
    Registers:
        X[00]:                   0000003a8202e020
        X[01]:                   0000000000000000
        X[02]:                   0000000000000000
        X[03]:                   0000000000000000
        X[04]:                   0000000000000000
        X[05]:                   0000000000000000
        X[06]:                   0000000000000000
        X[07]:                   0000000000000000
        X[08]:                   0000000000000000
        X[09]:                   0000000000000000
        X[10]:                   0000000000000000
        X[11]:                   0000000000000000
        X[12]:                   0000000000000000
        X[13]:                   0000000000000000
        X[14]:                   0000000000000000
        X[15]:                   0000000000000000
        X[16]:                   0000000000000000
        X[17]:                   0000000000000000
        X[18]:                   b532f7033e7f323d
        X[19]:                   0000000000000000
        X[20]:                   0000000000000000
        X[21]:                   0000000000000000
        X[22]:                   0000000000000000
        X[23]:                   0000000000000000
        X[24]:                   0000000000000000
        X[25]:                   0000000000000000
        X[26]:                   0000000000000000
        X[27]:                   0000000000000000
        X[28]:                   0000000000000000
        FP:                      0000000000000000
        LR:                      0000000000000000
        SP:                      00000006dbdddfe0
        PC:                      00000052622e2aac (nnSdk + 0x95aac)
    Stack Dump:                               00 01 02 03 04 05 06 07 08 09 0a 0b 0c 0d 0e 0f
                                 0006dbdddf00 00 00 00 00 00 00 00 00 00 00 00 00 00 00 00 00
                                 0006dbdddf10 00 00 00 00 00 00 00 00 00 00 00 00 00 00 00 00
                                 0006dbdddf20 00 00 00 00 00 00 00 00 00 00 00 00 00 00 00 00
                                 0006dbdddf30 00 00 00 00 00 00 00 00 00 00 00 00 00 00 00 00
                                 0006dbdddf40 00 00 00 00 00 00 00 00 00 00 00 00 00 00 00 00
                                 0006dbdddf50 00 00 00 00 00 00 00 00 00 00 00 00 00 00 00 00
                                 0006dbdddf60 00 00 00 00 00 00 00 00 00 00 00 00 00 00 00 00
                                 0006dbdddf70 00 00 00 00 00 00 00 00 00 00 00 00 00 00 00 00
                                 0006dbdddf80 00 00 00 00 00 00 00 00 00 00 00 00 00 00 00 00
                                 0006dbdddf90 00 00 00 00 00 00 00 00 00 00 00 00 00 00 00 00
                                 0006dbdddfa0 00 00 00 00 00 00 00 00 00 00 00 00 00 00 00 00
                                 0006dbdddfb0 00 00 00 00 00 00 00 00 00 00 00 00 00 00 00 00
                                 0006dbdddfc0 00 00 00 00 00 00 00 00 00 00 00 00 00 00 00 00
                                 0006dbdddfd0 00 00 00 00 00 00 00 00 00 00 00 00 00 00 00 00
                                 0006dbdddfe0 e8 ea 2d 62 52 00 00 00 00 00 00 00 00 00 00 00
                                 0006dbdddff0 00 00 00 00 00 00 00 00 00 00 00 00 00 00 00 00
Threads[24]:
    Thread ID:                   00000000000002c0
    Thread Name:                 enl::TaskThread
    Stack Region:                00000006b2e44000-00000006b2e54000
    Registers:
        X[00]:                   0000003a834d3b08
        X[01]:                   0000000000000002
        X[02]:                   0000000000000001
        X[03]:                   000000000bebc093
        X[04]:                   0000000000000000
        X[05]:                   0000000000000000
        X[06]:                   0000000000000000
        X[07]:                   0000000000000000
        X[08]:                   0000000000000000
        X[09]:                   0000000000000000
        X[10]:                   0000000000000000
        X[11]:                   0000000000000000
        X[12]:                   0000000000000000
        X[13]:                   0000000000000000
        X[14]:                   0000000000000000
        X[15]:                   0000000000000000
        X[16]:                   0000000000000000
        X[17]:                   0000000000000000
        X[18]:                   0000000000000000
        X[19]:                   0000000000000000
        X[20]:                   0000000000000000
        X[21]:                   0000000000000000
        X[22]:                   0000000000000000
        X[23]:                   0000000000000000
        X[24]:                   0000000000000000
        X[25]:                   0000000000000000
        X[26]:                   0000000000000000
        X[27]:                   0000000000000000
        X[28]:                   0000000000000000
        FP:                      00000006b2e53ef0
        LR:                      00000052622da9f8 (nnSdk + 0x8d9f8) (_ZN2nn2os6detail23TimedWaitLightEventImplEPNS0_14LightEventTypeENS_8TimeSpanE + 0xc8)
        SP:                      00000006b2e53eb0
        PC:                      00000052622fe664 (nnSdk + 0xb1664)
    Stack Trace:
        ReturnAddress[00]:       0000005260d587b0 (TurboS.nss + 0x5547b0)
        ReturnAddress[01]:       0000005260e29b34 (TurboS.nss + 0x625b34)
        ReturnAddress[02]:       0000005260e293cc (TurboS.nss + 0x6253cc)
        ReturnAddress[03]:       00000052622deb48 (nnSdk + 0x91b48)
        ReturnAddress[04]:       00000052622e2b24 (nnSdk + 0x95b24)
        ReturnAddress[05]:       0000000000000000
    Stack Dump:                               00 01 02 03 04 05 06 07 08 09 0a 0b 0c 0d 0e 0f
                                 0006b2e53eb0 20 b0 ac 82 3a 00 00 00 6d ca da 56 00 00 00 00
                                 0006b2e53ec0 00 00 00 00 00 00 00 00 00 00 00 00 00 00 00 00
                                 0006b2e53ed0 00 00 00 00 00 00 00 00 d4 b1 ac 82 3a 00 00 00
                                 0006b2e53ee0 00 00 00 00 00 00 00 00 70 38 4d 83 3a 00 00 00
                                 0006b2e53ef0 30 3f e5 b2 06 00 00 00 b0 87 d5 60 52 00 00 00
                                 0006b2e53f00 a0 38 4d 83 3a 00 00 00 70 38 4d 83 3a 00 00 00
                                 0006b2e53f10 00 00 00 00 00 00 00 00 d4 b1 ac 82 3a 00 00 00
                                 0006b2e53f20 a0 38 4d 83 3a 00 00 00 70 38 4d 83 3a 00 00 00
                                 0006b2e53f30 50 3f e5 b2 06 00 00 00 34 9b e2 60 52 00 00 00
                                 0006b2e53f40 00 00 00 00 00 00 00 00 70 38 4d 83 3a 00 00 00
                                 0006b2e53f50 70 3f e5 b2 06 00 00 00 cc 93 e2 60 52 00 00 00
                                 0006b2e53f60 d0 b1 ac 82 3a 00 00 00 20 b0 ac 82 3a 00 00 00
                                 0006b2e53f70 a0 3f e5 b2 06 00 00 00 48 eb 2d 62 52 00 00 00
                                 0006b2e53f80 00 00 00 00 00 00 00 00 00 00 00 00 00 00 00 00
                                 0006b2e53f90 00 00 00 00 00 00 00 00 20 b0 ac 82 3a 00 00 00
                                 0006b2e53fa0 d0 3f e5 b2 06 00 00 00 24 2b 2e 62 52 00 00 00
    TLS Address:                 0000003155d25200
    TLS Dump:                                 00 01 02 03 04 05 06 07 08 09 0a 0b 0c 0d 0e 0f
                                 003155d25200 00 00 00 00 00 00 00 00 00 00 00 00 00 00 00 00
                                 003155d25210 00 00 00 00 00 00 00 00 00 00 00 00 00 00 00 00
                                 003155d25220 00 00 00 00 00 00 00 00 00 00 00 00 00 00 00 00
                                 003155d25230 00 00 00 00 00 00 00 00 00 00 00 00 00 00 00 00
                                 003155d25240 00 00 00 00 00 00 00 00 00 00 00 00 00 00 00 00
                                 003155d25250 00 00 00 00 00 00 00 00 00 00 00 00 00 00 00 00
                                 003155d25260 00 00 00 00 00 00 00 00 00 00 00 00 00 00 00 00
                                 003155d25270 00 00 00 00 00 00 00 00 00 00 00 00 00 00 00 00
                                 003155d25280 00 00 00 00 00 00 00 00 00 00 00 00 00 00 00 00
                                 003155d25290 00 00 00 00 00 00 00 00 00 00 00 00 00 00 00 00
                                 003155d252a0 00 00 00 00 00 00 00 00 00 00 00 00 00 00 00 00
                                 003155d252b0 00 00 00 00 00 00 00 00 00 00 00 00 00 00 00 00
                                 003155d252c0 00 00 00 00 00 00 00 00 00 00 00 00 00 00 00 00
                                 003155d252d0 00 00 00 00 00 00 00 00 00 00 00 00 00 00 00 00
                                 003155d252e0 00 00 00 00 00 00 00 00 00 00 00 00 00 00 00 00
                                 003155d252f0 00 00 00 00 00 00 00 00 00 00 00 00 00 00 00 00
Threads[25]:
    Thread ID:                   00000000000002c1
    Thread Name:                 Pia BackgroundScheduler
    Stack Region:                00000006c298d000-00000006c2992000
    Registers:
        X[00]:                   0000003a82e94574
        X[01]:                   0000003a82e94578
        X[02]:                   00000000001d01cb
        X[03]:                   ffffffffffffffff
        X[04]:                   0000000000000000
        X[05]:                   0000000000000000
        X[06]:                   0000000000000000
        X[07]:                   0000000000000000
        X[08]:                   0000000000000000
        X[09]:                   0000000000000000
        X[10]:                   0000000000000000
        X[11]:                   0000000000000000
        X[12]:                   0000000000000000
        X[13]:                   0000000000000000
        X[14]:                   0000000000000000
        X[15]:                   0000000000000000
        X[16]:                   0000000000000000
        X[17]:                   0000000000000000
        X[18]:                   0000000000000000
        X[19]:                   0000000000000000
        X[20]:                   0000000000000000
        X[21]:                   0000000000000000
        X[22]:                   0000000000000000
        X[23]:                   0000000000000000
        X[24]:                   0000000000000000
        X[25]:                   0000000000000000
        X[26]:                   0000000000000000
        X[27]:                   0000000000000000
        X[28]:                   0000000000000000
        FP:                      00000006c2991eb0
        LR:                      00000052622e39e8 (nnSdk + 0x969e8) (_ZN2nn2os6detail38InternalConditionVariableImplByHorizon4WaitEPNS1_23InternalCriticalSectionE + 0x30)
        SP:                      00000006c2991e90
        PC:                      00000052622fe56c (nnSdk + 0xb156c)
    Stack Trace:
        ReturnAddress[00]:       00000052622da424 (nnSdk + 0x8d424) (_ZN2nn2os9WaitEventEPNS0_9EventTypeE + 0x48)
        ReturnAddress[01]:       0000005260d68188 (TurboS.nss + 0x564188)
        ReturnAddress[02]:       0000005260d72cf0 (TurboS.nss + 0x56ecf0)
        ReturnAddress[03]:       0000005260d73614 (TurboS.nss + 0x56f614)
        ReturnAddress[04]:       00000052622deb48 (nnSdk + 0x91b48)
        ReturnAddress[05]:       00000052622e2b24 (nnSdk + 0x95b24)
        ReturnAddress[06]:       0000000000000000
    Stack Dump:                               00 01 02 03 04 05 06 07 08 09 0a 0b 0c 0d 0e 0f
                                 0006c2991e90 58 45 e9 82 3a 00 00 00 38 44 e9 82 3a 00 00 00
                                 0006c2991ea0 58 45 e9 82 3a 00 00 00 74 45 e9 82 3a 00 00 00
                                 0006c2991eb0 e0 1e 99 c2 06 00 00 00 24 a4 2d 62 52 00 00 00
                                 0006c2991ec0 88 45 e9 82 3a 00 00 00 18 44 e9 82 3a 00 00 00
                                 0006c2991ed0 38 44 e9 82 3a 00 00 00 d0 43 e9 82 3a 00 00 00
                                 0006c2991ee0 30 1f 99 c2 06 00 00 00 88 81 d6 60 52 00 00 00
                                 0006c2991ef0 00 00 00 00 00 00 00 00 00 00 00 00 00 00 00 00
                                 0006c2991f00 00 00 00 00 00 00 00 00 00 00 00 00 00 00 00 00
                                 0006c2991f10 00 00 00 00 00 00 00 00 d4 a1 e9 82 3a 00 00 00
                                 0006c2991f20 68 44 e9 82 3a 00 00 00 38 44 e9 82 3a 00 00 00
                                 0006c2991f30 50 1f 99 c2 06 00 00 00 f0 2c d7 60 52 00 00 00
                                 0006c2991f40 1e 00 00 00 00 00 00 00 38 44 e9 82 3a 00 00 00
                                 0006c2991f50 70 1f 99 c2 06 00 00 00 14 36 d7 60 52 00 00 00
                                 0006c2991f60 d0 a1 e9 82 3a 00 00 00 20 a0 e9 82 3a 00 00 00
                                 0006c2991f70 a0 1f 99 c2 06 00 00 00 48 eb 2d 62 52 00 00 00
                                 0006c2991f80 00 00 00 00 00 00 00 00 00 00 00 00 00 00 00 00
    TLS Address:                 0000003155d25400
    TLS Dump:                                 00 01 02 03 04 05 06 07 08 09 0a 0b 0c 0d 0e 0f
                                 003155d25400 00 00 00 00 00 00 00 00 00 00 00 00 00 00 00 00
                                 003155d25410 00 00 00 00 00 00 00 00 00 00 00 00 00 00 00 00
                                 003155d25420 00 00 00 00 00 00 00 00 00 00 00 00 00 00 00 00
                                 003155d25430 00 00 00 00 00 00 00 00 00 00 00 00 00 00 00 00
                                 003155d25440 00 00 00 00 00 00 00 00 00 00 00 00 00 00 00 00
                                 003155d25450 00 00 00 00 00 00 00 00 00 00 00 00 00 00 00 00
                                 003155d25460 00 00 00 00 00 00 00 00 00 00 00 00 00 00 00 00
                                 003155d25470 00 00 00 00 00 00 00 00 00 00 00 00 00 00 00 00
                                 003155d25480 00 00 00 00 00 00 00 00 00 00 00 00 00 00 00 00
                                 003155d25490 00 00 00 00 00 00 00 00 00 00 00 00 00 00 00 00
                                 003155d254a0 00 00 00 00 00 00 00 00 00 00 00 00 00 00 00 00
                                 003155d254b0 00 00 00 00 00 00 00 00 00 00 00 00 00 00 00 00
                                 003155d254c0 00 00 00 00 00 00 00 00 00 00 00 00 00 00 00 00
                                 003155d254d0 00 00 00 00 00 00 00 00 00 00 00 00 00 00 00 00
                                 003155d254e0 00 00 00 00 00 00 00 00 00 00 00 00 00 00 00 00
                                 003155d254f0 00 00 00 00 00 00 00 00 00 00 00 00 00 00 00 00
Threads[26]:
    Thread ID:                   00000000000002c2
    Thread Name:                 Network::Send
    Stack Region:                00000006c1618000-00000006c1620000
    Registers:
        X[00]:                   0000003a821b4fa8
        X[01]:                   0000003a821b4fb0
        X[02]:                   00000000001e01c9
        X[03]:                   ffffffffffffffff
        X[04]:                   0000000000000000
        X[05]:                   0000000000000000
        X[06]:                   0000000000000000
        X[07]:                   0000000000000000
        X[08]:                   0000000000000000
        X[09]:                   0000000000000000
        X[10]:                   0000000000000000
        X[11]:                   0000000000000000
        X[12]:                   0000000000000000
        X[13]:                   0000000000000000
        X[14]:                   0000000000000000
        X[15]:                   0000000000000000
        X[16]:                   0000000000000000
        X[17]:                   0000000000000000
        X[18]:                   0000000000000000
        X[19]:                   0000000000000000
        X[20]:                   0000000000000000
        X[21]:                   0000000000000000
        X[22]:                   0000000000000000
        X[23]:                   0000000000000000
        X[24]:                   0000000000000000
        X[25]:                   0000000000000000
        X[26]:                   0000000000000000
        X[27]:                   0000000000000000
        X[28]:                   0000000000000000
        FP:                      00000006c161fee0
        LR:                      00000052622e39e8 (nnSdk + 0x969e8) (_ZN2nn2os6detail38InternalConditionVariableImplByHorizon4WaitEPNS1_23InternalCriticalSectionE + 0x30)
        SP:                      00000006c161fec0
        PC:                      00000052622fe56c (nnSdk + 0xb156c)
    Stack Trace:
        ReturnAddress[00]:       00000052622dbd38 (nnSdk + 0x8ed38) (_ZN2nn2os19ReceiveMessageQueueEPmPNS0_16MessageQueueTypeE + 0x3c)
        ReturnAddress[01]:       0000005260e29098 (TurboS.nss + 0x625098)
        ReturnAddress[02]:       0000005260e29b40 (TurboS.nss + 0x625b40)
        ReturnAddress[03]:       0000005260e293cc (TurboS.nss + 0x6253cc)
        ReturnAddress[04]:       00000052622deb48 (nnSdk + 0x91b48)
        ReturnAddress[05]:       00000052622e2b24 (nnSdk + 0x95b24)
        ReturnAddress[06]:       0000000000000000
    Stack Dump:                               00 01 02 03 04 05 06 07 08 09 0a 0b 0c 0d 0e 0f
                                 0006c161fec0 20 20 8d 83 3a 00 00 00 c0 71 ff 81 3a 00 00 00
                                 0006c161fed0 a8 4f 1b 82 3a 00 00 00 70 4f 1b 82 3a 00 00 00
                                 0006c161fee0 10 ff 61 c1 06 00 00 00 38 bd 2d 62 52 00 00 00
                                 0006c161fef0 00 00 00 00 00 00 00 00 d4 21 8d 83 3a 00 00 00
                                 0006c161ff00 70 4f 1b 82 3a 00 00 00 40 4f 1b 82 3a 00 00 00
                                 0006c161ff10 30 ff 61 c1 06 00 00 00 98 90 e2 60 52 00 00 00
                                 0006c161ff20 70 4f 1b 82 3a 00 00 00 40 4f 1b 82 3a 00 00 00
                                 0006c161ff30 50 ff 61 c1 06 00 00 00 40 9b e2 60 52 00 00 00
                                 0006c161ff40 00 00 00 00 00 00 00 00 40 4f 1b 82 3a 00 00 00
                                 0006c161ff50 70 ff 61 c1 06 00 00 00 cc 93 e2 60 52 00 00 00
                                 0006c161ff60 d0 21 8d 83 3a 00 00 00 20 20 8d 83 3a 00 00 00
                                 0006c161ff70 a0 ff 61 c1 06 00 00 00 48 eb 2d 62 52 00 00 00
                                 0006c161ff80 00 00 00 00 00 00 00 00 00 00 00 00 00 00 00 00
                                 0006c161ff90 00 00 00 00 00 00 00 00 20 20 8d 83 3a 00 00 00
                                 0006c161ffa0 d0 ff 61 c1 06 00 00 00 24 2b 2e 62 52 00 00 00
                                 0006c161ffb0 00 00 00 00 00 00 00 00 00 00 00 00 00 00 00 00
    TLS Address:                 0000003155d25600
    TLS Dump:                                 00 01 02 03 04 05 06 07 08 09 0a 0b 0c 0d 0e 0f
                                 003155d25600 00 00 00 00 00 00 00 00 00 00 00 00 00 00 00 00
                                 003155d25610 00 00 00 00 00 00 00 00 00 00 00 00 00 00 00 00
                                 003155d25620 00 00 00 00 00 00 00 00 00 00 00 00 00 00 00 00
                                 003155d25630 00 00 00 00 00 00 00 00 00 00 00 00 00 00 00 00
                                 003155d25640 00 00 00 00 00 00 00 00 00 00 00 00 00 00 00 00
                                 003155d25650 00 00 00 00 00 00 00 00 00 00 00 00 00 00 00 00
                                 003155d25660 00 00 00 00 00 00 00 00 00 00 00 00 00 00 00 00
                                 003155d25670 00 00 00 00 00 00 00 00 00 00 00 00 00 00 00 00
                                 003155d25680 00 00 00 00 00 00 00 00 00 00 00 00 00 00 00 00
                                 003155d25690 00 00 00 00 00 00 00 00 00 00 00 00 00 00 00 00
                                 003155d256a0 00 00 00 00 00 00 00 00 00 00 00 00 00 00 00 00
                                 003155d256b0 00 00 00 00 00 00 00 00 00 00 00 00 00 00 00 00
                                 003155d256c0 00 00 00 00 00 00 00 00 00 00 00 00 00 00 00 00
                                 003155d256d0 00 00 00 00 00 00 00 00 00 00 00 00 00 00 00 00
                                 003155d256e0 00 00 00 00 00 00 00 00 00 00 00 00 00 00 00 00
                                 003155d256f0 00 00 00 00 00 00 00 00 00 00 00 00 00 00 00 00
Threads[27]:
    Thread ID:                   00000000000002c4
    Stack Region:                0000000705e40000-0000000705e44000
    Registers:
        X[00]:                   0000005261b4d2f0
        X[01]:                   0000005261b4d2f8
        X[02]:                   00000000002401c3
        X[03]:                   ffffffffffffffff
        X[04]:                   0000000000000000
        X[05]:                   0000000000000000
        X[06]:                   0000000000000000
        X[07]:                   0000000000000000
        X[08]:                   0000000000000000
        X[09]:                   0000000000000000
        X[10]:                   0000000000000000
        X[11]:                   0000000000000000
        X[12]:                   0000000000000000
        X[13]:                   0000000000000000
        X[14]:                   0000000000000000
        X[15]:                   0000000000000000
        X[16]:                   0000000000000000
        X[17]:                   0000000000000000
        X[18]:                   0000000000000000
        X[19]:                   0000000000000000
        X[20]:                   0000000000000000
        X[21]:                   0000000000000000
        X[22]:                   0000000000000000
        X[23]:                   0000000000000000
        X[24]:                   0000000000000000
        X[25]:                   0000000000000000
        X[26]:                   0000000000000000
        X[27]:                   0000000000000000
        X[28]:                   0000000000000000
        FP:                      0000000705e43ed0
        LR:                      00000052622e39e8 (nnSdk + 0x969e8) (_ZN2nn2os6detail38InternalConditionVariableImplByHorizon4WaitEPNS1_23InternalCriticalSectionE + 0x30)
        SP:                      0000000705e43eb0
        PC:                      00000052622fe56c (nnSdk + 0xb156c)
    Stack Trace:
        ReturnAddress[00]:       00000052622dbd38 (nnSdk + 0x8ed38) (_ZN2nn2os19ReceiveMessageQueueEPmPNS0_16MessageQueueTypeE + 0x3c)
        ReturnAddress[01]:       0000005260e011b8 (TurboS.nss + 0x5fd1b8)
        ReturnAddress[02]:       0000005260e0140c (TurboS.nss + 0x5fd40c)
        ReturnAddress[03]:       0000005260deee24 (TurboS.nss + 0x5eae24)
        ReturnAddress[04]:       00000052622deb48 (nnSdk + 0x91b48)
        ReturnAddress[05]:       00000052622e2b24 (nnSdk + 0x95b24)
        ReturnAddress[06]:       0000000000000000
    Stack Dump:                               00 01 02 03 04 05 06 07 08 09 0a 0b 0c 0d 0e 0f
                                 000705e43eb0 e0 3e e4 05 07 00 00 00 ec c3 2d 62 52 00 00 00
                                 000705e43ec0 f0 d2 b4 61 52 00 00 00 b8 d2 b4 61 52 00 00 00
                                 000705e43ed0 00 3f e4 05 07 00 00 00 38 bd 2d 62 52 00 00 00
                                 000705e43ee0 00 00 00 00 00 00 00 00 fc d5 b4 61 52 00 00 00
                                 000705e43ef0 b8 d2 b4 61 52 00 00 00 58 d2 b4 61 52 00 00 00
                                 000705e43f00 30 3f e4 05 07 00 00 00 b8 11 e0 60 52 00 00 00
                                 000705e43f10 fc d5 b4 61 52 00 00 00 fc d5 b4 61 52 00 00 00
                                 000705e43f20 30 d6 b4 61 52 00 00 00 38 d4 b4 61 52 00 00 00
                                 000705e43f30 50 3f e4 05 07 00 00 00 0c 14 e0 60 52 00 00 00
                                 000705e43f40 f8 d5 b4 61 52 00 00 00 40 d4 b4 61 52 00 00 00
                                 000705e43f50 70 3f e4 05 07 00 00 00 24 ee de 60 52 00 00 00
                                 000705e43f60 48 d4 b4 61 52 00 00 00 48 d4 b4 61 52 00 00 00
                                 000705e43f70 a0 3f e4 05 07 00 00 00 48 eb 2d 62 52 00 00 00
                                 000705e43f80 00 00 00 00 00 00 00 00 00 00 00 00 00 00 00 00
                                 000705e43f90 00 00 00 00 00 00 00 00 48 d4 b4 61 52 00 00 00
                                 000705e43fa0 d0 3f e4 05 07 00 00 00 24 2b 2e 62 52 00 00 00
    TLS Address:                 0000003155d25800
    TLS Dump:                                 00 01 02 03 04 05 06 07 08 09 0a 0b 0c 0d 0e 0f
                                 003155d25800 00 00 00 00 0c 00 00 00 00 00 00 00 00 00 00 00
                                 003155d25810 00 00 00 00 00 00 00 00 00 00 00 00 00 00 00 00
                                 003155d25820 53 46 43 4f 00 00 00 00 00 00 00 00 eb ca d2 c4
                                 003155d25830 00 00 00 00 00 00 00 00 00 00 00 00 00 00 00 00
                                 003155d25840 e0 42 7e 0b 00 00 00 00 00 00 0a 00 00 00 00 00
                                 003155d25850 00 00 00 00 00 00 00 00 00 00 00 00 00 00 00 00
                                 003155d25860 00 00 00 00 00 00 00 00 00 00 00 00 00 00 00 00
                                 003155d25870 00 00 00 00 00 00 00 00 00 00 00 00 00 00 00 00
                                 003155d25880 00 00 00 00 00 00 00 00 00 00 00 00 00 00 00 00
                                 003155d25890 00 00 00 00 00 00 00 00 00 00 00 00 00 00 00 00
                                 003155d258a0 00 00 00 00 00 00 00 00 00 00 00 00 00 00 00 00
                                 003155d258b0 00 00 00 00 00 00 00 00 00 00 00 00 00 00 00 00
                                 003155d258c0 00 00 00 00 00 00 00 00 00 00 00 00 00 00 00 00
                                 003155d258d0 00 00 00 00 00 00 00 00 00 00 00 00 00 00 00 00
                                 003155d258e0 00 00 00 00 00 00 00 00 00 00 00 00 00 00 00 00
                                 003155d258f0 00 00 00 00 00 00 00 00 00 00 00 00 00 00 00 00
Threads[28]:
    Thread ID:                   00000000000002c5
    Stack Region:                00000006bebf4000-00000006bebf8000
    Registers:
        X[00]:                   00000006bebf7ec8
        X[01]:                   00000006bebf7ecc
        X[02]:                   0000000000000001
        X[03]:                   0000000005f5e0cb
        X[04]:                   0000000000000000
        X[05]:                   0000000000000000
        X[06]:                   0000000000000000
        X[07]:                   0000000000000000
        X[08]:                   0000000000000000
        X[09]:                   0000000000000000
        X[10]:                   0000000000000000
        X[11]:                   0000000000000000
        X[12]:                   0000000000000000
        X[13]:                   0000000000000000
        X[14]:                   0000000000000000
        X[15]:                   0000000000000000
        X[16]:                   0000000000000000
        X[17]:                   0000000000000000
        X[18]:                   0000000000000000
        X[19]:                   0000000000000000
        X[20]:                   0000000000000000
        X[21]:                   0000000000000000
        X[22]:                   0000000000000000
        X[23]:                   0000000000000000
        X[24]:                   0000000000000000
        X[25]:                   0000000000000000
        X[26]:                   0000000000000000
        X[27]:                   0000000000000000
        X[28]:                   0000000000000000
        FP:                      00000006bebf7ee0
        LR:                      00000052622e3678 (nnSdk + 0x96678) (_ZN2nn2os6detail30InterProcessEventImplByHorizon9TimedWaitEjbNS_8TimeSpanE + 0x8c)
        SP:                      00000006bebf7ea0
        PC:                      00000052622fe540 (nnSdk + 0xb1540)
    Stack Trace:
        ReturnAddress[00]:       0000005260de8e14 (TurboS.nss + 0x5e4e14)
        ReturnAddress[01]:       0000005260deee24 (TurboS.nss + 0x5eae24)
        ReturnAddress[02]:       00000052622deb48 (nnSdk + 0x91b48)
        ReturnAddress[03]:       00000052622e2b24 (nnSdk + 0x95b24)
        ReturnAddress[04]:       0000000000000000
    Stack Dump:                               00 01 02 03 04 05 06 07 08 09 0a 0b 0c 0d 0e 0f
                                 0006bebf7ea0 c8 7e bf be 06 00 00 00 28 74 b4 61 52 00 00 00
                                 0006bebf7eb0 00 00 00 00 00 00 00 00 b2 e5 bc 56 00 00 00 00
                                 0006bebf7ec0 28 74 b4 61 52 00 00 00 14 4e de 60 c4 81 23 00
                                 0006bebf7ed0 80 71 b4 61 52 00 00 00 88 6f b4 61 52 00 00 00
                                 0006bebf7ee0 50 7f bf be 06 00 00 00 14 8e de 60 52 00 00 00
                                 0006bebf7ef0 00 00 00 00 00 00 00 00 00 00 00 00 00 00 00 00
                                 0006bebf7f00 00 00 00 00 00 00 00 00 00 00 00 00 00 00 00 00
                                 0006bebf7f10 00 00 00 00 00 00 00 00 00 00 00 00 00 00 00 00
                                 0006bebf7f20 00 00 00 00 00 00 00 00 00 00 00 00 00 00 00 00
                                 0006bebf7f30 00 00 00 00 00 00 00 00 4c 71 b4 61 52 00 00 00
                                 0006bebf7f40 48 71 b4 61 52 00 00 00 90 6f b4 61 52 00 00 00
                                 0006bebf7f50 70 7f bf be 06 00 00 00 24 ee de 60 52 00 00 00
                                 0006bebf7f60 98 6f b4 61 52 00 00 00 98 6f b4 61 52 00 00 00
                                 0006bebf7f70 a0 7f bf be 06 00 00 00 48 eb 2d 62 52 00 00 00
                                 0006bebf7f80 00 00 00 00 00 00 00 00 00 00 00 00 00 00 00 00
                                 0006bebf7f90 00 00 00 00 00 00 00 00 98 6f b4 61 52 00 00 00
    TLS Address:                 0000003155d25a00
    TLS Dump:                                 00 01 02 03 04 05 06 07 08 09 0a 0b 0c 0d 0e 0f
                                 003155d25a00 00 00 00 00 08 00 00 00 00 00 00 00 00 00 00 00
                                 003155d25a10 53 46 43 4f 00 00 00 00 00 00 00 00 25 0a 2e 59
                                 003155d25a20 00 00 00 00 00 00 00 00 00 00 00 00 00 00 00 00
                                 003155d25a30 53 46 43 49 00 00 00 00 04 00 00 00 00 00 00 00
                                 003155d25a40 00 00 00 00 00 00 00 00 00 00 00 00 00 00 00 00
                                 003155d25a50 00 00 00 00 00 00 00 00 00 00 00 00 00 00 00 00
                                 003155d25a60 00 00 00 00 00 00 00 00 00 00 00 00 00 00 00 00
                                 003155d25a70 00 00 00 00 00 00 00 00 00 00 00 00 00 00 00 00
                                 003155d25a80 00 00 00 00 00 00 00 00 00 00 00 00 00 00 00 00
                                 003155d25a90 00 00 00 00 00 00 00 00 00 00 00 00 00 00 00 00
                                 003155d25aa0 00 00 00 00 00 00 00 00 00 00 00 00 00 00 00 00
                                 003155d25ab0 00 00 00 00 00 00 00 00 00 00 00 00 00 00 00 00
                                 003155d25ac0 00 00 00 00 00 00 00 00 00 00 00 00 00 00 00 00
                                 003155d25ad0 00 00 00 00 00 00 00 00 00 00 00 00 00 00 00 00
                                 003155d25ae0 00 00 00 00 00 00 00 00 00 00 00 00 00 00 00 00
                                 003155d25af0 00 00 00 00 00 00 00 00 00 00 00 00 00 00 00 00
Threads[29]:
    Thread ID:                   00000000000002c6
    Thread Name:                 aal::LowPrioWorkerThread
    Stack Region:                00000007230b6000-00000007230be000
    Registers:
        X[00]:                   0000003a844b7b48
        X[01]:                   0000003a844b7b50
        X[02]:                   00000000002a01bf
        X[03]:                   ffffffffffffffff
        X[04]:                   00000007230bde30
        X[05]:                   00000007230bde28
        X[06]:                   0000000000000000
        X[07]:                   0000000000000000
        X[08]:                   0000000000000000
        X[09]:                   0000000000000000
        X[10]:                   0000000000000000
        X[11]:                   0000000000000000
        X[12]:                   0000000000000000
        X[13]:                   0000000000000000
        X[14]:                   0000000000000000
        X[15]:                   0000000000000000
        X[16]:                   0000000000000000
        X[17]:                   0000000000000000
        X[18]:                   0000000000000000
        X[19]:                   0000000000000000
        X[20]:                   0000000000000000
        X[21]:                   0000000000000000
        X[22]:                   0000000000000000
        X[23]:                   0000000000000000
        X[24]:                   0000000000000000
        X[25]:                   0000000000000000
        X[26]:                   0000000000000000
        X[27]:                   0000000000000000
        X[28]:                   0000000000000000
        FP:                      00000007230bdee0
        LR:                      00000052622e39e8 (nnSdk + 0x969e8) (_ZN2nn2os6detail38InternalConditionVariableImplByHorizon4WaitEPNS1_23InternalCriticalSectionE + 0x30)
        SP:                      00000007230bdec0
        PC:                      00000052622fe56c (nnSdk + 0xb156c)
    Stack Trace:
        ReturnAddress[00]:       00000052622dbd38 (nnSdk + 0x8ed38) (_ZN2nn2os19ReceiveMessageQueueEPmPNS0_16MessageQueueTypeE + 0x3c)
        ReturnAddress[01]:       0000005260e29098 (TurboS.nss + 0x625098)
        ReturnAddress[02]:       0000005260e29b40 (TurboS.nss + 0x625b40)
        ReturnAddress[03]:       0000005260e293cc (TurboS.nss + 0x6253cc)
        ReturnAddress[04]:       00000052622deb48 (nnSdk + 0x91b48)
        ReturnAddress[05]:       00000052622e2b24 (nnSdk + 0x95b24)
        ReturnAddress[06]:       0000000000000000
    Stack Dump:                               00 01 02 03 04 05 06 07 08 09 0a 0b 0c 0d 0e 0f
                                 0007230bdec0 80 a4 4c 84 3a 00 00 00 00 00 00 00 00 00 00 00
                                 0007230bded0 48 7b 4b 84 3a 00 00 00 10 7b 4b 84 3a 00 00 00
                                 0007230bdee0 10 df 0b 23 07 00 00 00 38 bd 2d 62 52 00 00 00
                                 0007230bdef0 00 00 00 00 00 00 00 00 d4 01 4c 84 3a 00 00 00
                                 0007230bdf00 10 7b 4b 84 3a 00 00 00 e0 7a 4b 84 3a 00 00 00
                                 0007230bdf10 30 df 0b 23 07 00 00 00 98 90 e2 60 52 00 00 00
                                 0007230bdf20 10 7b 4b 84 3a 00 00 00 e0 7a 4b 84 3a 00 00 00
                                 0007230bdf30 50 df 0b 23 07 00 00 00 40 9b e2 60 52 00 00 00
                                 0007230bdf40 00 00 00 00 00 00 00 00 e0 7a 4b 84 3a 00 00 00
                                 0007230bdf50 70 df 0b 23 07 00 00 00 cc 93 e2 60 52 00 00 00
                                 0007230bdf60 d0 01 4c 84 3a 00 00 00 20 00 4c 84 3a 00 00 00
                                 0007230bdf70 a0 df 0b 23 07 00 00 00 48 eb 2d 62 52 00 00 00
                                 0007230bdf80 00 00 00 00 00 00 00 00 00 00 00 00 00 00 00 00
                                 0007230bdf90 00 00 00 00 00 00 00 00 20 00 4c 84 3a 00 00 00
                                 0007230bdfa0 d0 df 0b 23 07 00 00 00 24 2b 2e 62 52 00 00 00
                                 0007230bdfb0 00 00 00 00 00 00 00 00 00 00 00 00 00 00 00 00
    TLS Address:                 0000003155d25c00
    TLS Dump:                                 00 01 02 03 04 05 06 07 08 09 0a 0b 0c 0d 0e 0f
                                 003155d25c00 00 00 00 00 00 00 00 00 00 00 00 00 00 00 00 00
                                 003155d25c10 00 00 00 00 00 00 00 00 00 00 00 00 00 00 00 00
                                 003155d25c20 00 00 00 00 00 00 00 00 00 00 00 00 00 00 00 00
                                 003155d25c30 00 00 00 00 00 00 00 00 00 00 00 00 00 00 00 00
                                 003155d25c40 00 00 00 00 00 00 00 00 00 00 00 00 00 00 00 00
                                 003155d25c50 00 00 00 00 00 00 00 00 00 00 00 00 00 00 00 00
                                 003155d25c60 00 00 00 00 00 00 00 00 00 00 00 00 00 00 00 00
                                 003155d25c70 00 00 00 00 00 00 00 00 00 00 00 00 00 00 00 00
                                 003155d25c80 00 00 00 00 00 00 00 00 00 00 00 00 00 00 00 00
                                 003155d25c90 00 00 00 00 00 00 00 00 00 00 00 00 00 00 00 00
                                 003155d25ca0 00 00 00 00 00 00 00 00 00 00 00 00 00 00 00 00
                                 003155d25cb0 00 00 00 00 00 00 00 00 00 00 00 00 00 00 00 00
                                 003155d25cc0 00 00 00 00 00 00 00 00 00 00 00 00 00 00 00 00
                                 003155d25cd0 00 00 00 00 00 00 00 00 00 00 00 00 00 00 00 00
                                 003155d25ce0 00 00 00 00 00 00 00 00 00 00 00 00 00 00 00 00
                                 003155d25cf0 00 00 00 00 00 00 00 00 00 00 00 00 00 00 00 00
Threads[30]:
    Thread ID:                   00000000000002c9
    Thread Name:                 UIMovieRecreatingThread
    Stack Region:                00000006abcec000-00000006abcf0000
    Registers:
        X[00]:                   0000003a893f7368
        X[01]:                   0000003a893f7370
        X[02]:                   00000000002a81c0
        X[03]:                   ffffffffffffffff
        X[04]:                   0000000000000000
        X[05]:                   0000000000000000
        X[06]:                   0000000000000000
        X[07]:                   0000000000000000
        X[08]:                   0000000000000000
        X[09]:                   0000000000000000
        X[10]:                   0000000000000000
        X[11]:                   0000000000000000
        X[12]:                   0000000000000000
        X[13]:                   0000000000000000
        X[14]:                   0000000000000000
        X[15]:                   0000000000000000
        X[16]:                   0000000000000000
        X[17]:                   0000000000000000
        X[18]:                   0000000000000000
        X[19]:                   0000000000000000
        X[20]:                   0000000000000000
        X[21]:                   0000000000000000
        X[22]:                   0000000000000000
        X[23]:                   0000000000000000
        X[24]:                   0000000000000000
        X[25]:                   0000000000000000
        X[26]:                   0000000000000000
        X[27]:                   0000000000000000
        X[28]:                   0000000000000000
        FP:                      00000006abcefee0
        LR:                      00000052622e39e8 (nnSdk + 0x969e8) (_ZN2nn2os6detail38InternalConditionVariableImplByHorizon4WaitEPNS1_23InternalCriticalSectionE + 0x30)
        SP:                      00000006abcefec0
        PC:                      00000052622fe56c (nnSdk + 0xb156c)
    Stack Trace:
        ReturnAddress[00]:       00000052622dbd38 (nnSdk + 0x8ed38) (_ZN2nn2os19ReceiveMessageQueueEPmPNS0_16MessageQueueTypeE + 0x3c)
        ReturnAddress[01]:       0000005260e29098 (TurboS.nss + 0x625098)
        ReturnAddress[02]:       0000005260e29b40 (TurboS.nss + 0x625b40)
        ReturnAddress[03]:       0000005260e293cc (TurboS.nss + 0x6253cc)
        ReturnAddress[04]:       00000052622deb48 (nnSdk + 0x91b48)
        ReturnAddress[05]:       00000052622e2b24 (nnSdk + 0x95b24)
        ReturnAddress[06]:       0000000000000000
    Stack Dump:                               00 01 02 03 04 05 06 07 08 09 0a 0b 0c 0d 0e 0f
                                 0006abcefec0 00 00 00 00 00 00 00 00 00 00 00 00 00 00 00 00
                                 0006abcefed0 68 73 3f 89 3a 00 00 00 30 73 3f 89 3a 00 00 00
                                 0006abcefee0 10 ff ce ab 06 00 00 00 38 bd 2d 62 52 00 00 00
                                 0006abcefef0 00 00 00 00 00 00 00 00 d4 c1 3f 89 3a 00 00 00
                                 0006abceff00 30 73 3f 89 3a 00 00 00 00 73 3f 89 3a 00 00 00
                                 0006abceff10 30 ff ce ab 06 00 00 00 98 90 e2 60 52 00 00 00
                                 0006abceff20 00 00 00 00 00 00 00 00 00 00 00 00 00 00 00 00
                                 0006abceff30 50 ff ce ab 06 00 00 00 40 9b e2 60 52 00 00 00
                                 0006abceff40 00 00 00 00 00 00 00 00 00 73 3f 89 3a 00 00 00
                                 0006abceff50 70 ff ce ab 06 00 00 00 cc 93 e2 60 52 00 00 00
                                 0006abceff60 d0 c1 3f 89 3a 00 00 00 20 c0 3f 89 3a 00 00 00
                                 0006abceff70 a0 ff ce ab 06 00 00 00 48 eb 2d 62 52 00 00 00
                                 0006abceff80 00 00 00 00 00 00 00 00 00 00 00 00 00 00 00 00
                                 0006abceff90 00 00 00 00 00 00 00 00 20 c0 3f 89 3a 00 00 00
                                 0006abceffa0 d0 ff ce ab 06 00 00 00 24 2b 2e 62 52 00 00 00
                                 0006abceffb0 00 00 00 00 00 00 00 00 00 00 00 00 00 00 00 00
    TLS Address:                 0000003155d25e00
    TLS Dump:                                 00 01 02 03 04 05 06 07 08 09 0a 0b 0c 0d 0e 0f
                                 003155d25e00 00 00 00 00 00 00 00 00 00 00 00 00 00 00 00 00
                                 003155d25e10 00 00 00 00 00 00 00 00 00 00 00 00 00 00 00 00
                                 003155d25e20 00 00 00 00 00 00 00 00 00 00 00 00 00 00 00 00
                                 003155d25e30 00 00 00 00 00 00 00 00 00 00 00 00 00 00 00 00
                                 003155d25e40 00 00 00 00 00 00 00 00 00 00 00 00 00 00 00 00
                                 003155d25e50 00 00 00 00 00 00 00 00 00 00 00 00 00 00 00 00
                                 003155d25e60 00 00 00 00 00 00 00 00 00 00 00 00 00 00 00 00
                                 003155d25e70 00 00 00 00 00 00 00 00 00 00 00 00 00 00 00 00
                                 003155d25e80 00 00 00 00 00 00 00 00 00 00 00 00 00 00 00 00
                                 003155d25e90 00 00 00 00 00 00 00 00 00 00 00 00 00 00 00 00
                                 003155d25ea0 00 00 00 00 00 00 00 00 00 00 00 00 00 00 00 00
                                 003155d25eb0 00 00 00 00 00 00 00 00 00 00 00 00 00 00 00 00
                                 003155d25ec0 00 00 00 00 00 00 00 00 00 00 00 00 00 00 00 00
                                 003155d25ed0 00 00 00 00 00 00 00 00 00 00 00 00 00 00 00 00
                                 003155d25ee0 00 00 00 00 00 00 00 00 00 00 00 00 00 00 00 00
                                 003155d25ef0 00 00 00 00 00 00 00 00 00 00 00 00 00 00 00 00
Threads[31]:
    Thread ID:                   00000000000002ca
    Stack Region:                00000006d12ab000-00000006d12af000
    Registers:
        X[00]:                   0000003a89404020
        X[01]:                   0000000000000000
        X[02]:                   0000000000000000
        X[03]:                   0000000000000000
        X[04]:                   0000000000000000
        X[05]:                   0000000000000000
        X[06]:                   0000000000000000
        X[07]:                   0000000000000000
        X[08]:                   0000000000000000
        X[09]:                   0000000000000000
        X[10]:                   0000000000000000
        X[11]:                   0000000000000000
        X[12]:                   0000000000000000
        X[13]:                   0000000000000000
        X[14]:                   0000000000000000
        X[15]:                   0000000000000000
        X[16]:                   0000000000000000
        X[17]:                   0000000000000000
        X[18]:                   df056aa4a8371c2b
        X[19]:                   0000000000000000
        X[20]:                   0000000000000000
        X[21]:                   0000000000000000
        X[22]:                   0000000000000000
        X[23]:                   0000000000000000
        X[24]:                   0000000000000000
        X[25]:                   0000000000000000
        X[26]:                   0000000000000000
        X[27]:                   0000000000000000
        X[28]:                   0000000000000000
        FP:                      0000000000000000
        LR:                      0000000000000000
        SP:                      00000006d12aefe0
        PC:                      00000052622e2aac (nnSdk + 0x95aac)
    Stack Dump:                               00 01 02 03 04 05 06 07 08 09 0a 0b 0c 0d 0e 0f
                                 0006d12aef00 00 00 00 00 00 00 00 00 00 00 00 00 00 00 00 00
                                 0006d12aef10 00 00 00 00 00 00 00 00 00 00 00 00 00 00 00 00
                                 0006d12aef20 00 00 00 00 00 00 00 00 00 00 00 00 00 00 00 00
                                 0006d12aef30 00 00 00 00 00 00 00 00 00 00 00 00 00 00 00 00
                                 0006d12aef40 00 00 00 00 00 00 00 00 00 00 00 00 00 00 00 00
                                 0006d12aef50 00 00 00 00 00 00 00 00 00 00 00 00 00 00 00 00
                                 0006d12aef60 00 00 00 00 00 00 00 00 00 00 00 00 00 00 00 00
                                 0006d12aef70 00 00 00 00 00 00 00 00 00 00 00 00 00 00 00 00
                                 0006d12aef80 00 00 00 00 00 00 00 00 00 00 00 00 00 00 00 00
                                 0006d12aef90 00 00 00 00 00 00 00 00 00 00 00 00 00 00 00 00
                                 0006d12aefa0 00 00 00 00 00 00 00 00 00 00 00 00 00 00 00 00
                                 0006d12aefb0 00 00 00 00 00 00 00 00 00 00 00 00 00 00 00 00
                                 0006d12aefc0 00 00 00 00 00 00 00 00 00 00 00 00 00 00 00 00
                                 0006d12aefd0 00 00 00 00 00 00 00 00 00 00 00 00 00 00 00 00
                                 0006d12aefe0 e8 ea 2d 62 52 00 00 00 00 00 00 00 00 00 00 00
                                 0006d12aeff0 00 00 00 00 00 00 00 00 00 00 00 00 00 00 00 00
Threads[32]:
    Thread ID:                   00000000000002cb
    Thread Name:                 UILoadThread
    Stack Region:                00000006c73ee000-00000006c73f2000
    Registers:
        X[00]:                   0000003a89980670
        X[01]:                   0000003a89980678
        X[02]:                   00000000002b81bd
        X[03]:                   ffffffffffffffff
        X[04]:                   0000000000000000
        X[05]:                   0000000000000000
        X[06]:                   0000000000000000
        X[07]:                   0000000000000000
        X[08]:                   0000000000000000
        X[09]:                   0000000000000000
        X[10]:                   0000000000000000
        X[11]:                   0000000000000000
        X[12]:                   0000000000000000
        X[13]:                   0000000000000000
        X[14]:                   0000000000000000
        X[15]:                   0000000000000000
        X[16]:                   0000000000000000
        X[17]:                   0000000000000000
        X[18]:                   0000000000000000
        X[19]:                   0000000000000000
        X[20]:                   0000000000000000
        X[21]:                   0000000000000000
        X[22]:                   0000000000000000
        X[23]:                   0000000000000000
        X[24]:                   0000000000000000
        X[25]:                   0000000000000000
        X[26]:                   0000000000000000
        X[27]:                   0000000000000000
        X[28]:                   0000000000000000
        FP:                      00000006c73f1ee0
        LR:                      00000052622e39e8 (nnSdk + 0x969e8) (_ZN2nn2os6detail38InternalConditionVariableImplByHorizon4WaitEPNS1_23InternalCriticalSectionE + 0x30)
        SP:                      00000006c73f1ec0
        PC:                      00000052622fe56c (nnSdk + 0xb156c)
    Stack Trace:
        ReturnAddress[00]:       00000052622dbd38 (nnSdk + 0x8ed38) (_ZN2nn2os19ReceiveMessageQueueEPmPNS0_16MessageQueueTypeE + 0x3c)
        ReturnAddress[01]:       0000005260e29098 (TurboS.nss + 0x625098)
        ReturnAddress[02]:       0000005260e29b40 (TurboS.nss + 0x625b40)
        ReturnAddress[03]:       0000005260e293cc (TurboS.nss + 0x6253cc)
        ReturnAddress[04]:       00000052622deb48 (nnSdk + 0x91b48)
        ReturnAddress[05]:       00000052622e2b24 (nnSdk + 0x95b24)
        ReturnAddress[06]:       0000000000000000
    Stack Dump:                               00 01 02 03 04 05 06 07 08 09 0a 0b 0c 0d 0e 0f
                                 0006c73f1ec0 00 00 00 00 00 00 00 00 85 00 00 00 3a 00 00 00
                                 0006c73f1ed0 70 06 98 89 3a 00 00 00 38 06 98 89 3a 00 00 00
                                 0006c73f1ee0 10 1f 3f c7 06 00 00 00 38 bd 2d 62 52 00 00 00
                                 0006c73f1ef0 00 00 00 00 00 00 00 00 d4 61 98 89 3a 00 00 00
                                 0006c73f1f00 38 06 98 89 3a 00 00 00 08 06 98 89 3a 00 00 00
                                 0006c73f1f10 30 1f 3f c7 06 00 00 00 98 90 e2 60 52 00 00 00
                                 0006c73f1f20 38 06 98 89 3a 00 00 00 08 06 98 89 3a 00 00 00
                                 0006c73f1f30 50 1f 3f c7 06 00 00 00 40 9b e2 60 52 00 00 00
                                 0006c73f1f40 00 00 00 00 00 00 00 00 08 06 98 89 3a 00 00 00
                                 0006c73f1f50 70 1f 3f c7 06 00 00 00 cc 93 e2 60 52 00 00 00
                                 0006c73f1f60 d0 61 98 89 3a 00 00 00 20 60 98 89 3a 00 00 00
                                 0006c73f1f70 a0 1f 3f c7 06 00 00 00 48 eb 2d 62 52 00 00 00
                                 0006c73f1f80 00 00 00 00 00 00 00 00 00 00 00 00 00 00 00 00
                                 0006c73f1f90 00 00 00 00 00 00 00 00 20 60 98 89 3a 00 00 00
                                 0006c73f1fa0 d0 1f 3f c7 06 00 00 00 24 2b 2e 62 52 00 00 00
                                 0006c73f1fb0 00 00 00 00 00 00 00 00 00 00 00 00 00 00 00 00
    TLS Address:                 0000002dff301200
    TLS Dump:                                 00 01 02 03 04 05 06 07 08 09 0a 0b 0c 0d 0e 0f
                                 002dff301200 00 00 01 00 09 08 e0 03 00 60 28 00 f8 19 3f c7
                                 002dff301210 53 46 43 4f 00 00 00 00 00 00 00 00 99 5d e2 a4
                                 002dff301220 00 00 00 00 00 00 00 00 00 00 00 00 00 00 00 00
                                 002dff301230 00 00 00 00 00 00 00 00 01 00 00 00 00 00 00 00
                                 002dff301240 01 00 71 01 06 41 28 c0 a6 0b 00 00 00 00 00 00
                                 002dff301250 28 00 00 00 f8 19 3f c7 06 00 28 00 00 00 00 00
                                 002dff301260 00 00 00 00 00 00 00 00 00 00 00 00 00 00 00 00
                                 002dff301270 00 00 00 00 00 00 00 00 00 00 00 00 00 00 00 00
                                 002dff301280 00 00 00 00 00 00 00 00 00 00 00 00 00 00 00 00
                                 002dff301290 00 00 00 00 00 00 00 00 00 00 00 00 00 00 00 00
                                 002dff3012a0 00 00 00 00 00 00 00 00 00 00 00 00 00 00 00 00
                                 002dff3012b0 00 00 00 00 00 00 00 00 00 00 00 00 00 00 00 00
                                 002dff3012c0 00 00 00 00 00 00 00 00 00 00 00 00 00 00 00 00
                                 002dff3012d0 00 00 00 00 00 00 00 00 00 00 00 00 00 00 00 00
                                 002dff3012e0 00 00 00 00 00 00 00 00 00 00 00 00 00 00 00 00
                                 002dff3012f0 00 00 00 00 00 00 00 00 00 00 00 00 00 00 00 00
Threads[33]:
    Thread ID:                   00000000000002cc
    Thread Name:                 UIMiiThread
    Stack Region:                00000006d770a000-00000006d770e000
    Registers:
        X[00]:                   0000003a89980b20
        X[01]:                   0000003a89980b28
        X[02]:                   00000000002c01bc
        X[03]:                   ffffffffffffffff
        X[04]:                   0000000000000000
        X[05]:                   0000000000000000
        X[06]:                   0000000000000000
        X[07]:                   0000000000000000
        X[08]:                   0000000000000000
        X[09]:                   0000000000000000
        X[10]:                   0000000000000000
        X[11]:                   0000000000000000
        X[12]:                   0000000000000000
        X[13]:                   0000000000000000
        X[14]:                   0000000000000000
        X[15]:                   0000000000000000
        X[16]:                   0000000000000000
        X[17]:                   0000000000000000
        X[18]:                   0000000000000000
        X[19]:                   0000000000000000
        X[20]:                   0000000000000000
        X[21]:                   0000000000000000
        X[22]:                   0000000000000000
        X[23]:                   0000000000000000
        X[24]:                   0000000000000000
        X[25]:                   0000000000000000
        X[26]:                   0000000000000000
        X[27]:                   0000000000000000
        X[28]:                   0000000000000000
        FP:                      00000006d770dee0
        LR:                      00000052622e39e8 (nnSdk + 0x969e8) (_ZN2nn2os6detail38InternalConditionVariableImplByHorizon4WaitEPNS1_23InternalCriticalSectionE + 0x30)
        SP:                      00000006d770dec0
        PC:                      00000052622fe56c (nnSdk + 0xb156c)
    Stack Trace:
        ReturnAddress[00]:       00000052622dbd38 (nnSdk + 0x8ed38) (_ZN2nn2os19ReceiveMessageQueueEPmPNS0_16MessageQueueTypeE + 0x3c)
        ReturnAddress[01]:       0000005260e29098 (TurboS.nss + 0x625098)
        ReturnAddress[02]:       0000005260e29b40 (TurboS.nss + 0x625b40)
        ReturnAddress[03]:       0000005260e293cc (TurboS.nss + 0x6253cc)
        ReturnAddress[04]:       00000052622deb48 (nnSdk + 0x91b48)
        ReturnAddress[05]:       00000052622e2b24 (nnSdk + 0x95b24)
        ReturnAddress[06]:       0000000000000000
    Stack Dump:                               00 01 02 03 04 05 06 07 08 09 0a 0b 0c 0d 0e 0f
                                 0006d770dec0 04 00 00 00 3a 00 00 00 02 00 00 00 02 00 00 00
                                 0006d770ded0 20 0b 98 89 3a 00 00 00 e8 0a 98 89 3a 00 00 00
                                 0006d770dee0 10 df 70 d7 06 00 00 00 38 bd 2d 62 52 00 00 00
                                 0006d770def0 00 00 00 00 00 00 00 00 d4 b1 98 89 3a 00 00 00
                                 0006d770df00 e8 0a 98 89 3a 00 00 00 b8 0a 98 89 3a 00 00 00
                                 0006d770df10 30 df 70 d7 06 00 00 00 98 90 e2 60 52 00 00 00
                                 0006d770df20 e8 0a 98 89 3a 00 00 00 b8 0a 98 89 3a 00 00 00
                                 0006d770df30 50 df 70 d7 06 00 00 00 40 9b e2 60 52 00 00 00
                                 0006d770df40 00 00 00 00 00 00 00 00 b8 0a 98 89 3a 00 00 00
                                 0006d770df50 70 df 70 d7 06 00 00 00 cc 93 e2 60 52 00 00 00
                                 0006d770df60 d0 b1 98 89 3a 00 00 00 20 b0 98 89 3a 00 00 00
                                 0006d770df70 a0 df 70 d7 06 00 00 00 48 eb 2d 62 52 00 00 00
                                 0006d770df80 00 00 00 00 00 00 00 00 00 00 00 00 00 00 00 00
                                 0006d770df90 00 00 00 00 00 00 00 00 20 b0 98 89 3a 00 00 00
                                 0006d770dfa0 d0 df 70 d7 06 00 00 00 24 2b 2e 62 52 00 00 00
                                 0006d770dfb0 00 00 00 00 00 00 00 00 00 00 00 00 00 00 00 00
    TLS Address:                 0000002dff301400
    TLS Dump:                                 00 01 02 03 04 05 06 07 08 09 0a 0b 0c 0d 0e 0f
                                 002dff301400 00 00 00 00 00 00 00 00 00 00 00 00 00 00 00 00
                                 002dff301410 00 00 00 00 00 00 00 00 00 00 00 00 00 00 00 00
                                 002dff301420 00 00 00 00 00 00 00 00 00 00 00 00 00 00 00 00
                                 002dff301430 00 00 00 00 00 00 00 00 00 00 00 00 00 00 00 00
                                 002dff301440 00 00 00 00 00 00 00 00 00 00 00 00 00 00 00 00
                                 002dff301450 00 00 00 00 00 00 00 00 00 00 00 00 00 00 00 00
                                 002dff301460 00 00 00 00 00 00 00 00 00 00 00 00 00 00 00 00
                                 002dff301470 00 00 00 00 00 00 00 00 00 00 00 00 00 00 00 00
                                 002dff301480 00 00 00 00 00 00 00 00 00 00 00 00 00 00 00 00
                                 002dff301490 00 00 00 00 00 00 00 00 00 00 00 00 00 00 00 00
                                 002dff3014a0 00 00 00 00 00 00 00 00 00 00 00 00 00 00 00 00
                                 002dff3014b0 00 00 00 00 00 00 00 00 00 00 00 00 00 00 00 00
                                 002dff3014c0 00 00 00 00 00 00 00 00 00 00 00 00 00 00 00 00
                                 002dff3014d0 00 00 00 00 00 00 00 00 00 00 00 00 00 00 00 00
                                 002dff3014e0 00 00 00 00 00 00 00 00 00 00 00 00 00 00 00 00
                                 002dff3014f0 00 00 00 00 00 00 00 00 00 00 00 00 00 00 00 00
Threads[34]:
    Thread ID:                   00000000000002cd
    Thread Name:                 UIMiiThread
    Stack Region:                000000071eda1000-000000071eda5000
    Registers:
        X[00]:                   0000003a8ad9ec08
        X[01]:                   0000003a8ad9ec10
        X[02]:                   00000000002c81bb
        X[03]:                   ffffffffffffffff
        X[04]:                   0000000000000000
        X[05]:                   0000000000000000
        X[06]:                   0000000000000000
        X[07]:                   0000000000000000
        X[08]:                   0000000000000000
        X[09]:                   0000000000000000
        X[10]:                   0000000000000000
        X[11]:                   0000000000000000
        X[12]:                   0000000000000000
        X[13]:                   0000000000000000
        X[14]:                   0000000000000000
        X[15]:                   0000000000000000
        X[16]:                   0000000000000000
        X[17]:                   0000000000000000
        X[18]:                   0000000000000000
        X[19]:                   0000000000000000
        X[20]:                   0000000000000000
        X[21]:                   0000000000000000
        X[22]:                   0000000000000000
        X[23]:                   0000000000000000
        X[24]:                   0000000000000000
        X[25]:                   0000000000000000
        X[26]:                   0000000000000000
        X[27]:                   0000000000000000
        X[28]:                   0000000000000000
        FP:                      000000071eda4ee0
        LR:                      00000052622e39e8 (nnSdk + 0x969e8) (_ZN2nn2os6detail38InternalConditionVariableImplByHorizon4WaitEPNS1_23InternalCriticalSectionE + 0x30)
        SP:                      000000071eda4ec0
        PC:                      00000052622fe56c (nnSdk + 0xb156c)
    Stack Trace:
        ReturnAddress[00]:       00000052622dbd38 (nnSdk + 0x8ed38) (_ZN2nn2os19ReceiveMessageQueueEPmPNS0_16MessageQueueTypeE + 0x3c)
        ReturnAddress[01]:       0000005260e29098 (TurboS.nss + 0x625098)
        ReturnAddress[02]:       0000005260e29b40 (TurboS.nss + 0x625b40)
        ReturnAddress[03]:       0000005260e293cc (TurboS.nss + 0x6253cc)
        ReturnAddress[04]:       00000052622deb48 (nnSdk + 0x91b48)
        ReturnAddress[05]:       00000052622e2b24 (nnSdk + 0x95b24)
        ReturnAddress[06]:       0000000000000000
    Stack Dump:                               00 01 02 03 04 05 06 07 08 09 0a 0b 0c 0d 0e 0f
                                 00071eda4ec0 00 00 00 00 00 00 00 00 00 00 00 00 00 00 00 00
                                 00071eda4ed0 08 ec d9 8a 3a 00 00 00 d0 eb d9 8a 3a 00 00 00
                                 00071eda4ee0 10 4f da 1e 07 00 00 00 38 bd 2d 62 52 00 00 00
                                 00071eda4ef0 00 00 00 00 00 00 00 00 d4 31 da 8a 3a 00 00 00
                                 00071eda4f00 d0 eb d9 8a 3a 00 00 00 a0 eb d9 8a 3a 00 00 00
                                 00071eda4f10 30 4f da 1e 07 00 00 00 98 90 e2 60 52 00 00 00
                                 00071eda4f20 00 00 00 00 00 00 00 00 00 00 00 00 00 00 00 00
                                 00071eda4f30 50 4f da 1e 07 00 00 00 40 9b e2 60 52 00 00 00
                                 00071eda4f40 00 00 00 00 00 00 00 00 a0 eb d9 8a 3a 00 00 00
                                 00071eda4f50 70 4f da 1e 07 00 00 00 cc 93 e2 60 52 00 00 00
                                 00071eda4f60 d0 31 da 8a 3a 00 00 00 20 30 da 8a 3a 00 00 00
                                 00071eda4f70 a0 4f da 1e 07 00 00 00 48 eb 2d 62 52 00 00 00
                                 00071eda4f80 00 00 00 00 00 00 00 00 00 00 00 00 00 00 00 00
                                 00071eda4f90 00 00 00 00 00 00 00 00 20 30 da 8a 3a 00 00 00
                                 00071eda4fa0 d0 4f da 1e 07 00 00 00 24 2b 2e 62 52 00 00 00
                                 00071eda4fb0 00 00 00 00 00 00 00 00 00 00 00 00 00 00 00 00
    TLS Address:                 0000002dff301600
    TLS Dump:                                 00 01 02 03 04 05 06 07 08 09 0a 0b 0c 0d 0e 0f
                                 002dff301600 00 00 00 00 00 00 00 00 00 00 00 00 00 00 00 00
                                 002dff301610 00 00 00 00 00 00 00 00 00 00 00 00 00 00 00 00
                                 002dff301620 00 00 00 00 00 00 00 00 00 00 00 00 00 00 00 00
                                 002dff301630 00 00 00 00 00 00 00 00 00 00 00 00 00 00 00 00
                                 002dff301640 00 00 00 00 00 00 00 00 00 00 00 00 00 00 00 00
                                 002dff301650 00 00 00 00 00 00 00 00 00 00 00 00 00 00 00 00
                                 002dff301660 00 00 00 00 00 00 00 00 00 00 00 00 00 00 00 00
                                 002dff301670 00 00 00 00 00 00 00 00 00 00 00 00 00 00 00 00
                                 002dff301680 00 00 00 00 00 00 00 00 00 00 00 00 00 00 00 00
                                 002dff301690 00 00 00 00 00 00 00 00 00 00 00 00 00 00 00 00
                                 002dff3016a0 00 00 00 00 00 00 00 00 00 00 00 00 00 00 00 00
                                 002dff3016b0 00 00 00 00 00 00 00 00 00 00 00 00 00 00 00 00
                                 002dff3016c0 00 00 00 00 00 00 00 00 00 00 00 00 00 00 00 00
                                 002dff3016d0 00 00 00 00 00 00 00 00 00 00 00 00 00 00 00 00
                                 002dff3016e0 00 00 00 00 00 00 00 00 00 00 00 00 00 00 00 00
                                 002dff3016f0 00 00 00 00 00 00 00 00 00 00 00 00 00 00 00 00
Threads[35]:
    Thread ID:                   00000000000002ce
    Thread Name:                 UIScalableFont
    Stack Region:                00000007042d1000-00000007042d5000
    Registers:
        X[00]:                   0000003a8b1cfe10
        X[01]:                   0000003a8b1cfe18
        X[02]:                   00000000002e01ba
        X[03]:                   ffffffffffffffff
        X[04]:                   0000000000000000
        X[05]:                   0000000000000000
        X[06]:                   0000000000000000
        X[07]:                   0000000000000000
        X[08]:                   0000000000000000
        X[09]:                   0000000000000000
        X[10]:                   0000000000000000
        X[11]:                   0000000000000000
        X[12]:                   0000000000000000
        X[13]:                   0000000000000000
        X[14]:                   0000000000000000
        X[15]:                   0000000000000000
        X[16]:                   0000000000000000
        X[17]:                   0000000000000000
        X[18]:                   0000000000000000
        X[19]:                   0000000000000000
        X[20]:                   0000000000000000
        X[21]:                   0000000000000000
        X[22]:                   0000000000000000
        X[23]:                   0000000000000000
        X[24]:                   0000000000000000
        X[25]:                   0000000000000000
        X[26]:                   0000000000000000
        X[27]:                   0000000000000000
        X[28]:                   0000000000000000
        FP:                      00000007042d4ee0
        LR:                      00000052622e39e8 (nnSdk + 0x969e8) (_ZN2nn2os6detail38InternalConditionVariableImplByHorizon4WaitEPNS1_23InternalCriticalSectionE + 0x30)
        SP:                      00000007042d4ec0
        PC:                      00000052622fe56c (nnSdk + 0xb156c)
    Stack Trace:
        ReturnAddress[00]:       00000052622dbd38 (nnSdk + 0x8ed38) (_ZN2nn2os19ReceiveMessageQueueEPmPNS0_16MessageQueueTypeE + 0x3c)
        ReturnAddress[01]:       0000005260e29098 (TurboS.nss + 0x625098)
        ReturnAddress[02]:       0000005260e29b40 (TurboS.nss + 0x625b40)
        ReturnAddress[03]:       0000005260e293cc (TurboS.nss + 0x6253cc)
        ReturnAddress[04]:       00000052622deb48 (nnSdk + 0x91b48)
        ReturnAddress[05]:       00000052622e2b24 (nnSdk + 0x95b24)
        ReturnAddress[06]:       0000000000000000
    Stack Dump:                               00 01 02 03 04 05 06 07 08 09 0a 0b 0c 0d 0e 0f
                                 0007042d4ec0 00 00 00 00 00 00 00 00 00 00 00 00 00 00 00 00
                                 0007042d4ed0 10 fe 1c 8b 3a 00 00 00 d8 fd 1c 8b 3a 00 00 00
                                 0007042d4ee0 10 4f 2d 04 07 00 00 00 38 bd 2d 62 52 00 00 00
                                 0007042d4ef0 00 00 00 00 00 00 00 00 d4 51 1e 8b 3a 00 00 00
                                 0007042d4f00 d8 fd 1c 8b 3a 00 00 00 a8 fd 1c 8b 3a 00 00 00
                                 0007042d4f10 30 4f 2d 04 07 00 00 00 98 90 e2 60 52 00 00 00
                                 0007042d4f20 00 00 00 00 00 00 00 00 00 00 00 00 00 00 00 00
                                 0007042d4f30 50 4f 2d 04 07 00 00 00 40 9b e2 60 52 00 00 00
                                 0007042d4f40 00 00 00 00 00 00 00 00 a8 fd 1c 8b 3a 00 00 00
                                 0007042d4f50 70 4f 2d 04 07 00 00 00 cc 93 e2 60 52 00 00 00
                                 0007042d4f60 d0 51 1e 8b 3a 00 00 00 20 50 1e 8b 3a 00 00 00
                                 0007042d4f70 a0 4f 2d 04 07 00 00 00 48 eb 2d 62 52 00 00 00
                                 0007042d4f80 00 00 00 00 00 00 00 00 00 00 00 00 00 00 00 00
                                 0007042d4f90 00 00 00 00 00 00 00 00 20 50 1e 8b 3a 00 00 00
                                 0007042d4fa0 d0 4f 2d 04 07 00 00 00 24 2b 2e 62 52 00 00 00
                                 0007042d4fb0 00 00 00 00 00 00 00 00 00 00 00 00 00 00 00 00
    TLS Address:                 0000002dff301800
    TLS Dump:                                 00 01 02 03 04 05 06 07 08 09 0a 0b 0c 0d 0e 0f
                                 002dff301800 00 00 00 00 00 00 00 00 00 00 00 00 00 00 00 00
                                 002dff301810 00 00 00 00 00 00 00 00 00 00 00 00 00 00 00 00
                                 002dff301820 00 00 00 00 00 00 00 00 00 00 00 00 00 00 00 00
                                 002dff301830 00 00 00 00 00 00 00 00 00 00 00 00 00 00 00 00
                                 002dff301840 00 00 00 00 00 00 00 00 00 00 00 00 00 00 00 00
                                 002dff301850 00 00 00 00 00 00 00 00 00 00 00 00 00 00 00 00
                                 002dff301860 00 00 00 00 00 00 00 00 00 00 00 00 00 00 00 00
                                 002dff301870 00 00 00 00 00 00 00 00 00 00 00 00 00 00 00 00
                                 002dff301880 00 00 00 00 00 00 00 00 00 00 00 00 00 00 00 00
                                 002dff301890 00 00 00 00 00 00 00 00 00 00 00 00 00 00 00 00
                                 002dff3018a0 00 00 00 00 00 00 00 00 00 00 00 00 00 00 00 00
                                 002dff3018b0 00 00 00 00 00 00 00 00 00 00 00 00 00 00 00 00
                                 002dff3018c0 00 00 00 00 00 00 00 00 00 00 00 00 00 00 00 00
                                 002dff3018d0 00 00 00 00 00 00 00 00 00 00 00 00 00 00 00 00
                                 002dff3018e0 00 00 00 00 00 00 00 00 00 00 00 00 00 00 00 00
                                 002dff3018f0 00 00 00 00 00 00 00 00 00 00 00 00 00 00 00 00
Threads[36]:
    Thread ID:                   00000000000002cf
    Thread Name:                 repl::Thread
    Stack Region:                00000006ece60000-00000006ece79000
    Registers:
        X[00]:                   0000003a9dc63288
        X[01]:                   0000003a9dc63290
        X[02]:                   00000000003101b6
        X[03]:                   ffffffffffffffff
        X[04]:                   0000000000000000
        X[05]:                   0000000000000000
        X[06]:                   0000000000000000
        X[07]:                   0000000000000000
        X[08]:                   0000000000000000
        X[09]:                   0000000000000000
        X[10]:                   0000000000000000
        X[11]:                   0000000000000000
        X[12]:                   0000000000000000
        X[13]:                   0000000000000000
        X[14]:                   0000000000000000
        X[15]:                   0000000000000000
        X[16]:                   0000000000000000
        X[17]:                   0000000000000000
        X[18]:                   0000000000000000
        X[19]:                   0000000000000000
        X[20]:                   0000000000000000
        X[21]:                   0000000000000000
        X[22]:                   0000000000000000
        X[23]:                   0000000000000000
        X[24]:                   0000000000000000
        X[25]:                   0000000000000000
        X[26]:                   0000000000000000
        X[27]:                   0000000000000000
        X[28]:                   0000000000000000
        FP:                      00000006ece78ee0
        LR:                      00000052622e39e8 (nnSdk + 0x969e8) (_ZN2nn2os6detail38InternalConditionVariableImplByHorizon4WaitEPNS1_23InternalCriticalSectionE + 0x30)
        SP:                      00000006ece78ec0
        PC:                      00000052622fe56c (nnSdk + 0xb156c)
    Stack Trace:
        ReturnAddress[00]:       00000052622dbd38 (nnSdk + 0x8ed38) (_ZN2nn2os19ReceiveMessageQueueEPmPNS0_16MessageQueueTypeE + 0x3c)
        ReturnAddress[01]:       0000005260e29098 (TurboS.nss + 0x625098)
        ReturnAddress[02]:       0000005260e29b40 (TurboS.nss + 0x625b40)
        ReturnAddress[03]:       0000005260e293cc (TurboS.nss + 0x6253cc)
        ReturnAddress[04]:       00000052622deb48 (nnSdk + 0x91b48)
        ReturnAddress[05]:       00000052622e2b24 (nnSdk + 0x95b24)
        ReturnAddress[06]:       0000000000000000
    Stack Dump:                               00 01 02 03 04 05 06 07 08 09 0a 0b 0c 0d 0e 0f
                                 0006ece78ec0 00 00 00 00 00 00 00 00 00 00 00 00 00 00 00 00
                                 0006ece78ed0 88 32 c6 9d 3a 00 00 00 50 32 c6 9d 3a 00 00 00
                                 0006ece78ee0 10 8f e7 ec 06 00 00 00 38 bd 2d 62 52 00 00 00
                                 0006ece78ef0 00 00 00 00 00 00 00 00 d4 d1 c7 9d 3a 00 00 00
                                 0006ece78f00 50 32 c6 9d 3a 00 00 00 20 32 c6 9d 3a 00 00 00
                                 0006ece78f10 30 8f e7 ec 06 00 00 00 98 90 e2 60 52 00 00 00
                                 0006ece78f20 20 32 c6 9d 3a 00 00 00 01 00 00 00 00 00 00 00
                                 0006ece78f30 50 8f e7 ec 06 00 00 00 40 9b e2 60 52 00 00 00
                                 0006ece78f40 00 00 00 00 00 00 00 00 20 32 c6 9d 3a 00 00 00
                                 0006ece78f50 70 8f e7 ec 06 00 00 00 cc 93 e2 60 52 00 00 00
                                 0006ece78f60 d0 d1 c7 9d 3a 00 00 00 20 d0 c7 9d 3a 00 00 00
                                 0006ece78f70 a0 8f e7 ec 06 00 00 00 48 eb 2d 62 52 00 00 00
                                 0006ece78f80 00 00 00 00 00 00 00 00 00 00 00 00 00 00 00 00
                                 0006ece78f90 00 00 00 00 00 00 00 00 20 d0 c7 9d 3a 00 00 00
                                 0006ece78fa0 d0 8f e7 ec 06 00 00 00 24 2b 2e 62 52 00 00 00
                                 0006ece78fb0 00 00 00 00 00 00 00 00 00 00 00 00 00 00 00 00
    TLS Address:                 0000002dff301a00
    TLS Dump:                                 00 01 02 03 04 05 06 07 08 09 0a 0b 0c 0d 0e 0f
                                 002dff301a00 00 00 00 00 00 00 00 00 00 00 00 00 00 00 00 00
                                 002dff301a10 00 00 00 00 00 00 00 00 00 00 00 00 00 00 00 00
                                 002dff301a20 00 00 00 00 00 00 00 00 00 00 00 00 00 00 00 00
                                 002dff301a30 00 00 00 00 00 00 00 00 00 00 00 00 00 00 00 00
                                 002dff301a40 00 00 00 00 00 00 00 00 00 00 00 00 00 00 00 00
                                 002dff301a50 00 00 00 00 00 00 00 00 00 00 00 00 00 00 00 00
                                 002dff301a60 00 00 00 00 00 00 00 00 00 00 00 00 00 00 00 00
                                 002dff301a70 00 00 00 00 00 00 00 00 00 00 00 00 00 00 00 00
                                 002dff301a80 00 00 00 00 00 00 00 00 00 00 00 00 00 00 00 00
                                 002dff301a90 00 00 00 00 00 00 00 00 00 00 00 00 00 00 00 00
                                 002dff301aa0 00 00 00 00 00 00 00 00 00 00 00 00 00 00 00 00
                                 002dff301ab0 00 00 00 00 00 00 00 00 00 00 00 00 00 00 00 00
                                 002dff301ac0 00 00 00 00 00 00 00 00 00 00 00 00 00 00 00 00
                                 002dff301ad0 00 00 00 00 00 00 00 00 00 00 00 00 00 00 00 00
                                 002dff301ae0 00 00 00 00 00 00 00 00 00 00 00 00 00 00 00 00
                                 002dff301af0 00 00 00 00 00 00 00 00 00 00 00 00 00 00 00 00
Threads[37]:
    Thread ID:                   00000000000002d0
    Thread Name:                 repl::SZSThread
    Stack Region:                00000006ee869000-00000006ee882000
    Registers:
        X[00]:                   0000003a9dc7d268
        X[01]:                   0000003a9dc7d270
        X[02]:                   00000000003181b5
        X[03]:                   ffffffffffffffff
        X[04]:                   0000000000000000
        X[05]:                   0000000000000000
        X[06]:                   0000000000000000
        X[07]:                   0000000000000000
        X[08]:                   0000000000000000
        X[09]:                   0000000000000000
        X[10]:                   0000000000000000
        X[11]:                   0000000000000000
        X[12]:                   0000000000000000
        X[13]:                   0000000000000000
        X[14]:                   0000000000000000
        X[15]:                   0000000000000000
        X[16]:                   0000000000000000
        X[17]:                   0000000000000000
        X[18]:                   0000000000000000
        X[19]:                   0000000000000000
        X[20]:                   0000000000000000
        X[21]:                   0000000000000000
        X[22]:                   0000000000000000
        X[23]:                   0000000000000000
        X[24]:                   0000000000000000
        X[25]:                   0000000000000000
        X[26]:                   0000000000000000
        X[27]:                   0000000000000000
        X[28]:                   0000000000000000
        FP:                      00000006ee881ee0
        LR:                      00000052622e39e8 (nnSdk + 0x969e8) (_ZN2nn2os6detail38InternalConditionVariableImplByHorizon4WaitEPNS1_23InternalCriticalSectionE + 0x30)
        SP:                      00000006ee881ec0
        PC:                      00000052622fe56c (nnSdk + 0xb156c)
    Stack Trace:
        ReturnAddress[00]:       00000052622dbd38 (nnSdk + 0x8ed38) (_ZN2nn2os19ReceiveMessageQueueEPmPNS0_16MessageQueueTypeE + 0x3c)
        ReturnAddress[01]:       0000005260e29098 (TurboS.nss + 0x625098)
        ReturnAddress[02]:       0000005260e29b40 (TurboS.nss + 0x625b40)
        ReturnAddress[03]:       0000005260e293cc (TurboS.nss + 0x6253cc)
        ReturnAddress[04]:       00000052622deb48 (nnSdk + 0x91b48)
        ReturnAddress[05]:       00000052622e2b24 (nnSdk + 0x95b24)
        ReturnAddress[06]:       0000000000000000
    Stack Dump:                               00 01 02 03 04 05 06 07 08 09 0a 0b 0c 0d 0e 0f
                                 0006ee881ec0 00 00 00 00 00 00 00 00 00 00 00 00 00 00 00 00
                                 0006ee881ed0 68 d2 c7 9d 3a 00 00 00 30 d2 c7 9d 3a 00 00 00
                                 0006ee881ee0 10 1f 88 ee 06 00 00 00 38 bd 2d 62 52 00 00 00
                                 0006ee881ef0 00 00 00 00 00 00 00 00 d4 71 c9 9d 3a 00 00 00
                                 0006ee881f00 30 d2 c7 9d 3a 00 00 00 00 d2 c7 9d 3a 00 00 00
                                 0006ee881f10 30 1f 88 ee 06 00 00 00 98 90 e2 60 52 00 00 00
                                 0006ee881f20 00 d2 c7 9d 3a 00 00 00 01 00 00 00 00 00 00 00
                                 0006ee881f30 50 1f 88 ee 06 00 00 00 40 9b e2 60 52 00 00 00
                                 0006ee881f40 00 00 00 00 00 00 00 00 00 d2 c7 9d 3a 00 00 00
                                 0006ee881f50 70 1f 88 ee 06 00 00 00 cc 93 e2 60 52 00 00 00
                                 0006ee881f60 d0 71 c9 9d 3a 00 00 00 20 70 c9 9d 3a 00 00 00
                                 0006ee881f70 a0 1f 88 ee 06 00 00 00 48 eb 2d 62 52 00 00 00
                                 0006ee881f80 00 00 00 00 00 00 00 00 00 00 00 00 00 00 00 00
                                 0006ee881f90 00 00 00 00 00 00 00 00 20 70 c9 9d 3a 00 00 00
                                 0006ee881fa0 d0 1f 88 ee 06 00 00 00 24 2b 2e 62 52 00 00 00
                                 0006ee881fb0 00 00 00 00 00 00 00 00 00 00 00 00 00 00 00 00
    TLS Address:                 0000002dff301c00
    TLS Dump:                                 00 01 02 03 04 05 06 07 08 09 0a 0b 0c 0d 0e 0f
                                 002dff301c00 00 00 00 00 00 00 00 00 00 00 00 00 00 00 00 00
                                 002dff301c10 00 00 00 00 00 00 00 00 00 00 00 00 00 00 00 00
                                 002dff301c20 00 00 00 00 00 00 00 00 00 00 00 00 00 00 00 00
                                 002dff301c30 00 00 00 00 00 00 00 00 00 00 00 00 00 00 00 00
                                 002dff301c40 00 00 00 00 00 00 00 00 00 00 00 00 00 00 00 00
                                 002dff301c50 00 00 00 00 00 00 00 00 00 00 00 00 00 00 00 00
                                 002dff301c60 00 00 00 00 00 00 00 00 00 00 00 00 00 00 00 00
                                 002dff301c70 00 00 00 00 00 00 00 00 00 00 00 00 00 00 00 00
                                 002dff301c80 00 00 00 00 00 00 00 00 00 00 00 00 00 00 00 00
                                 002dff301c90 00 00 00 00 00 00 00 00 00 00 00 00 00 00 00 00
                                 002dff301ca0 00 00 00 00 00 00 00 00 00 00 00 00 00 00 00 00
                                 002dff301cb0 00 00 00 00 00 00 00 00 00 00 00 00 00 00 00 00
                                 002dff301cc0 00 00 00 00 00 00 00 00 00 00 00 00 00 00 00 00
                                 002dff301cd0 00 00 00 00 00 00 00 00 00 00 00 00 00 00 00 00
                                 002dff301ce0 00 00 00 00 00 00 00 00 00 00 00 00 00 00 00 00
                                 002dff301cf0 00 00 00 00 00 00 00 00 00 00 00 00 00 00 00 00
Threads[38]:
    Thread ID:                   00000000000002d6
    Thread Name:                 MiiActorMgrDelegateThread
    Stack Region:                00000006d788f000-00000006d789f000
    Registers:
        X[00]:                   0000000002dc6c00
        X[01]:                   00000000000e1000
        X[02]:                   0000000000000000
        X[03]:                   0000005260be2204 (TurboS.nss + 0x3de204)
        X[04]:                   0000000000000000
        X[05]:                   0000000000000000
        X[06]:                   0000000000000000
        X[07]:                   0000000000000000
        X[08]:                   0000000000000000
        X[09]:                   0000000000000000
        X[10]:                   0000000000000000
        X[11]:                   0000000000000000
        X[12]:                   0000000000000000
        X[13]:                   0000000000000000
        X[14]:                   0000000000000000
        X[15]:                   0000000000000000
        X[16]:                   0000000000000000
        X[17]:                   0000000000000000
        X[18]:                   0000000000000000
        X[19]:                   0000000000000000
        X[20]:                   0000000000000000
        X[21]:                   0000000000000000
        X[22]:                   0000000000000000
        X[23]:                   0000000000000000
        X[24]:                   0000000000000000
        X[25]:                   0000000000000000
        X[26]:                   0000000000000000
        X[27]:                   0000000000000000
        X[28]:                   0000000000000000
        FP:                      00000006d789ef50
        LR:                      0000005260e29b34 (TurboS.nss + 0x625b34)
        SP:                      00000006d789ef40
        PC:                      00000052622fe49c (nnSdk + 0xb149c)
    Stack Trace:
        ReturnAddress[00]:       0000005260e293cc (TurboS.nss + 0x6253cc)
        ReturnAddress[01]:       00000052622deb48 (nnSdk + 0x91b48)
        ReturnAddress[02]:       00000052622e2b24 (nnSdk + 0x95b24)
        ReturnAddress[03]:       0000000000000000
    Stack Dump:                               00 01 02 03 04 05 06 07 08 09 0a 0b 0c 0d 0e 0f
                                 0006d789ef00 30 ef 89 d7 06 00 00 00 24 22 be 60 52 00 00 00
                                 0006d789ef10 d4 81 3a a9 3a 00 00 00 80 90 e2 60 52 00 00 00
                                 0006d789ef20 f8 72 39 a9 3a 00 00 00 c8 72 39 a9 3a 00 00 00
                                 0006d789ef30 50 ef 89 d7 06 00 00 00 34 9b e2 60 52 00 00 00
                                 0006d789ef40 00 00 00 00 00 00 00 00 c8 72 39 a9 3a 00 00 00
                                 0006d789ef50 70 ef 89 d7 06 00 00 00 cc 93 e2 60 52 00 00 00
                                 0006d789ef60 d0 81 3a a9 3a 00 00 00 20 80 3a a9 3a 00 00 00
                                 0006d789ef70 a0 ef 89 d7 06 00 00 00 48 eb 2d 62 52 00 00 00
                                 0006d789ef80 00 00 00 00 00 00 00 00 00 00 00 00 00 00 00 00
                                 0006d789ef90 00 00 00 00 00 00 00 00 20 80 3a a9 3a 00 00 00
                                 0006d789efa0 d0 ef 89 d7 06 00 00 00 24 2b 2e 62 52 00 00 00
                                 0006d789efb0 00 00 00 00 00 00 00 00 00 00 00 00 00 00 00 00
                                 0006d789efc0 00 00 00 00 00 00 00 00 d6 02 00 00 00 00 00 00
                                 0006d789efd0 00 00 00 00 00 00 00 00 00 00 00 00 00 00 00 00
                                 0006d789efe0 e8 ea 2d 62 52 00 00 00 00 00 00 00 00 00 00 00
                                 0006d789eff0 00 00 00 00 00 00 00 00 00 00 00 00 00 00 00 00
    TLS Address:                 0000002dff301e00
    TLS Dump:                                 00 01 02 03 04 05 06 07 08 09 0a 0b 0c 0d 0e 0f
                                 002dff301e00 00 00 00 00 00 00 00 00 00 00 00 00 00 00 00 00
                                 002dff301e10 00 00 00 00 00 00 00 00 00 00 00 00 00 00 00 00
                                 002dff301e20 00 00 00 00 00 00 00 00 00 00 00 00 00 00 00 00
                                 002dff301e30 00 00 00 00 00 00 00 00 00 00 00 00 00 00 00 00
                                 002dff301e40 00 00 00 00 00 00 00 00 00 00 00 00 00 00 00 00
                                 002dff301e50 00 00 00 00 00 00 00 00 00 00 00 00 00 00 00 00
                                 002dff301e60 00 00 00 00 00 00 00 00 00 00 00 00 00 00 00 00
                                 002dff301e70 00 00 00 00 00 00 00 00 00 00 00 00 00 00 00 00
                                 002dff301e80 00 00 00 00 00 00 00 00 00 00 00 00 00 00 00 00
                                 002dff301e90 00 00 00 00 00 00 00 00 00 00 00 00 00 00 00 00
                                 002dff301ea0 00 00 00 00 00 00 00 00 00 00 00 00 00 00 00 00
                                 002dff301eb0 00 00 00 00 00 00 00 00 00 00 00 00 00 00 00 00
                                 002dff301ec0 00 00 00 00 00 00 00 00 00 00 00 00 00 00 00 00
                                 002dff301ed0 00 00 00 00 00 00 00 00 00 00 00 00 00 00 00 00
                                 002dff301ee0 00 00 00 00 00 00 00 00 00 00 00 00 00 00 00 00
                                 002dff301ef0 00 00 00 00 00 00 00 00 00 00 00 00 00 00 00 00
Threads[39]:
    Thread ID:                   00000000000002d7
    Stack Region:                00000006c4995000-00000006c49d5000
    Registers:
        X[00]:                   0000003a4460b820
        X[01]:                   0000000000000000
        X[02]:                   0000000000000000
        X[03]:                   0000000000000000
        X[04]:                   0000000000000000
        X[05]:                   0000000000000000
        X[06]:                   0000000000000000
        X[07]:                   0000000000000000
        X[08]:                   0000000000000000
        X[09]:                   0000000000000000
        X[10]:                   0000000000000000
        X[11]:                   0000000000000000
        X[12]:                   0000000000000000
        X[13]:                   0000000000000000
        X[14]:                   0000000000000000
        X[15]:                   0000000000000000
        X[16]:                   0000000000000000
        X[17]:                   0000000000000000
        X[18]:                   2aeefbcc9d1269f3
        X[19]:                   0000000000000000
        X[20]:                   0000000000000000
        X[21]:                   0000000000000000
        X[22]:                   0000000000000000
        X[23]:                   0000000000000000
        X[24]:                   0000000000000000
        X[25]:                   0000000000000000
        X[26]:                   0000000000000000
        X[27]:                   0000000000000000
        X[28]:                   0000000000000000
        FP:                      0000000000000000
        LR:                      0000000000000000
        SP:                      00000006c49d4fe0
        PC:                      00000052622e2aac (nnSdk + 0x95aac)
    Stack Dump:                               00 01 02 03 04 05 06 07 08 09 0a 0b 0c 0d 0e 0f
                                 0006c49d4f00 00 00 00 00 00 00 00 00 00 00 00 00 00 00 00 00
                                 0006c49d4f10 00 00 00 00 00 00 00 00 00 00 00 00 00 00 00 00
                                 0006c49d4f20 00 00 00 00 00 00 00 00 00 00 00 00 00 00 00 00
                                 0006c49d4f30 00 00 00 00 00 00 00 00 00 00 00 00 00 00 00 00
                                 0006c49d4f40 00 00 00 00 00 00 00 00 00 00 00 00 00 00 00 00
                                 0006c49d4f50 00 00 00 00 00 00 00 00 00 00 00 00 00 00 00 00
                                 0006c49d4f60 00 00 00 00 00 00 00 00 00 00 00 00 00 00 00 00
                                 0006c49d4f70 00 00 00 00 00 00 00 00 00 00 00 00 00 00 00 00
                                 0006c49d4f80 00 00 00 00 00 00 00 00 00 00 00 00 00 00 00 00
                                 0006c49d4f90 00 00 00 00 00 00 00 00 00 00 00 00 00 00 00 00
                                 0006c49d4fa0 00 00 00 00 00 00 00 00 00 00 00 00 00 00 00 00
                                 0006c49d4fb0 00 00 00 00 00 00 00 00 00 00 00 00 00 00 00 00
                                 0006c49d4fc0 00 00 00 00 00 00 00 00 00 00 00 00 00 00 00 00
                                 0006c49d4fd0 00 00 00 00 00 00 00 00 00 00 00 00 00 00 00 00
                                 0006c49d4fe0 e8 ea 2d 62 52 00 00 00 00 00 00 00 00 00 00 00
                                 0006c49d4ff0 00 00 00 00 00 00 00 00 00 00 00 00 00 00 00 00
Threads[40]:
    Thread ID:                   00000000000002d8
    Stack Region:                0000000707e97000-0000000707ed7000
    Registers:
        X[00]:                   0000003a4460b9f0
        X[01]:                   0000000000000000
        X[02]:                   0000000000000000
        X[03]:                   0000000000000000
        X[04]:                   0000000000000000
        X[05]:                   0000000000000000
        X[06]:                   0000000000000000
        X[07]:                   0000000000000000
        X[08]:                   0000000000000000
        X[09]:                   0000000000000000
        X[10]:                   0000000000000000
        X[11]:                   0000000000000000
        X[12]:                   0000000000000000
        X[13]:                   0000000000000000
        X[14]:                   0000000000000000
        X[15]:                   0000000000000000
        X[16]:                   0000000000000000
        X[17]:                   0000000000000000
        X[18]:                   829b36ad72973065
        X[19]:                   0000000000000000
        X[20]:                   0000000000000000
        X[21]:                   0000000000000000
        X[22]:                   0000000000000000
        X[23]:                   0000000000000000
        X[24]:                   0000000000000000
        X[25]:                   0000000000000000
        X[26]:                   0000000000000000
        X[27]:                   0000000000000000
        X[28]:                   0000000000000000
        FP:                      0000000000000000
        LR:                      0000000000000000
        SP:                      0000000707ed6fe0
        PC:                      00000052622e2aac (nnSdk + 0x95aac)
    Stack Dump:                               00 01 02 03 04 05 06 07 08 09 0a 0b 0c 0d 0e 0f
                                 000707ed6f00 00 00 00 00 00 00 00 00 00 00 00 00 00 00 00 00
                                 000707ed6f10 00 00 00 00 00 00 00 00 00 00 00 00 00 00 00 00
                                 000707ed6f20 00 00 00 00 00 00 00 00 00 00 00 00 00 00 00 00
                                 000707ed6f30 00 00 00 00 00 00 00 00 00 00 00 00 00 00 00 00
                                 000707ed6f40 00 00 00 00 00 00 00 00 00 00 00 00 00 00 00 00
                                 000707ed6f50 00 00 00 00 00 00 00 00 00 00 00 00 00 00 00 00
                                 000707ed6f60 00 00 00 00 00 00 00 00 00 00 00 00 00 00 00 00
                                 000707ed6f70 00 00 00 00 00 00 00 00 00 00 00 00 00 00 00 00
                                 000707ed6f80 00 00 00 00 00 00 00 00 00 00 00 00 00 00 00 00
                                 000707ed6f90 00 00 00 00 00 00 00 00 00 00 00 00 00 00 00 00
                                 000707ed6fa0 00 00 00 00 00 00 00 00 00 00 00 00 00 00 00 00
                                 000707ed6fb0 00 00 00 00 00 00 00 00 00 00 00 00 00 00 00 00
                                 000707ed6fc0 00 00 00 00 00 00 00 00 00 00 00 00 00 00 00 00
                                 000707ed6fd0 00 00 00 00 00 00 00 00 00 00 00 00 00 00 00 00
                                 000707ed6fe0 e8 ea 2d 62 52 00 00 00 00 00 00 00 00 00 00 00
                                 000707ed6ff0 00 00 00 00 00 00 00 00 00 00 00 00 00 00 00 00
Threads[41]:
    Thread ID:                   00000000000002d9
    Thread Name:                 NuCachedSource2
    Stack Region:                000000071014f000-000000071016f000
    Registers:
        X[00]:                   0000003a44669028
        X[01]:                   0000003a44669034
        X[02]:                   00000000003381b1
        X[03]:                   000000003b9a8e63
        X[04]:                   0000000000000000
        X[05]:                   0000000000000000
        X[06]:                   0000000000000000
        X[07]:                   0000000000000000
        X[08]:                   0000000000000000
        X[09]:                   0000000000000000
        X[10]:                   0000000000000000
        X[11]:                   0000000000000000
        X[12]:                   0000000000000000
        X[13]:                   0000000000000000
        X[14]:                   0000000000000000
        X[15]:                   0000000000000000
        X[16]:                   0000000000000000
        X[17]:                   0000000000000000
        X[18]:                   0000000000000000
        X[19]:                   0000000000000000
        X[20]:                   0000000000000000
        X[21]:                   0000000000000000
        X[22]:                   0000000000000000
        X[23]:                   0000000000000000
        X[24]:                   0000000000000000
        X[25]:                   0000000000000000
        X[26]:                   0000000000000000
        X[27]:                   0000000000000000
        X[28]:                   0000000000000000
        FP:                      000000071016eeb0
        LR:                      00000052622e3a64 (nnSdk + 0x96a64) (_ZN2nn2os6detail38InternalConditionVariableImplByHorizon9TimedWaitEPNS1_23InternalCriticalSectionERKNS1_13TimeoutHelperE + 0x44)
        SP:                      000000071016ee90
        PC:                      00000052622fe56c (nnSdk + 0xb156c)
    Stack Trace:
        ReturnAddress[00]:       00000052622da120 (nnSdk + 0x8d120) (_ZN2nn2os26TimedWaitConditionVariableEPNS0_21ConditionVariableTypeEPNS0_9MutexTypeENS_8TimeSpanE + 0x84)
        ReturnAddress[01]:       0000005261d43fb4 (multimedia + 0x1dcfb4) (_ZN7android7ALooper4loopEv + 0x8c)
        ReturnAddress[02]:       0000005261e033c4 (multimedia + 0x29c3c4) (_ZN7android8SfThread11_threadLoopEPv + 0x15c)
        ReturnAddress[03]:       00000052622deb48 (nnSdk + 0x91b48)
        ReturnAddress[04]:       00000052622e2b24 (nnSdk + 0x95b24)
        ReturnAddress[05]:       0000000000000000
    Stack Dump:                               00 01 02 03 04 05 06 07 08 09 0a 0b 0c 0d 0e 0f
                                 00071016ee90 6f 8f df 55 00 00 00 00 c0 f5 b8 3f 3a 00 00 00
                                 00071016eea0 30 90 66 44 3a 00 00 00 10 90 66 44 3a 00 00 00
                                 00071016eeb0 e0 ee 16 10 07 00 00 00 20 a1 2d 62 52 00 00 00
                                 00071016eec0 53 3c 88 04 00 00 00 00 50 86 04 57 00 00 00 00
                                 00071016eed0 00 90 66 44 3a 00 00 00 10 90 66 44 3a 00 00 00
                                 00071016eee0 20 ef 16 10 07 00 00 00 b4 3f d4 61 52 00 00 00
                                 00071016eef0 00 00 00 00 00 00 00 00 00 00 00 00 00 00 00 00
                                 00071016ef00 40 12 a7 3f 3a 00 00 00 58 12 a7 3f 3a 00 00 00
                                 00071016ef10 38 ef 16 10 07 00 00 00 40 12 a7 3f 3a 00 00 00
                                 00071016ef20 70 ef 16 10 07 00 00 00 c4 33 e0 61 52 00 00 00
                                 00071016ef30 40 12 a7 3f 3a 00 00 00 40 12 a7 3f 3a 00 00 00
                                 00071016ef40 e0 c9 b4 3f 3a 00 00 00 40 12 a7 3f 3a 00 00 00
                                 00071016ef50 00 00 00 00 00 00 00 00 44 14 a7 3f 3a 00 00 00
                                 00071016ef60 40 14 a7 3f 3a 00 00 00 90 12 a7 3f 3a 00 00 00
                                 00071016ef70 a0 ef 16 10 07 00 00 00 48 eb 2d 62 52 00 00 00
                                 00071016ef80 00 00 00 00 00 00 00 00 00 00 00 00 00 00 00 00
    TLS Address:                 000000258ef53400
    TLS Dump:                                 00 01 02 03 04 05 06 07 08 09 0a 0b 0c 0d 0e 0f
                                 00258ef53400 00 00 00 00 0c 00 00 00 00 00 00 00 00 00 00 00
                                 00258ef53410 00 00 00 00 00 00 00 00 00 00 00 00 00 00 00 00
                                 00258ef53420 53 46 43 4f 00 00 00 00 00 00 00 00 eb ca d2 c4
                                 00258ef53430 00 00 00 00 00 00 00 00 00 00 00 00 00 00 00 00
                                 00258ef53440 6c 97 3a a7 02 00 00 00 f2 36 00 00 00 00 00 00
                                 00258ef53450 00 00 00 00 00 00 00 00 00 00 00 00 00 00 00 00
                                 00258ef53460 00 00 00 00 00 00 00 00 00 00 00 00 00 00 00 00
                                 00258ef53470 00 00 00 00 00 00 00 00 00 00 00 00 00 00 00 00
                                 00258ef53480 00 00 00 00 00 00 00 00 00 00 00 00 00 00 00 00
                                 00258ef53490 00 00 00 00 00 00 00 00 00 00 00 00 00 00 00 00
                                 00258ef534a0 00 00 00 00 00 00 00 00 00 00 00 00 00 00 00 00
                                 00258ef534b0 00 00 00 00 00 00 00 00 00 00 00 00 00 00 00 00
                                 00258ef534c0 00 00 00 00 00 00 00 00 00 00 00 00 00 00 00 00
                                 00258ef534d0 00 00 00 00 00 00 00 00 00 00 00 00 00 00 00 00
                                 00258ef534e0 00 00 00 00 00 00 00 00 00 00 00 00 00 00 00 00
                                 00258ef534f0 00 00 00 00 00 00 00 00 00 00 00 00 00 00 00 00
Threads[42]:
    Thread ID:                   00000000000002da
    Thread Name:                 MovieVideoDecoderCallback
    Stack Region:                00000006f375d000-00000006f377d000
    Registers:
        X[00]:                   0000003a44669098
        X[01]:                   0000003a446690a4
        X[02]:                   00000000003401b0
        X[03]:                   ffffffffffffffff
        X[04]:                   0000000000000000
        X[05]:                   0000000000000000
        X[06]:                   0000000000000000
        X[07]:                   0000000000000000
        X[08]:                   0000000000000000
        X[09]:                   0000000000000000
        X[10]:                   0000000000000000
        X[11]:                   0000000000000000
        X[12]:                   0000000000000000
        X[13]:                   0000000000000000
        X[14]:                   0000000000000000
        X[15]:                   0000000000000000
        X[16]:                   0000000000000000
        X[17]:                   0000000000000000
        X[18]:                   0000000000000000
        X[19]:                   0000000000000000
        X[20]:                   0000000000000000
        X[21]:                   0000000000000000
        X[22]:                   0000000000000000
        X[23]:                   0000000000000000
        X[24]:                   0000000000000000
        X[25]:                   0000000000000000
        X[26]:                   0000000000000000
        X[27]:                   0000000000000000
        X[28]:                   0000000000000000
        FP:                      00000006f377cec0
        LR:                      00000052622e39e8 (nnSdk + 0x969e8) (_ZN2nn2os6detail38InternalConditionVariableImplByHorizon4WaitEPNS1_23InternalCriticalSectionE + 0x30)
        SP:                      00000006f377cea0
        PC:                      00000052622fe56c (nnSdk + 0xb156c)
    Stack Trace:
        ReturnAddress[00]:       00000052622da060 (nnSdk + 0x8d060) (_ZN2nn2os21WaitConditionVariableEPNS0_21ConditionVariableTypeEPNS0_9MutexTypeE + 0x44)
        ReturnAddress[01]:       0000005261d43fc4 (multimedia + 0x1dcfc4) (_ZN7android7ALooper4loopEv + 0x9c)
        ReturnAddress[02]:       0000005261e033c4 (multimedia + 0x29c3c4) (_ZN7android8SfThread11_threadLoopEPv + 0x15c)
        ReturnAddress[03]:       00000052622deb48 (nnSdk + 0x91b48)
        ReturnAddress[04]:       00000052622e2b24 (nnSdk + 0x95b24)
        ReturnAddress[05]:       0000000000000000
    Stack Dump:                               00 01 02 03 04 05 06 07 08 09 0a 0b 0c 0d 0e 0f
                                 0006f377cea0 d0 14 a7 3f 3a 00 00 00 80 90 66 44 3a 00 00 00
                                 0006f377ceb0 70 90 66 44 3a 00 00 00 80 90 66 44 3a 00 00 00
                                 0006f377cec0 e0 ce 77 f3 06 00 00 00 60 a0 2d 62 52 00 00 00
                                 0006f377ced0 80 90 66 44 3a 00 00 00 80 90 66 44 3a 00 00 00
                                 0006f377cee0 20 cf 77 f3 06 00 00 00 c4 3f d4 61 52 00 00 00
                                 0006f377cef0 20 cf 77 f3 06 00 00 00 00 00 00 00 00 00 00 00
                                 0006f377cf00 00 00 00 00 00 00 00 00 98 14 a7 3f 3a 00 00 00
                                 0006f377cf10 38 cf 77 f3 06 00 00 00 80 14 a7 3f 3a 00 00 00
                                 0006f377cf20 70 cf 77 f3 06 00 00 00 c4 33 e0 61 52 00 00 00
                                 0006f377cf30 00 00 00 00 00 00 00 00 80 14 a7 3f 3a 00 00 00
                                 0006f377cf40 e0 ca b4 3f 3a 00 00 00 80 14 a7 3f 3a 00 00 00
                                 0006f377cf50 00 00 00 00 00 00 00 00 84 16 a7 3f 3a 00 00 00
                                 0006f377cf60 80 16 a7 3f 3a 00 00 00 d0 14 a7 3f 3a 00 00 00
                                 0006f377cf70 a0 cf 77 f3 06 00 00 00 48 eb 2d 62 52 00 00 00
                                 0006f377cf80 00 00 00 00 00 00 00 00 00 00 00 00 00 00 00 00
                                 0006f377cf90 00 00 00 00 00 00 00 00 d0 14 a7 3f 3a 00 00 00
    TLS Address:                 000000258ef53600
    TLS Dump:                                 00 01 02 03 04 05 06 07 08 09 0a 0b 0c 0d 0e 0f
                                 00258ef53600 00 00 00 00 00 00 00 00 00 00 00 00 00 00 00 00
                                 00258ef53610 00 00 00 00 00 00 00 00 00 00 00 00 00 00 00 00
                                 00258ef53620 00 00 00 00 00 00 00 00 00 00 00 00 00 00 00 00
                                 00258ef53630 00 00 00 00 00 00 00 00 00 00 00 00 00 00 00 00
                                 00258ef53640 00 00 00 00 00 00 00 00 00 00 00 00 00 00 00 00
                                 00258ef53650 00 00 00 00 00 00 00 00 00 00 00 00 00 00 00 00
                                 00258ef53660 00 00 00 00 00 00 00 00 00 00 00 00 00 00 00 00
                                 00258ef53670 00 00 00 00 00 00 00 00 00 00 00 00 00 00 00 00
                                 00258ef53680 00 00 00 00 00 00 00 00 00 00 00 00 00 00 00 00
                                 00258ef53690 00 00 00 00 00 00 00 00 00 00 00 00 00 00 00 00
                                 00258ef536a0 00 00 00 00 00 00 00 00 00 00 00 00 00 00 00 00
                                 00258ef536b0 00 00 00 00 00 00 00 00 00 00 00 00 00 00 00 00
                                 00258ef536c0 00 00 00 00 00 00 00 00 00 00 00 00 00 00 00 00
                                 00258ef536d0 00 00 00 00 00 00 00 00 00 00 00 00 00 00 00 00
                                 00258ef536e0 00 00 00 00 00 00 00 00 00 00 00 00 00 00 00 00
                                 00258ef536f0 00 00 00 00 00 00 00 00 00 00 00 00 00 00 00 00
Threads[43]:
    Thread ID:                   00000000000002db
    Thread Name:                 MovieVideoDecoderLooper
    Stack Region:                00000006e9fe7000-00000006ea007000
    Registers:
        X[00]:                   0000003a44669108
        X[01]:                   0000003a44669114
        X[02]:                   00000000003481af
        X[03]:                   ffffffffffffffff
        X[04]:                   0000000000000000
        X[05]:                   0000000000000000
        X[06]:                   0000000000000000
        X[07]:                   0000000000000000
        X[08]:                   0000000000000000
        X[09]:                   0000000000000000
        X[10]:                   0000000000000000
        X[11]:                   0000000000000000
        X[12]:                   0000000000000000
        X[13]:                   0000000000000000
        X[14]:                   0000000000000000
        X[15]:                   0000000000000000
        X[16]:                   0000000000000000
        X[17]:                   0000000000000000
        X[18]:                   0000000000000000
        X[19]:                   0000000000000000
        X[20]:                   0000000000000000
        X[21]:                   0000000000000000
        X[22]:                   0000000000000000
        X[23]:                   0000000000000000
        X[24]:                   0000000000000000
        X[25]:                   0000000000000000
        X[26]:                   0000000000000000
        X[27]:                   0000000000000000
        X[28]:                   0000000000000000
        FP:                      00000006ea006ec0
        LR:                      00000052622e39e8 (nnSdk + 0x969e8) (_ZN2nn2os6detail38InternalConditionVariableImplByHorizon4WaitEPNS1_23InternalCriticalSectionE + 0x30)
        SP:                      00000006ea006ea0
        PC:                      00000052622fe56c (nnSdk + 0xb156c)
    Stack Trace:
        ReturnAddress[00]:       00000052622da060 (nnSdk + 0x8d060) (_ZN2nn2os21WaitConditionVariableEPNS0_21ConditionVariableTypeEPNS0_9MutexTypeE + 0x44)
        ReturnAddress[01]:       0000005261d43fc4 (multimedia + 0x1dcfc4) (_ZN7android7ALooper4loopEv + 0x9c)
        ReturnAddress[02]:       0000005261e033c4 (multimedia + 0x29c3c4) (_ZN7android8SfThread11_threadLoopEPv + 0x15c)
        ReturnAddress[03]:       00000052622deb48 (nnSdk + 0x91b48)
        ReturnAddress[04]:       00000052622e2b24 (nnSdk + 0x95b24)
        ReturnAddress[05]:       0000000000000000
    Stack Dump:                               00 01 02 03 04 05 06 07 08 09 0a 0b 0c 0d 0e 0f
                                 0006ea006ea0 10 17 a7 3f 3a 00 00 00 f0 90 66 44 3a 00 00 00
                                 0006ea006eb0 e0 90 66 44 3a 00 00 00 f0 90 66 44 3a 00 00 00
                                 0006ea006ec0 e0 6e 00 ea 06 00 00 00 60 a0 2d 62 52 00 00 00
                                 0006ea006ed0 f0 90 66 44 3a 00 00 00 f0 90 66 44 3a 00 00 00
                                 0006ea006ee0 20 6f 00 ea 06 00 00 00 c4 3f d4 61 52 00 00 00
                                 0006ea006ef0 00 00 00 00 00 00 00 00 00 00 00 00 00 00 00 00
                                 0006ea006f00 c0 16 a7 3f 3a 00 00 00 d8 16 a7 3f 3a 00 00 00
                                 0006ea006f10 38 6f 00 ea 06 00 00 00 c0 16 a7 3f 3a 00 00 00
                                 0006ea006f20 70 6f 00 ea 06 00 00 00 c4 33 e0 61 52 00 00 00
                                 0006ea006f30 c0 16 a7 3f 3a 00 00 00 c0 16 a7 3f 3a 00 00 00
                                 0006ea006f40 20 cb b4 3f 3a 00 00 00 c0 16 a7 3f 3a 00 00 00
                                 0006ea006f50 00 00 00 00 00 00 00 00 c4 18 a7 3f 3a 00 00 00
                                 0006ea006f60 c0 18 a7 3f 3a 00 00 00 10 17 a7 3f 3a 00 00 00
                                 0006ea006f70 a0 6f 00 ea 06 00 00 00 48 eb 2d 62 52 00 00 00
                                 0006ea006f80 00 00 00 00 00 00 00 00 00 00 00 00 00 00 00 00
                                 0006ea006f90 00 00 00 00 00 00 00 00 10 17 a7 3f 3a 00 00 00
    TLS Address:                 000000258ef53800
    TLS Dump:                                 00 01 02 03 04 05 06 07 08 09 0a 0b 0c 0d 0e 0f
                                 00258ef53800 00 00 00 00 00 00 00 00 00 00 00 00 00 00 00 00
                                 00258ef53810 00 00 00 00 00 00 00 00 00 00 00 00 00 00 00 00
                                 00258ef53820 00 00 00 00 00 00 00 00 00 00 00 00 00 00 00 00
                                 00258ef53830 00 00 00 00 00 00 00 00 00 00 00 00 00 00 00 00
                                 00258ef53840 00 00 00 00 00 00 00 00 00 00 00 00 00 00 00 00
                                 00258ef53850 00 00 00 00 00 00 00 00 00 00 00 00 00 00 00 00
                                 00258ef53860 00 00 00 00 00 00 00 00 00 00 00 00 00 00 00 00
                                 00258ef53870 00 00 00 00 00 00 00 00 00 00 00 00 00 00 00 00
                                 00258ef53880 00 00 00 00 00 00 00 00 00 00 00 00 00 00 00 00
                                 00258ef53890 00 00 00 00 00 00 00 00 00 00 00 00 00 00 00 00
                                 00258ef538a0 00 00 00 00 00 00 00 00 00 00 00 00 00 00 00 00
                                 00258ef538b0 00 00 00 00 00 00 00 00 00 00 00 00 00 00 00 00
                                 00258ef538c0 00 00 00 00 00 00 00 00 00 00 00 00 00 00 00 00
                                 00258ef538d0 00 00 00 00 00 00 00 00 00 00 00 00 00 00 00 00
                                 00258ef538e0 00 00 00 00 00 00 00 00 00 00 00 00 00 00 00 00
                                 00258ef538f0 00 00 00 00 00 00 00 00 00 00 00 00 00 00 00 00
Threads[44]:
    Thread ID:                   00000000000002dc
    Thread Name:                 CodecLooper
    Stack Region:                000000070f191000-000000070f1b1000
    Registers:
        X[00]:                   0000003a44669178
        X[01]:                   0000003a44669184
        X[02]:                   00000000003501ae
        X[03]:                   ffffffffffffffff
        X[04]:                   0000000000000000
        X[05]:                   0000000000000000
        X[06]:                   0000000000000000
        X[07]:                   0000000000000000
        X[08]:                   0000000000000000
        X[09]:                   0000000000000000
        X[10]:                   0000000000000000
        X[11]:                   0000000000000000
        X[12]:                   0000000000000000
        X[13]:                   0000000000000000
        X[14]:                   0000000000000000
        X[15]:                   0000000000000000
        X[16]:                   0000000000000000
        X[17]:                   0000000000000000
        X[18]:                   0000000000000000
        X[19]:                   0000000000000000
        X[20]:                   0000000000000000
        X[21]:                   0000000000000000
        X[22]:                   0000000000000000
        X[23]:                   0000000000000000
        X[24]:                   0000000000000000
        X[25]:                   0000000000000000
        X[26]:                   0000000000000000
        X[27]:                   0000000000000000
        X[28]:                   0000000000000000
        FP:                      000000070f1b0ec0
        LR:                      00000052622e39e8 (nnSdk + 0x969e8) (_ZN2nn2os6detail38InternalConditionVariableImplByHorizon4WaitEPNS1_23InternalCriticalSectionE + 0x30)
        SP:                      000000070f1b0ea0
        PC:                      00000052622fe56c (nnSdk + 0xb156c)
    Stack Trace:
        ReturnAddress[00]:       00000052622da060 (nnSdk + 0x8d060) (_ZN2nn2os21WaitConditionVariableEPNS0_21ConditionVariableTypeEPNS0_9MutexTypeE + 0x44)
        ReturnAddress[01]:       0000005261d43fc4 (multimedia + 0x1dcfc4) (_ZN7android7ALooper4loopEv + 0x9c)
        ReturnAddress[02]:       0000005261e033c4 (multimedia + 0x29c3c4) (_ZN7android8SfThread11_threadLoopEPv + 0x15c)
        ReturnAddress[03]:       00000052622deb48 (nnSdk + 0x91b48)
        ReturnAddress[04]:       00000052622e2b24 (nnSdk + 0x95b24)
        ReturnAddress[05]:       0000000000000000
    Stack Dump:                               00 01 02 03 04 05 06 07 08 09 0a 0b 0c 0d 0e 0f
                                 00070f1b0ea0 50 19 a7 3f 3a 00 00 00 60 91 66 44 3a 00 00 00
                                 00070f1b0eb0 50 91 66 44 3a 00 00 00 60 91 66 44 3a 00 00 00
                                 00070f1b0ec0 e0 0e 1b 0f 07 00 00 00 60 a0 2d 62 52 00 00 00
                                 00070f1b0ed0 60 91 66 44 3a 00 00 00 60 91 66 44 3a 00 00 00
                                 00070f1b0ee0 20 0f 1b 0f 07 00 00 00 c4 3f d4 61 52 00 00 00
                                 00070f1b0ef0 00 00 00 00 00 00 00 00 00 00 00 00 00 00 00 00
                                 00070f1b0f00 00 19 a7 3f 3a 00 00 00 18 19 a7 3f 3a 00 00 00
                                 00070f1b0f10 38 0f 1b 0f 07 00 00 00 00 19 a7 3f 3a 00 00 00
                                 00070f1b0f20 70 0f 1b 0f 07 00 00 00 c4 33 e0 61 52 00 00 00
                                 00070f1b0f30 00 19 a7 3f 3a 00 00 00 00 19 a7 3f 3a 00 00 00
                                 00070f1b0f40 c0 cc b4 3f 3a 00 00 00 00 19 a7 3f 3a 00 00 00
                                 00070f1b0f50 00 00 00 00 00 00 00 00 04 1b a7 3f 3a 00 00 00
                                 00070f1b0f60 00 1b a7 3f 3a 00 00 00 50 19 a7 3f 3a 00 00 00
                                 00070f1b0f70 a0 0f 1b 0f 07 00 00 00 48 eb 2d 62 52 00 00 00
                                 00070f1b0f80 00 00 00 00 00 00 00 00 00 00 00 00 00 00 00 00
                                 00070f1b0f90 00 00 00 00 00 00 00 00 50 19 a7 3f 3a 00 00 00
    TLS Address:                 000000258ef53a00
    TLS Dump:                                 00 01 02 03 04 05 06 07 08 09 0a 0b 0c 0d 0e 0f
                                 00258ef53a00 00 00 00 00 00 00 00 00 00 00 00 00 00 00 00 00
                                 00258ef53a10 00 00 00 00 00 00 00 00 00 00 00 00 00 00 00 00
                                 00258ef53a20 00 00 00 00 00 00 00 00 00 00 00 00 00 00 00 00
                                 00258ef53a30 00 00 00 00 00 00 00 00 00 00 00 00 00 00 00 00
                                 00258ef53a40 00 00 00 00 00 00 00 00 00 00 00 00 00 00 00 00
                                 00258ef53a50 00 00 00 00 00 00 00 00 00 00 00 00 00 00 00 00
                                 00258ef53a60 00 00 00 00 00 00 00 00 00 00 00 00 00 00 00 00
                                 00258ef53a70 00 00 00 00 00 00 00 00 00 00 00 00 00 00 00 00
                                 00258ef53a80 00 00 00 00 00 00 00 00 00 00 00 00 00 00 00 00
                                 00258ef53a90 00 00 00 00 00 00 00 00 00 00 00 00 00 00 00 00
                                 00258ef53aa0 00 00 00 00 00 00 00 00 00 00 00 00 00 00 00 00
                                 00258ef53ab0 00 00 00 00 00 00 00 00 00 00 00 00 00 00 00 00
                                 00258ef53ac0 00 00 00 00 00 00 00 00 00 00 00 00 00 00 00 00
                                 00258ef53ad0 00 00 00 00 00 00 00 00 00 00 00 00 00 00 00 00
                                 00258ef53ae0 00 00 00 00 00 00 00 00 00 00 00 00 00 00 00 00
                                 00258ef53af0 00 00 00 00 00 00 00 00 00 00 00 00 00 00 00 00
Threads[45]:
    Thread ID:                   00000000000002dd
    Thread Name:                 NvMMNvxRunWorkerThread
    Stack Region:                00000006b9a20000-00000006b9a40000
    Registers:
        X[00]:                   0000003a3fa1429c
        X[01]:                   0000003a3fa142a0
        X[02]:                   00000000003581ad
        X[03]:                   000f423ffff0bb1a
        X[04]:                   0000000000000000
        X[05]:                   0000000000000000
        X[06]:                   0000000000000000
        X[07]:                   0000000000000000
        X[08]:                   0000000000000000
        X[09]:                   0000000000000000
        X[10]:                   0000000000000000
        X[11]:                   0000000000000000
        X[12]:                   0000000000000000
        X[13]:                   0000000000000000
        X[14]:                   0000000000000000
        X[15]:                   0000000000000000
        X[16]:                   0000000000000000
        X[17]:                   0000000000000000
        X[18]:                   0000000000000000
        X[19]:                   0000000000000000
        X[20]:                   0000000000000000
        X[21]:                   0000000000000000
        X[22]:                   0000000000000000
        X[23]:                   0000000000000000
        X[24]:                   0000000000000000
        X[25]:                   0000000000000000
        X[26]:                   0000000000000000
        X[27]:                   0000000000000000
        X[28]:                   0000000000000000
        FP:                      00000006b9a3fef0
        LR:                      00000052622e3a64 (nnSdk + 0x96a64) (_ZN2nn2os6detail38InternalConditionVariableImplByHorizon9TimedWaitEPNS1_23InternalCriticalSectionERKNS1_13TimeoutHelperE + 0x44)
        SP:                      00000006b9a3fed0
        PC:                      00000052622fe56c (nnSdk + 0xb156c)
    Stack Trace:
        ReturnAddress[00]:       00000052622dcfb8 (nnSdk + 0x8ffb8) (_ZN2nn2os21TimedAcquireSemaphoreEPNS0_13SemaphoreTypeENS_8TimeSpanE + 0xa4)
        ReturnAddress[01]:       00000052624b07e0 (nnSdk + 0x2637e0) (NvOsSemaphoreWaitTimeout + 0x18)
        ReturnAddress[02]:       0000005261b8b1b0 (multimedia + 0x241b0)
        ReturnAddress[03]:       00000052622deb48 (nnSdk + 0x91b48)
        ReturnAddress[04]:       00000052622e2b24 (nnSdk + 0x95b24)
        ReturnAddress[05]:       0000000000000000
    Stack Dump:                               00 01 02 03 04 05 06 07 08 09 0a 0b 0c 0d 0e 0f
                                 0006b9a3fed0 a0 42 a1 3f 3a 00 00 00 c0 bd f0 ff 3f 42 0f 00
                                 0006b9a3fee0 9c 42 a1 3f 3a 00 00 00 80 42 a1 3f 3a 00 00 00
                                 0006b9a3fef0 20 ff a3 b9 06 00 00 00 b8 cf 2d 62 52 00 00 00
                                 0006b9a3ff00 01 10 00 80 00 00 00 00 a9 74 c0 34 00 4b 00 00
                                 0006b9a3ff10 ff ff ff ff 00 00 00 00 08 70 7b 44 3a 00 00 00
                                 0006b9a3ff20 30 ff a3 b9 06 00 00 00 e0 07 4b 62 52 00 00 00
                                 0006b9a3ff30 70 ff a3 b9 06 00 00 00 b0 b1 b8 61 52 00 00 00
                                 0006b9a3ff40 00 00 00 00 00 00 00 00 ff ff ff ff 00 00 00 00
                                 0006b9a3ff50 00 00 00 00 00 00 00 00 b4 d1 b5 3f 3a 00 00 00
                                 0006b9a3ff60 b0 d1 b5 3f 3a 00 00 00 00 d0 b5 3f 3a 00 00 00
                                 0006b9a3ff70 a0 ff a3 b9 06 00 00 00 48 eb 2d 62 52 00 00 00
                                 0006b9a3ff80 00 00 00 00 00 00 00 00 00 00 00 00 00 00 00 00
                                 0006b9a3ff90 00 00 00 00 00 00 00 00 00 d0 b5 3f 3a 00 00 00
                                 0006b9a3ffa0 d0 ff a3 b9 06 00 00 00 24 2b 2e 62 52 00 00 00
                                 0006b9a3ffb0 00 00 00 00 00 00 00 00 00 00 00 00 00 00 00 00
                                 0006b9a3ffc0 00 00 00 00 00 00 00 00 dd 02 00 00 00 00 00 00
    TLS Address:                 000000258ef53c00
    TLS Dump:                                 00 01 02 03 04 05 06 07 08 09 0a 0b 0c 0d 0e 0f
                                 00258ef53c00 00 00 00 00 00 00 00 00 00 00 00 00 00 00 00 00
                                 00258ef53c10 00 00 00 00 00 00 00 00 00 00 00 00 00 00 00 00
                                 00258ef53c20 00 00 00 00 00 00 00 00 00 00 00 00 00 00 00 00
                                 00258ef53c30 00 00 00 00 00 00 00 00 00 00 00 00 00 00 00 00
                                 00258ef53c40 00 00 00 00 00 00 00 00 00 00 00 00 00 00 00 00
                                 00258ef53c50 00 00 00 00 00 00 00 00 00 00 00 00 00 00 00 00
                                 00258ef53c60 00 00 00 00 00 00 00 00 00 00 00 00 00 00 00 00
                                 00258ef53c70 00 00 00 00 00 00 00 00 00 00 00 00 00 00 00 00
                                 00258ef53c80 00 00 00 00 00 00 00 00 00 00 00 00 00 00 00 00
                                 00258ef53c90 00 00 00 00 00 00 00 00 00 00 00 00 00 00 00 00
                                 00258ef53ca0 00 00 00 00 00 00 00 00 00 00 00 00 00 00 00 00
                                 00258ef53cb0 00 00 00 00 00 00 00 00 00 00 00 00 00 00 00 00
                                 00258ef53cc0 00 00 00 00 00 00 00 00 00 00 00 00 00 00 00 00
                                 00258ef53cd0 00 00 00 00 00 00 00 00 00 00 00 00 00 00 00 00
                                 00258ef53ce0 00 00 00 00 00 00 00 00 00 00 00 00 00 00 00 00
                                 00258ef53cf0 00 00 00 00 00 00 00 00 00 00 00 00 00 00 00 00
Threads[46]:
    Thread ID:                   00000000000002de
    Thread Name:                 OMXCallbackDisp
    Stack Region:                00000006fa1a1000-00000006fa1c1000
    Registers:
        X[00]:                   0000003a3fa17308
        X[01]:                   0000003a3fa17320
        X[02]:                   00000000003601ac
        X[03]:                   ffffffffffffffff
        X[04]:                   0000000000000000
        X[05]:                   0000000000000000
        X[06]:                   0000000000000000
        X[07]:                   0000000000000000
        X[08]:                   0000000000000000
        X[09]:                   0000000000000000
        X[10]:                   0000000000000000
        X[11]:                   0000000000000000
        X[12]:                   0000000000000000
        X[13]:                   0000000000000000
        X[14]:                   0000000000000000
        X[15]:                   0000000000000000
        X[16]:                   0000000000000000
        X[17]:                   0000000000000000
        X[18]:                   0000000000000000
        X[19]:                   0000000000000000
        X[20]:                   0000000000000000
        X[21]:                   0000000000000000
        X[22]:                   0000000000000000
        X[23]:                   0000000000000000
        X[24]:                   0000000000000000
        X[25]:                   0000000000000000
        X[26]:                   0000000000000000
        X[27]:                   0000000000000000
        X[28]:                   0000000000000000
        FP:                      00000006fa1c0ea0
        LR:                      00000052622e39e8 (nnSdk + 0x969e8) (_ZN2nn2os6detail38InternalConditionVariableImplByHorizon4WaitEPNS1_23InternalCriticalSectionE + 0x30)
        SP:                      00000006fa1c0e80
        PC:                      00000052622fe56c (nnSdk + 0xb156c)
    Stack Trace:
        ReturnAddress[00]:       00000052622da060 (nnSdk + 0x8d060) (_ZN2nn2os21WaitConditionVariableEPNS0_21ConditionVariableTypeEPNS0_9MutexTypeE + 0x44)
        ReturnAddress[01]:       0000005261d6cddc (multimedia + 0x205ddc) (_ZN7android3OMX18CallbackDispatcher4loopEv + 0x4c)
        ReturnAddress[02]:       0000005261d6ce7c (multimedia + 0x205e7c) (_ZN7android3OMX24CallbackDispatcherThread10threadLoopEv + 0x10)
        ReturnAddress[03]:       0000005261e033c4 (multimedia + 0x29c3c4) (_ZN7android8SfThread11_threadLoopEPv + 0x15c)
        ReturnAddress[04]:       00000052622deb48 (nnSdk + 0x91b48)
        ReturnAddress[05]:       00000052622e2b24 (nnSdk + 0x95b24)
        ReturnAddress[06]:       0000000000000000
    Stack Dump:                               00 01 02 03 04 05 06 07 08 09 0a 0b 0c 0d 0e 0f
                                 0006fa1c0e80 90 1b a7 3f 3a 00 00 00 f0 72 a1 3f 3a 00 00 00
                                 0006fa1c0e90 e0 72 a1 3f 3a 00 00 00 f0 72 a1 3f 3a 00 00 00
                                 0006fa1c0ea0 c0 0e 1c fa 06 00 00 00 60 a0 2d 62 52 00 00 00
                                 0006fa1c0eb0 f0 72 a1 3f 3a 00 00 00 f0 72 a1 3f 3a 00 00 00
                                 0006fa1c0ec0 10 0f 1c fa 06 00 00 00 dc cd d6 61 52 00 00 00
                                 0006fa1c0ed0 c8 0f 1c fa 06 00 00 00 00 00 00 00 00 00 00 00
                                 0006fa1c0ee0 00 00 00 00 00 00 00 00 00 00 00 00 00 00 00 00
                                 0006fa1c0ef0 58 1b a7 3f 3a 00 00 00 00 00 00 00 00 00 00 00
                                 0006fa1c0f00 38 0f 1c fa 06 00 00 00 40 1b a7 3f 3a 00 00 00
                                 0006fa1c0f10 20 0f 1c fa 06 00 00 00 7c ce d6 61 52 00 00 00
                                 0006fa1c0f20 70 0f 1c fa 06 00 00 00 c4 33 e0 61 52 00 00 00
                                 0006fa1c0f30 00 00 00 00 00 00 00 00 40 1b a7 3f 3a 00 00 00
                                 0006fa1c0f40 80 ce b4 3f 3a 00 00 00 40 1b a7 3f 3a 00 00 00
                                 0006fa1c0f50 00 00 00 00 00 00 00 00 44 1d a7 3f 3a 00 00 00
                                 0006fa1c0f60 40 1d a7 3f 3a 00 00 00 90 1b a7 3f 3a 00 00 00
                                 0006fa1c0f70 a0 0f 1c fa 06 00 00 00 48 eb 2d 62 52 00 00 00
    TLS Address:                 000000258ef53e00
    TLS Dump:                                 00 01 02 03 04 05 06 07 08 09 0a 0b 0c 0d 0e 0f
                                 00258ef53e00 00 00 00 00 00 00 00 00 00 00 00 00 00 00 00 00
                                 00258ef53e10 00 00 00 00 00 00 00 00 00 00 00 00 00 00 00 00
                                 00258ef53e20 00 00 00 00 00 00 00 00 00 00 00 00 00 00 00 00
                                 00258ef53e30 00 00 00 00 00 00 00 00 00 00 00 00 00 00 00 00
                                 00258ef53e40 00 00 00 00 00 00 00 00 00 00 00 00 00 00 00 00
                                 00258ef53e50 00 00 00 00 00 00 00 00 00 00 00 00 00 00 00 00
                                 00258ef53e60 00 00 00 00 00 00 00 00 00 00 00 00 00 00 00 00
                                 00258ef53e70 00 00 00 00 00 00 00 00 00 00 00 00 00 00 00 00
                                 00258ef53e80 00 00 00 00 00 00 00 00 00 00 00 00 00 00 00 00
                                 00258ef53e90 00 00 00 00 00 00 00 00 00 00 00 00 00 00 00 00
                                 00258ef53ea0 00 00 00 00 00 00 00 00 00 00 00 00 00 00 00 00
                                 00258ef53eb0 00 00 00 00 00 00 00 00 00 00 00 00 00 00 00 00
                                 00258ef53ec0 00 00 00 00 00 00 00 00 00 00 00 00 00 00 00 00
                                 00258ef53ed0 00 00 00 00 00 00 00 00 00 00 00 00 00 00 00 00
                                 00258ef53ee0 00 00 00 00 00 00 00 00 00 00 00 00 00 00 00 00
                                 00258ef53ef0 00 00 00 00 00 00 00 00 00 00 00 00 00 00 00 00
